policy,trial_id,relation_type,criterion,severity,noise,recovery_regret,cost_regret,harm_regret,total_regret,recovered,utility,oracle_utility
qrtc,development:401:FG+FW:strict_masking:0.25:0.00:0:qrtc,strict_masking,pi_1,0.25,0.0,0.0,0.0,0.0,0.0,True,0.6499999999999999,0.6499999999999999
random,development:401:FG+FW:strict_masking:0.25:0.00:0:random,strict_masking,pi_1,0.25,0.0,0.0,0.0,1.0,1.0999999999999999,False,-0.45,0.6499999999999999
cheapest_first,development:401:FG+FW:strict_masking:0.25:0.00:0:cheapest_first,strict_masking,pi_1,0.25,0.0,0.0,0.0,1.0,0.95,False,-0.3,0.6499999999999999
highest_stage_posterior,development:401:FG+FW:strict_masking:0.25:0.00:0:highest_stage_posterior,strict_masking,pi_1,0.25,0.0,0.0,0.0,1.0,1.15,False,-0.5,0.6499999999999999
greedy_gain,development:401:FG+FW:strict_masking:0.25:0.00:0:greedy_gain,strict_masking,pi_1,0.25,0.0,0.0,0.0,0.0,0.0,True,0.6499999999999999,0.6499999999999999
end_to_end,development:401:FG+FW:strict_masking:0.25:0.00:0:end_to_end,strict_masking,pi_1,0.25,0.0,0.0,0.0,1.0,0.9999999999999999,False,-0.35,0.6499999999999999
oracle,development:401:FG+FW:strict_masking:0.25:0.00:0:oracle,strict_masking,pi_1,0.25,0.0,0.0,0.0,0.0,0.0,True,0.6499999999999999,0.6499999999999999
qrtc,development:401:FG+FW:strict_masking:0.25:0.05:0:qrtc,strict_masking,pi_1,0.25,0.05,0.0,0.0,0.0,0.0,True,0.6499999999999999,0.6499999999999999
random,development:401:FG+FW:strict_masking:0.25:0.05:0:random,strict_masking,pi_1,0.25,0.05,0.0,0.0,1.0,0.9999999999999999,False,-0.35,0.6499999999999999
cheapest_first,development:401:FG+FW:strict_masking:0.25:0.05:0:cheapest_first,strict_masking,pi_1,0.25,0.05,0.0,0.0,1.0,0.95,False,-0.3,0.6499999999999999
highest_stage_posterior,development:401:FG+FW:strict_masking:0.25:0.05:0:highest_stage_posterior,strict_masking,pi_1,0.25,0.05,0.0,0.0,1.0,1.15,False,-0.5,0.6499999999999999
greedy_gain,development:401:FG+FW:strict_masking:0.25:0.05:0:greedy_gain,strict_masking,pi_1,0.25,0.05,0.0,0.0,0.0,0.0,True,0.6499999999999999,0.6499999999999999
end_to_end,development:401:FG+FW:strict_masking:0.25:0.05:0:end_to_end,strict_masking,pi_1,0.25,0.05,0.0,0.0,1.0,0.9999999999999999,False,-0.35,0.6499999999999999
oracle,development:401:FG+FW:strict_masking:0.25:0.05:0:oracle,strict_masking,pi_1,0.25,0.05,0.0,0.0,0.0,0.0,True,0.6499999999999999,0.6499999999999999
qrtc,development:401:FG+FW:strict_masking:0.25:0.10:0:qrtc,strict_masking,pi_1,0.25,0.1,0.0,0.0,0.0,0.0,True,0.6499999999999999,0.6499999999999999
random,development:401:FG+FW:strict_masking:0.25:0.10:0:random,strict_masking,pi_1,0.25,0.1,0.0,0.0,1.0,1.0999999999999999,False,-0.45,0.6499999999999999
cheapest_first,development:401:FG+FW:strict_masking:0.25:0.10:0:cheapest_first,strict_masking,pi_1,0.25,0.1,0.0,0.0,1.0,0.95,False,-0.3,0.6499999999999999
highest_stage_posterior,development:401:FG+FW:strict_masking:0.25:0.10:0:highest_stage_posterior,strict_masking,pi_1,0.25,0.1,0.0,0.0,1.0,1.15,False,-0.5,0.6499999999999999
greedy_gain,development:401:FG+FW:strict_masking:0.25:0.10:0:greedy_gain,strict_masking,pi_1,0.25,0.1,0.0,0.0,0.0,0.0,True,0.6499999999999999,0.6499999999999999
end_to_end,development:401:FG+FW:strict_masking:0.25:0.10:0:end_to_end,strict_masking,pi_1,0.25,0.1,0.0,0.0,1.0,0.9999999999999999,False,-0.35,0.6499999999999999
oracle,development:401:FG+FW:strict_masking:0.25:0.10:0:oracle,strict_masking,pi_1,0.25,0.1,0.0,0.0,0.0,0.0,True,0.6499999999999999,0.6499999999999999
qrtc,development:401:FG+FW:strict_masking:0.25:0.20:0:qrtc,strict_masking,pi_1,0.25,0.2,0.0,0.0,0.0,0.0,True,0.6499999999999999,0.6499999999999999
random,development:401:FG+FW:strict_masking:0.25:0.20:0:random,strict_masking,pi_1,0.25,0.2,0.0,0.0,1.0,1.0999999999999999,False,-0.45,0.6499999999999999
cheapest_first,development:401:FG+FW:strict_masking:0.25:0.20:0:cheapest_first,strict_masking,pi_1,0.25,0.2,0.0,0.0,1.0,0.95,False,-0.3,0.6499999999999999
highest_stage_posterior,development:401:FG+FW:strict_masking:0.25:0.20:0:highest_stage_posterior,strict_masking,pi_1,0.25,0.2,0.0,0.0,1.0,1.15,False,-0.5,0.6499999999999999
greedy_gain,development:401:FG+FW:strict_masking:0.25:0.20:0:greedy_gain,strict_masking,pi_1,0.25,0.2,0.0,0.0,0.0,0.0,True,0.6499999999999999,0.6499999999999999
end_to_end,development:401:FG+FW:strict_masking:0.25:0.20:0:end_to_end,strict_masking,pi_1,0.25,0.2,0.0,0.0,1.0,0.9999999999999999,False,-0.35,0.6499999999999999
oracle,development:401:FG+FW:strict_masking:0.25:0.20:0:oracle,strict_masking,pi_1,0.25,0.2,0.0,0.0,0.0,0.0,True,0.6499999999999999,0.6499999999999999
qrtc,development:401:FG+FW:strict_masking:0.50:0.00:0:qrtc,strict_masking,pi_1,0.5,0.0,0.0,0.0,0.0,0.0,True,0.6499999999999999,0.6499999999999999
random,development:401:FG+FW:strict_masking:0.50:0.00:0:random,strict_masking,pi_1,0.5,0.0,0.0,0.0,1.0,1.15,False,-0.5,0.6499999999999999
cheapest_first,development:401:FG+FW:strict_masking:0.50:0.00:0:cheapest_first,strict_masking,pi_1,0.5,0.0,0.0,0.0,1.0,0.95,False,-0.3,0.6499999999999999
highest_stage_posterior,development:401:FG+FW:strict_masking:0.50:0.00:0:highest_stage_posterior,strict_masking,pi_1,0.5,0.0,0.0,0.0,1.0,1.15,False,-0.5,0.6499999999999999
greedy_gain,development:401:FG+FW:strict_masking:0.50:0.00:0:greedy_gain,strict_masking,pi_1,0.5,0.0,0.0,0.0,0.0,0.0,True,0.6499999999999999,0.6499999999999999
end_to_end,development:401:FG+FW:strict_masking:0.50:0.00:0:end_to_end,strict_masking,pi_1,0.5,0.0,0.0,0.0,1.0,0.9999999999999999,False,-0.35,0.6499999999999999
oracle,development:401:FG+FW:strict_masking:0.50:0.00:0:oracle,strict_masking,pi_1,0.5,0.0,0.0,0.0,0.0,0.0,True,0.6499999999999999,0.6499999999999999
qrtc,development:401:FG+FW:strict_masking:0.50:0.05:0:qrtc,strict_masking,pi_1,0.5,0.05,0.0,0.0,0.0,0.0,True,0.6499999999999999,0.6499999999999999
random,development:401:FG+FW:strict_masking:0.50:0.05:0:random,strict_masking,pi_1,0.5,0.05,0.0,0.0,1.0,0.95,False,-0.3,0.6499999999999999
cheapest_first,development:401:FG+FW:strict_masking:0.50:0.05:0:cheapest_first,strict_masking,pi_1,0.5,0.05,0.0,0.0,1.0,0.95,False,-0.3,0.6499999999999999
highest_stage_posterior,development:401:FG+FW:strict_masking:0.50:0.05:0:highest_stage_posterior,strict_masking,pi_1,0.5,0.05,0.0,0.0,1.0,1.15,False,-0.5,0.6499999999999999
greedy_gain,development:401:FG+FW:strict_masking:0.50:0.05:0:greedy_gain,strict_masking,pi_1,0.5,0.05,0.0,0.0,0.0,0.0,True,0.6499999999999999,0.6499999999999999
end_to_end,development:401:FG+FW:strict_masking:0.50:0.05:0:end_to_end,strict_masking,pi_1,0.5,0.05,0.0,0.0,1.0,0.9999999999999999,False,-0.35,0.6499999999999999
oracle,development:401:FG+FW:strict_masking:0.50:0.05:0:oracle,strict_masking,pi_1,0.5,0.05,0.0,0.0,0.0,0.0,True,0.6499999999999999,0.6499999999999999
qrtc,development:401:FG+FW:strict_masking:0.50:0.10:0:qrtc,strict_masking,pi_1,0.5,0.1,0.0,0.0,0.0,0.0,True,0.6499999999999999,0.6499999999999999
random,development:401:FG+FW:strict_masking:0.50:0.10:0:random,strict_masking,pi_1,0.5,0.1,0.0,0.0,1.0,1.0499999999999998,False,-0.4,0.6499999999999999
cheapest_first,development:401:FG+FW:strict_masking:0.50:0.10:0:cheapest_first,strict_masking,pi_1,0.5,0.1,0.0,0.0,1.0,0.95,False,-0.3,0.6499999999999999
highest_stage_posterior,development:401:FG+FW:strict_masking:0.50:0.10:0:highest_stage_posterior,strict_masking,pi_1,0.5,0.1,0.0,0.0,1.0,1.15,False,-0.5,0.6499999999999999
greedy_gain,development:401:FG+FW:strict_masking:0.50:0.10:0:greedy_gain,strict_masking,pi_1,0.5,0.1,0.0,0.0,0.0,0.0,True,0.6499999999999999,0.6499999999999999
end_to_end,development:401:FG+FW:strict_masking:0.50:0.10:0:end_to_end,strict_masking,pi_1,0.5,0.1,0.0,0.0,1.0,0.9999999999999999,False,-0.35,0.6499999999999999
oracle,development:401:FG+FW:strict_masking:0.50:0.10:0:oracle,strict_masking,pi_1,0.5,0.1,0.0,0.0,0.0,0.0,True,0.6499999999999999,0.6499999999999999
qrtc,development:401:FG+FW:strict_masking:0.50:0.20:0:qrtc,strict_masking,pi_1,0.5,0.2,0.0,0.0,0.0,0.0,True,0.6499999999999999,0.6499999999999999
random,development:401:FG+FW:strict_masking:0.50:0.20:0:random,strict_masking,pi_1,0.5,0.2,0.0,0.0,1.0,1.15,False,-0.5,0.6499999999999999
cheapest_first,development:401:FG+FW:strict_masking:0.50:0.20:0:cheapest_first,strict_masking,pi_1,0.5,0.2,0.0,0.0,1.0,0.95,False,-0.3,0.6499999999999999
highest_stage_posterior,development:401:FG+FW:strict_masking:0.50:0.20:0:highest_stage_posterior,strict_masking,pi_1,0.5,0.2,0.0,0.0,1.0,1.15,False,-0.5,0.6499999999999999
greedy_gain,development:401:FG+FW:strict_masking:0.50:0.20:0:greedy_gain,strict_masking,pi_1,0.5,0.2,0.0,0.0,0.0,0.0,True,0.6499999999999999,0.6499999999999999
end_to_end,development:401:FG+FW:strict_masking:0.50:0.20:0:end_to_end,strict_masking,pi_1,0.5,0.2,0.0,0.0,1.0,0.9999999999999999,False,-0.35,0.6499999999999999
oracle,development:401:FG+FW:strict_masking:0.50:0.20:0:oracle,strict_masking,pi_1,0.5,0.2,0.0,0.0,0.0,0.0,True,0.6499999999999999,0.6499999999999999
qrtc,development:401:FG+FW:strict_masking:0.75:0.00:0:qrtc,strict_masking,pi_1,0.75,0.0,0.0,0.0,0.0,0.0,True,0.6499999999999999,0.6499999999999999
random,development:401:FG+FW:strict_masking:0.75:0.00:0:random,strict_masking,pi_1,0.75,0.0,0.0,0.0,1.0,0.9999999999999999,False,-0.35,0.6499999999999999
cheapest_first,development:401:FG+FW:strict_masking:0.75:0.00:0:cheapest_first,strict_masking,pi_1,0.75,0.0,0.0,0.0,1.0,0.95,False,-0.3,0.6499999999999999
highest_stage_posterior,development:401:FG+FW:strict_masking:0.75:0.00:0:highest_stage_posterior,strict_masking,pi_1,0.75,0.0,0.0,0.0,1.0,1.15,False,-0.5,0.6499999999999999
greedy_gain,development:401:FG+FW:strict_masking:0.75:0.00:0:greedy_gain,strict_masking,pi_1,0.75,0.0,0.0,0.0,0.0,0.0,True,0.6499999999999999,0.6499999999999999
end_to_end,development:401:FG+FW:strict_masking:0.75:0.00:0:end_to_end,strict_masking,pi_1,0.75,0.0,0.0,0.0,1.0,0.9999999999999999,False,-0.35,0.6499999999999999
oracle,development:401:FG+FW:strict_masking:0.75:0.00:0:oracle,strict_masking,pi_1,0.75,0.0,0.0,0.0,0.0,0.0,True,0.6499999999999999,0.6499999999999999
qrtc,development:401:FG+FW:strict_masking:0.75:0.05:0:qrtc,strict_masking,pi_1,0.75,0.05,0.0,0.0,0.0,0.0,True,0.6499999999999999,0.6499999999999999
random,development:401:FG+FW:strict_masking:0.75:0.05:0:random,strict_masking,pi_1,0.75,0.05,0.0,0.0,1.0,1.0999999999999999,False,-0.45,0.6499999999999999
cheapest_first,development:401:FG+FW:strict_masking:0.75:0.05:0:cheapest_first,strict_masking,pi_1,0.75,0.05,0.0,0.0,1.0,0.95,False,-0.3,0.6499999999999999
highest_stage_posterior,development:401:FG+FW:strict_masking:0.75:0.05:0:highest_stage_posterior,strict_masking,pi_1,0.75,0.05,0.0,0.0,1.0,1.15,False,-0.5,0.6499999999999999
greedy_gain,development:401:FG+FW:strict_masking:0.75:0.05:0:greedy_gain,strict_masking,pi_1,0.75,0.05,0.0,0.0,0.0,0.0,True,0.6499999999999999,0.6499999999999999
end_to_end,development:401:FG+FW:strict_masking:0.75:0.05:0:end_to_end,strict_masking,pi_1,0.75,0.05,0.0,0.0,1.0,0.9999999999999999,False,-0.35,0.6499999999999999
oracle,development:401:FG+FW:strict_masking:0.75:0.05:0:oracle,strict_masking,pi_1,0.75,0.05,0.0,0.0,0.0,0.0,True,0.6499999999999999,0.6499999999999999
qrtc,development:401:FG+FW:strict_masking:0.75:0.10:0:qrtc,strict_masking,pi_1,0.75,0.1,0.0,0.0,0.0,0.0,True,0.6499999999999999,0.6499999999999999
random,development:401:FG+FW:strict_masking:0.75:0.10:0:random,strict_masking,pi_1,0.75,0.1,0.0,0.0,1.0,0.95,False,-0.3,0.6499999999999999
cheapest_first,development:401:FG+FW:strict_masking:0.75:0.10:0:cheapest_first,strict_masking,pi_1,0.75,0.1,0.0,0.0,1.0,0.95,False,-0.3,0.6499999999999999
highest_stage_posterior,development:401:FG+FW:strict_masking:0.75:0.10:0:highest_stage_posterior,strict_masking,pi_1,0.75,0.1,0.0,0.0,1.0,1.15,False,-0.5,0.6499999999999999
greedy_gain,development:401:FG+FW:strict_masking:0.75:0.10:0:greedy_gain,strict_masking,pi_1,0.75,0.1,0.0,0.0,0.0,0.0,True,0.6499999999999999,0.6499999999999999
end_to_end,development:401:FG+FW:strict_masking:0.75:0.10:0:end_to_end,strict_masking,pi_1,0.75,0.1,0.0,0.0,1.0,0.9999999999999999,False,-0.35,0.6499999999999999
oracle,development:401:FG+FW:strict_masking:0.75:0.10:0:oracle,strict_masking,pi_1,0.75,0.1,0.0,0.0,0.0,0.0,True,0.6499999999999999,0.6499999999999999
qrtc,development:401:FG+FW:strict_masking:0.75:0.20:0:qrtc,strict_masking,pi_1,0.75,0.2,0.0,0.0,0.0,0.0,True,0.6499999999999999,0.6499999999999999
random,development:401:FG+FW:strict_masking:0.75:0.20:0:random,strict_masking,pi_1,0.75,0.2,0.0,0.0,1.0,1.15,False,-0.5,0.6499999999999999
cheapest_first,development:401:FG+FW:strict_masking:0.75:0.20:0:cheapest_first,strict_masking,pi_1,0.75,0.2,0.0,0.0,1.0,0.95,False,-0.3,0.6499999999999999
highest_stage_posterior,development:401:FG+FW:strict_masking:0.75:0.20:0:highest_stage_posterior,strict_masking,pi_1,0.75,0.2,0.0,0.0,1.0,1.15,False,-0.5,0.6499999999999999
greedy_gain,development:401:FG+FW:strict_masking:0.75:0.20:0:greedy_gain,strict_masking,pi_1,0.75,0.2,0.0,0.0,0.0,0.0,True,0.6499999999999999,0.6499999999999999
end_to_end,development:401:FG+FW:strict_masking:0.75:0.20:0:end_to_end,strict_masking,pi_1,0.75,0.2,0.0,0.0,1.0,0.9999999999999999,False,-0.35,0.6499999999999999
oracle,development:401:FG+FW:strict_masking:0.75:0.20:0:oracle,strict_masking,pi_1,0.75,0.2,0.0,0.0,0.0,0.0,True,0.6499999999999999,0.6499999999999999
qrtc,development:401:FG+FW:strict_masking:1.00:0.00:0:qrtc,strict_masking,pi_1,1.0,0.0,0.0,0.0,0.0,0.0,True,0.6499999999999999,0.6499999999999999
random,development:401:FG+FW:strict_masking:1.00:0.00:0:random,strict_masking,pi_1,1.0,0.0,0.0,0.0,1.0,0.95,False,-0.3,0.6499999999999999
cheapest_first,development:401:FG+FW:strict_masking:1.00:0.00:0:cheapest_first,strict_masking,pi_1,1.0,0.0,0.0,0.0,1.0,0.95,False,-0.3,0.6499999999999999
highest_stage_posterior,development:401:FG+FW:strict_masking:1.00:0.00:0:highest_stage_posterior,strict_masking,pi_1,1.0,0.0,0.0,0.0,1.0,1.15,False,-0.5,0.6499999999999999
greedy_gain,development:401:FG+FW:strict_masking:1.00:0.00:0:greedy_gain,strict_masking,pi_1,1.0,0.0,0.0,0.0,0.0,0.0,True,0.6499999999999999,0.6499999999999999
end_to_end,development:401:FG+FW:strict_masking:1.00:0.00:0:end_to_end,strict_masking,pi_1,1.0,0.0,0.0,0.0,1.0,0.9999999999999999,False,-0.35,0.6499999999999999
oracle,development:401:FG+FW:strict_masking:1.00:0.00:0:oracle,strict_masking,pi_1,1.0,0.0,0.0,0.0,0.0,0.0,True,0.6499999999999999,0.6499999999999999
qrtc,development:401:FG+FW:strict_masking:1.00:0.05:0:qrtc,strict_masking,pi_1,1.0,0.05,0.0,0.0,0.0,0.0,True,0.6499999999999999,0.6499999999999999
random,development:401:FG+FW:strict_masking:1.00:0.05:0:random,strict_masking,pi_1,1.0,0.05,0.0,0.0,1.0,1.0499999999999998,False,-0.4,0.6499999999999999
cheapest_first,development:401:FG+FW:strict_masking:1.00:0.05:0:cheapest_first,strict_masking,pi_1,1.0,0.05,0.0,0.0,1.0,0.95,False,-0.3,0.6499999999999999
highest_stage_posterior,development:401:FG+FW:strict_masking:1.00:0.05:0:highest_stage_posterior,strict_masking,pi_1,1.0,0.05,0.0,0.0,1.0,1.15,False,-0.5,0.6499999999999999
greedy_gain,development:401:FG+FW:strict_masking:1.00:0.05:0:greedy_gain,strict_masking,pi_1,1.0,0.05,0.0,0.0,0.0,0.0,True,0.6499999999999999,0.6499999999999999
end_to_end,development:401:FG+FW:strict_masking:1.00:0.05:0:end_to_end,strict_masking,pi_1,1.0,0.05,0.0,0.0,1.0,0.9999999999999999,False,-0.35,0.6499999999999999
oracle,development:401:FG+FW:strict_masking:1.00:0.05:0:oracle,strict_masking,pi_1,1.0,0.05,0.0,0.0,0.0,0.0,True,0.6499999999999999,0.6499999999999999
qrtc,development:401:FG+FW:strict_masking:1.00:0.10:0:qrtc,strict_masking,pi_1,1.0,0.1,0.0,0.0,0.0,0.0,True,0.6499999999999999,0.6499999999999999
random,development:401:FG+FW:strict_masking:1.00:0.10:0:random,strict_masking,pi_1,1.0,0.1,0.0,0.0,1.0,1.0999999999999999,False,-0.45,0.6499999999999999
cheapest_first,development:401:FG+FW:strict_masking:1.00:0.10:0:cheapest_first,strict_masking,pi_1,1.0,0.1,0.0,0.0,1.0,0.95,False,-0.3,0.6499999999999999
highest_stage_posterior,development:401:FG+FW:strict_masking:1.00:0.10:0:highest_stage_posterior,strict_masking,pi_1,1.0,0.1,0.0,0.0,1.0,1.15,False,-0.5,0.6499999999999999
greedy_gain,development:401:FG+FW:strict_masking:1.00:0.10:0:greedy_gain,strict_masking,pi_1,1.0,0.1,0.0,0.0,0.0,0.0,True,0.6499999999999999,0.6499999999999999
end_to_end,development:401:FG+FW:strict_masking:1.00:0.10:0:end_to_end,strict_masking,pi_1,1.0,0.1,0.0,0.0,1.0,0.9999999999999999,False,-0.35,0.6499999999999999
oracle,development:401:FG+FW:strict_masking:1.00:0.10:0:oracle,strict_masking,pi_1,1.0,0.1,0.0,0.0,0.0,0.0,True,0.6499999999999999,0.6499999999999999
qrtc,development:401:FG+FW:strict_masking:1.00:0.20:0:qrtc,strict_masking,pi_1,1.0,0.2,0.0,0.0,0.0,0.0,True,0.6499999999999999,0.6499999999999999
random,development:401:FG+FW:strict_masking:1.00:0.20:0:random,strict_masking,pi_1,1.0,0.2,0.0,0.0,1.0,0.95,False,-0.3,0.6499999999999999
cheapest_first,development:401:FG+FW:strict_masking:1.00:0.20:0:cheapest_first,strict_masking,pi_1,1.0,0.2,0.0,0.0,1.0,0.95,False,-0.3,0.6499999999999999
highest_stage_posterior,development:401:FG+FW:strict_masking:1.00:0.20:0:highest_stage_posterior,strict_masking,pi_1,1.0,0.2,0.0,0.0,1.0,1.15,False,-0.5,0.6499999999999999
greedy_gain,development:401:FG+FW:strict_masking:1.00:0.20:0:greedy_gain,strict_masking,pi_1,1.0,0.2,0.0,0.0,0.0,0.0,True,0.6499999999999999,0.6499999999999999
end_to_end,development:401:FG+FW:strict_masking:1.00:0.20:0:end_to_end,strict_masking,pi_1,1.0,0.2,0.0,0.0,1.0,0.9999999999999999,False,-0.35,0.6499999999999999
oracle,development:401:FG+FW:strict_masking:1.00:0.20:0:oracle,strict_masking,pi_1,1.0,0.2,0.0,0.0,0.0,0.0,True,0.6499999999999999,0.6499999999999999
qrtc,development:401:FG+FW:soft_masking:0.25:0.00:0:qrtc,soft_masking,pi_1,0.25,0.0,0.0,0.0,0.0,0.2500000000000001,True,0.6499999999999999,0.9
random,development:401:FG+FW:soft_masking:0.25:0.00:0:random,soft_masking,pi_1,0.25,0.0,0.0,0.0,1.0,1.35,False,-0.45,0.9
cheapest_first,development:401:FG+FW:soft_masking:0.25:0.00:0:cheapest_first,soft_masking,pi_1,0.25,0.0,0.0,0.0,1.0,1.2,False,-0.3,0.9
highest_stage_posterior,development:401:FG+FW:soft_masking:0.25:0.00:0:highest_stage_posterior,soft_masking,pi_1,0.25,0.0,0.0,0.0,0.0,0.15000000000000002,True,0.75,0.9
greedy_gain,development:401:FG+FW:soft_masking:0.25:0.00:0:greedy_gain,soft_masking,pi_1,0.25,0.0,0.0,0.0,0.0,0.15000000000000002,True,0.75,0.9
end_to_end,development:401:FG+FW:soft_masking:0.25:0.00:0:end_to_end,soft_masking,pi_1,0.25,0.0,0.0,0.0,0.0,0.15000000000000002,True,0.75,0.9
oracle,development:401:FG+FW:soft_masking:0.25:0.00:0:oracle,soft_masking,pi_1,0.25,0.0,0.0,0.0,0.0,0.0,True,0.9,0.9
qrtc,development:401:FG+FW:soft_masking:0.25:0.05:0:qrtc,soft_masking,pi_1,0.25,0.05,0.0,0.0,0.0,0.2500000000000001,True,0.6499999999999999,0.9
random,development:401:FG+FW:soft_masking:0.25:0.05:0:random,soft_masking,pi_1,0.25,0.05,0.0,0.0,0.0,0.0,True,0.9,0.9
cheapest_first,development:401:FG+FW:soft_masking:0.25:0.05:0:cheapest_first,soft_masking,pi_1,0.25,0.05,0.0,0.0,1.0,1.2,False,-0.3,0.9
highest_stage_posterior,development:401:FG+FW:soft_masking:0.25:0.05:0:highest_stage_posterior,soft_masking,pi_1,0.25,0.05,0.0,0.0,0.0,0.15000000000000002,True,0.75,0.9
greedy_gain,development:401:FG+FW:soft_masking:0.25:0.05:0:greedy_gain,soft_masking,pi_1,0.25,0.05,0.0,0.0,0.0,0.15000000000000002,True,0.75,0.9
end_to_end,development:401:FG+FW:soft_masking:0.25:0.05:0:end_to_end,soft_masking,pi_1,0.25,0.05,0.0,0.0,0.0,0.15000000000000002,True,0.75,0.9
oracle,development:401:FG+FW:soft_masking:0.25:0.05:0:oracle,soft_masking,pi_1,0.25,0.05,0.0,0.0,0.0,0.0,True,0.9,0.9
qrtc,development:401:FG+FW:soft_masking:0.25:0.10:0:qrtc,soft_masking,pi_1,0.25,0.1,0.0,0.0,0.0,0.2500000000000001,True,0.6499999999999999,0.9
random,development:401:FG+FW:soft_masking:0.25:0.10:0:random,soft_masking,pi_1,0.25,0.1,0.0,0.0,1.0,1.35,False,-0.45,0.9
cheapest_first,development:401:FG+FW:soft_masking:0.25:0.10:0:cheapest_first,soft_masking,pi_1,0.25,0.1,0.0,0.0,1.0,1.2,False,-0.3,0.9
highest_stage_posterior,development:401:FG+FW:soft_masking:0.25:0.10:0:highest_stage_posterior,soft_masking,pi_1,0.25,0.1,0.0,0.0,0.0,0.15000000000000002,True,0.75,0.9
greedy_gain,development:401:FG+FW:soft_masking:0.25:0.10:0:greedy_gain,soft_masking,pi_1,0.25,0.1,0.0,0.0,0.0,0.15000000000000002,True,0.75,0.9
end_to_end,development:401:FG+FW:soft_masking:0.25:0.10:0:end_to_end,soft_masking,pi_1,0.25,0.1,0.0,0.0,0.0,0.15000000000000002,True,0.75,0.9
oracle,development:401:FG+FW:soft_masking:0.25:0.10:0:oracle,soft_masking,pi_1,0.25,0.1,0.0,0.0,0.0,0.0,True,0.9,0.9
qrtc,development:401:FG+FW:soft_masking:0.25:0.20:0:qrtc,soft_masking,pi_1,0.25,0.2,0.0,0.0,0.0,0.2500000000000001,True,0.6499999999999999,0.9
random,development:401:FG+FW:soft_masking:0.25:0.20:0:random,soft_masking,pi_1,0.25,0.2,0.0,0.0,1.0,1.35,False,-0.45,0.9
cheapest_first,development:401:FG+FW:soft_masking:0.25:0.20:0:cheapest_first,soft_masking,pi_1,0.25,0.2,0.0,0.0,1.0,1.2,False,-0.3,0.9
highest_stage_posterior,development:401:FG+FW:soft_masking:0.25:0.20:0:highest_stage_posterior,soft_masking,pi_1,0.25,0.2,0.0,0.0,0.0,0.15000000000000002,True,0.75,0.9
greedy_gain,development:401:FG+FW:soft_masking:0.25:0.20:0:greedy_gain,soft_masking,pi_1,0.25,0.2,0.0,0.0,0.0,0.15000000000000002,True,0.75,0.9
end_to_end,development:401:FG+FW:soft_masking:0.25:0.20:0:end_to_end,soft_masking,pi_1,0.25,0.2,0.0,0.0,0.0,0.15000000000000002,True,0.75,0.9
oracle,development:401:FG+FW:soft_masking:0.25:0.20:0:oracle,soft_masking,pi_1,0.25,0.2,0.0,0.0,0.0,0.0,True,0.9,0.9
qrtc,development:401:FG+FW:soft_masking:0.50:0.00:0:qrtc,soft_masking,pi_1,0.5,0.0,0.0,0.0,0.0,0.2500000000000001,True,0.6499999999999999,0.9
random,development:401:FG+FW:soft_masking:0.50:0.00:0:random,soft_masking,pi_1,0.5,0.0,0.0,0.0,0.0,0.15000000000000002,True,0.75,0.9
cheapest_first,development:401:FG+FW:soft_masking:0.50:0.00:0:cheapest_first,soft_masking,pi_1,0.5,0.0,0.0,0.0,1.0,1.2,False,-0.3,0.9
highest_stage_posterior,development:401:FG+FW:soft_masking:0.50:0.00:0:highest_stage_posterior,soft_masking,pi_1,0.5,0.0,0.0,0.0,0.0,0.15000000000000002,True,0.75,0.9
greedy_gain,development:401:FG+FW:soft_masking:0.50:0.00:0:greedy_gain,soft_masking,pi_1,0.5,0.0,0.0,0.0,0.0,0.15000000000000002,True,0.75,0.9
end_to_end,development:401:FG+FW:soft_masking:0.50:0.00:0:end_to_end,soft_masking,pi_1,0.5,0.0,0.0,0.0,0.0,0.15000000000000002,True,0.75,0.9
oracle,development:401:FG+FW:soft_masking:0.50:0.00:0:oracle,soft_masking,pi_1,0.5,0.0,0.0,0.0,0.0,0.0,True,0.9,0.9
qrtc,development:401:FG+FW:soft_masking:0.50:0.05:0:qrtc,soft_masking,pi_1,0.5,0.05,0.0,0.0,0.0,0.2500000000000001,True,0.6499999999999999,0.9
random,development:401:FG+FW:soft_masking:0.50:0.05:0:random,soft_masking,pi_1,0.5,0.05,0.0,0.0,1.0,1.2,False,-0.3,0.9
cheapest_first,development:401:FG+FW:soft_masking:0.50:0.05:0:cheapest_first,soft_masking,pi_1,0.5,0.05,0.0,0.0,1.0,1.2,False,-0.3,0.9
highest_stage_posterior,development:401:FG+FW:soft_masking:0.50:0.05:0:highest_stage_posterior,soft_masking,pi_1,0.5,0.05,0.0,0.0,0.0,0.15000000000000002,True,0.75,0.9
greedy_gain,development:401:FG+FW:soft_masking:0.50:0.05:0:greedy_gain,soft_masking,pi_1,0.5,0.05,0.0,0.0,0.0,0.15000000000000002,True,0.75,0.9
end_to_end,development:401:FG+FW:soft_masking:0.50:0.05:0:end_to_end,soft_masking,pi_1,0.5,0.05,0.0,0.0,0.0,0.15000000000000002,True,0.75,0.9
oracle,development:401:FG+FW:soft_masking:0.50:0.05:0:oracle,soft_masking,pi_1,0.5,0.05,0.0,0.0,0.0,0.0,True,0.9,0.9
qrtc,development:401:FG+FW:soft_masking:0.50:0.10:0:qrtc,soft_masking,pi_1,0.5,0.1,0.0,0.0,0.0,0.2500000000000001,True,0.6499999999999999,0.9
random,development:401:FG+FW:soft_masking:0.50:0.10:0:random,soft_masking,pi_1,0.5,0.1,0.0,0.0,1.0,1.3,False,-0.4,0.9
cheapest_first,development:401:FG+FW:soft_masking:0.50:0.10:0:cheapest_first,soft_masking,pi_1,0.5,0.1,0.0,0.0,1.0,1.2,False,-0.3,0.9
highest_stage_posterior,development:401:FG+FW:soft_masking:0.50:0.10:0:highest_stage_posterior,soft_masking,pi_1,0.5,0.1,0.0,0.0,0.0,0.15000000000000002,True,0.75,0.9
greedy_gain,development:401:FG+FW:soft_masking:0.50:0.10:0:greedy_gain,soft_masking,pi_1,0.5,0.1,0.0,0.0,0.0,0.15000000000000002,True,0.75,0.9
end_to_end,development:401:FG+FW:soft_masking:0.50:0.10:0:end_to_end,soft_masking,pi_1,0.5,0.1,0.0,0.0,0.0,0.15000000000000002,True,0.75,0.9
oracle,development:401:FG+FW:soft_masking:0.50:0.10:0:oracle,soft_masking,pi_1,0.5,0.1,0.0,0.0,0.0,0.0,True,0.9,0.9
qrtc,development:401:FG+FW:soft_masking:0.50:0.20:0:qrtc,soft_masking,pi_1,0.5,0.2,0.0,0.0,0.0,0.2500000000000001,True,0.6499999999999999,0.9
random,development:401:FG+FW:soft_masking:0.50:0.20:0:random,soft_masking,pi_1,0.5,0.2,0.0,0.0,0.0,0.15000000000000002,True,0.75,0.9
cheapest_first,development:401:FG+FW:soft_masking:0.50:0.20:0:cheapest_first,soft_masking,pi_1,0.5,0.2,0.0,0.0,1.0,1.2,False,-0.3,0.9
highest_stage_posterior,development:401:FG+FW:soft_masking:0.50:0.20:0:highest_stage_posterior,soft_masking,pi_1,0.5,0.2,0.0,0.0,0.0,0.15000000000000002,True,0.75,0.9
greedy_gain,development:401:FG+FW:soft_masking:0.50:0.20:0:greedy_gain,soft_masking,pi_1,0.5,0.2,0.0,0.0,0.0,0.15000000000000002,True,0.75,0.9
end_to_end,development:401:FG+FW:soft_masking:0.50:0.20:0:end_to_end,soft_masking,pi_1,0.5,0.2,0.0,0.0,0.0,0.15000000000000002,True,0.75,0.9
oracle,development:401:FG+FW:soft_masking:0.50:0.20:0:oracle,soft_masking,pi_1,0.5,0.2,0.0,0.0,0.0,0.0,True,0.9,0.9
qrtc,development:401:FG+FW:soft_masking:0.75:0.00:0:qrtc,soft_masking,pi_1,0.75,0.0,0.0,0.0,0.0,0.2500000000000001,True,0.6499999999999999,0.9
random,development:401:FG+FW:soft_masking:0.75:0.00:0:random,soft_masking,pi_1,0.75,0.0,0.0,0.0,0.0,0.0,True,0.9,0.9
cheapest_first,development:401:FG+FW:soft_masking:0.75:0.00:0:cheapest_first,soft_masking,pi_1,0.75,0.0,0.0,0.0,1.0,1.2,False,-0.3,0.9
highest_stage_posterior,development:401:FG+FW:soft_masking:0.75:0.00:0:highest_stage_posterior,soft_masking,pi_1,0.75,0.0,0.0,0.0,0.0,0.15000000000000002,True,0.75,0.9
greedy_gain,development:401:FG+FW:soft_masking:0.75:0.00:0:greedy_gain,soft_masking,pi_1,0.75,0.0,0.0,0.0,0.0,0.15000000000000002,True,0.75,0.9
end_to_end,development:401:FG+FW:soft_masking:0.75:0.00:0:end_to_end,soft_masking,pi_1,0.75,0.0,0.0,0.0,0.0,0.15000000000000002,True,0.75,0.9
oracle,development:401:FG+FW:soft_masking:0.75:0.00:0:oracle,soft_masking,pi_1,0.75,0.0,0.0,0.0,0.0,0.0,True,0.9,0.9
qrtc,development:401:FG+FW:soft_masking:0.75:0.05:0:qrtc,soft_masking,pi_1,0.75,0.05,0.0,0.0,0.0,0.2500000000000001,True,0.6499999999999999,0.9
random,development:401:FG+FW:soft_masking:0.75:0.05:0:random,soft_masking,pi_1,0.75,0.05,0.0,0.0,1.0,1.35,False,-0.45,0.9
cheapest_first,development:401:FG+FW:soft_masking:0.75:0.05:0:cheapest_first,soft_masking,pi_1,0.75,0.05,0.0,0.0,1.0,1.2,False,-0.3,0.9
highest_stage_posterior,development:401:FG+FW:soft_masking:0.75:0.05:0:highest_stage_posterior,soft_masking,pi_1,0.75,0.05,0.0,0.0,0.0,0.15000000000000002,True,0.75,0.9
greedy_gain,development:401:FG+FW:soft_masking:0.75:0.05:0:greedy_gain,soft_masking,pi_1,0.75,0.05,0.0,0.0,0.0,0.15000000000000002,True,0.75,0.9
end_to_end,development:401:FG+FW:soft_masking:0.75:0.05:0:end_to_end,soft_masking,pi_1,0.75,0.05,0.0,0.0,0.0,0.15000000000000002,True,0.75,0.9
oracle,development:401:FG+FW:soft_masking:0.75:0.05:0:oracle,soft_masking,pi_1,0.75,0.05,0.0,0.0,0.0,0.0,True,0.9,0.9
qrtc,development:401:FG+FW:soft_masking:0.75:0.10:0:qrtc,soft_masking,pi_1,0.75,0.1,0.0,0.0,0.0,0.2500000000000001,True,0.6499999999999999,0.9
random,development:401:FG+FW:soft_masking:0.75:0.10:0:random,soft_masking,pi_1,0.75,0.1,0.0,0.0,1.0,1.2,False,-0.3,0.9
cheapest_first,development:401:FG+FW:soft_masking:0.75:0.10:0:cheapest_first,soft_masking,pi_1,0.75,0.1,0.0,0.0,1.0,1.2,False,-0.3,0.9
highest_stage_posterior,development:401:FG+FW:soft_masking:0.75:0.10:0:highest_stage_posterior,soft_masking,pi_1,0.75,0.1,0.0,0.0,0.0,0.15000000000000002,True,0.75,0.9
greedy_gain,development:401:FG+FW:soft_masking:0.75:0.10:0:greedy_gain,soft_masking,pi_1,0.75,0.1,0.0,0.0,0.0,0.15000000000000002,True,0.75,0.9
end_to_end,development:401:FG+FW:soft_masking:0.75:0.10:0:end_to_end,soft_masking,pi_1,0.75,0.1,0.0,0.0,0.0,0.15000000000000002,True,0.75,0.9
oracle,development:401:FG+FW:soft_masking:0.75:0.10:0:oracle,soft_masking,pi_1,0.75,0.1,0.0,0.0,0.0,0.0,True,0.9,0.9
qrtc,development:401:FG+FW:soft_masking:0.75:0.20:0:qrtc,soft_masking,pi_1,0.75,0.2,0.0,0.0,0.0,0.2500000000000001,True,0.6499999999999999,0.9
random,development:401:FG+FW:soft_masking:0.75:0.20:0:random,soft_masking,pi_1,0.75,0.2,0.0,0.0,0.0,0.15000000000000002,True,0.75,0.9
cheapest_first,development:401:FG+FW:soft_masking:0.75:0.20:0:cheapest_first,soft_masking,pi_1,0.75,0.2,0.0,0.0,1.0,1.2,False,-0.3,0.9
highest_stage_posterior,development:401:FG+FW:soft_masking:0.75:0.20:0:highest_stage_posterior,soft_masking,pi_1,0.75,0.2,0.0,0.0,0.0,0.15000000000000002,True,0.75,0.9
greedy_gain,development:401:FG+FW:soft_masking:0.75:0.20:0:greedy_gain,soft_masking,pi_1,0.75,0.2,0.0,0.0,0.0,0.15000000000000002,True,0.75,0.9
end_to_end,development:401:FG+FW:soft_masking:0.75:0.20:0:end_to_end,soft_masking,pi_1,0.75,0.2,0.0,0.0,0.0,0.15000000000000002,True,0.75,0.9
oracle,development:401:FG+FW:soft_masking:0.75:0.20:0:oracle,soft_masking,pi_1,0.75,0.2,0.0,0.0,0.0,0.0,True,0.9,0.9
qrtc,development:401:FG+FW:soft_masking:1.00:0.00:0:qrtc,soft_masking,pi_1,1.0,0.0,0.0,0.0,0.0,0.2500000000000001,True,0.6499999999999999,0.9
random,development:401:FG+FW:soft_masking:1.00:0.00:0:random,soft_masking,pi_1,1.0,0.0,0.0,0.0,1.0,1.2,False,-0.3,0.9
cheapest_first,development:401:FG+FW:soft_masking:1.00:0.00:0:cheapest_first,soft_masking,pi_1,1.0,0.0,0.0,0.0,1.0,1.2,False,-0.3,0.9
highest_stage_posterior,development:401:FG+FW:soft_masking:1.00:0.00:0:highest_stage_posterior,soft_masking,pi_1,1.0,0.0,0.0,0.0,0.0,0.15000000000000002,True,0.75,0.9
greedy_gain,development:401:FG+FW:soft_masking:1.00:0.00:0:greedy_gain,soft_masking,pi_1,1.0,0.0,0.0,0.0,0.0,0.15000000000000002,True,0.75,0.9
end_to_end,development:401:FG+FW:soft_masking:1.00:0.00:0:end_to_end,soft_masking,pi_1,1.0,0.0,0.0,0.0,0.0,0.15000000000000002,True,0.75,0.9
oracle,development:401:FG+FW:soft_masking:1.00:0.00:0:oracle,soft_masking,pi_1,1.0,0.0,0.0,0.0,0.0,0.0,True,0.9,0.9
qrtc,development:401:FG+FW:soft_masking:1.00:0.05:0:qrtc,soft_masking,pi_1,1.0,0.05,0.0,0.0,0.0,0.2500000000000001,True,0.6499999999999999,0.9
random,development:401:FG+FW:soft_masking:1.00:0.05:0:random,soft_masking,pi_1,1.0,0.05,0.0,0.0,1.0,1.3,False,-0.4,0.9
cheapest_first,development:401:FG+FW:soft_masking:1.00:0.05:0:cheapest_first,soft_masking,pi_1,1.0,0.05,0.0,0.0,1.0,1.2,False,-0.3,0.9
highest_stage_posterior,development:401:FG+FW:soft_masking:1.00:0.05:0:highest_stage_posterior,soft_masking,pi_1,1.0,0.05,0.0,0.0,0.0,0.15000000000000002,True,0.75,0.9
greedy_gain,development:401:FG+FW:soft_masking:1.00:0.05:0:greedy_gain,soft_masking,pi_1,1.0,0.05,0.0,0.0,0.0,0.15000000000000002,True,0.75,0.9
end_to_end,development:401:FG+FW:soft_masking:1.00:0.05:0:end_to_end,soft_masking,pi_1,1.0,0.05,0.0,0.0,0.0,0.15000000000000002,True,0.75,0.9
oracle,development:401:FG+FW:soft_masking:1.00:0.05:0:oracle,soft_masking,pi_1,1.0,0.05,0.0,0.0,0.0,0.0,True,0.9,0.9
qrtc,development:401:FG+FW:soft_masking:1.00:0.10:0:qrtc,soft_masking,pi_1,1.0,0.1,0.0,0.0,0.0,0.2500000000000001,True,0.6499999999999999,0.9
random,development:401:FG+FW:soft_masking:1.00:0.10:0:random,soft_masking,pi_1,1.0,0.1,0.0,0.0,1.0,1.35,False,-0.45,0.9
cheapest_first,development:401:FG+FW:soft_masking:1.00:0.10:0:cheapest_first,soft_masking,pi_1,1.0,0.1,0.0,0.0,1.0,1.2,False,-0.3,0.9
highest_stage_posterior,development:401:FG+FW:soft_masking:1.00:0.10:0:highest_stage_posterior,soft_masking,pi_1,1.0,0.1,0.0,0.0,0.0,0.15000000000000002,True,0.75,0.9
greedy_gain,development:401:FG+FW:soft_masking:1.00:0.10:0:greedy_gain,soft_masking,pi_1,1.0,0.1,0.0,0.0,0.0,0.15000000000000002,True,0.75,0.9
end_to_end,development:401:FG+FW:soft_masking:1.00:0.10:0:end_to_end,soft_masking,pi_1,1.0,0.1,0.0,0.0,0.0,0.15000000000000002,True,0.75,0.9
oracle,development:401:FG+FW:soft_masking:1.00:0.10:0:oracle,soft_masking,pi_1,1.0,0.1,0.0,0.0,0.0,0.0,True,0.9,0.9
qrtc,development:401:FG+FW:soft_masking:1.00:0.20:0:qrtc,soft_masking,pi_1,1.0,0.2,0.0,0.0,0.0,0.2500000000000001,True,0.6499999999999999,0.9
random,development:401:FG+FW:soft_masking:1.00:0.20:0:random,soft_masking,pi_1,1.0,0.2,0.0,0.0,1.0,1.2,False,-0.3,0.9
cheapest_first,development:401:FG+FW:soft_masking:1.00:0.20:0:cheapest_first,soft_masking,pi_1,1.0,0.2,0.0,0.0,1.0,1.2,False,-0.3,0.9
highest_stage_posterior,development:401:FG+FW:soft_masking:1.00:0.20:0:highest_stage_posterior,soft_masking,pi_1,1.0,0.2,0.0,0.0,0.0,0.15000000000000002,True,0.75,0.9
greedy_gain,development:401:FG+FW:soft_masking:1.00:0.20:0:greedy_gain,soft_masking,pi_1,1.0,0.2,0.0,0.0,0.0,0.15000000000000002,True,0.75,0.9
end_to_end,development:401:FG+FW:soft_masking:1.00:0.20:0:end_to_end,soft_masking,pi_1,1.0,0.2,0.0,0.0,0.0,0.15000000000000002,True,0.75,0.9
oracle,development:401:FG+FW:soft_masking:1.00:0.20:0:oracle,soft_masking,pi_1,1.0,0.2,0.0,0.0,0.0,0.0,True,0.9,0.9
qrtc,development:401:FG+FW:independent:0.25:0.00:0:qrtc,independent,pi_1,0.25,0.0,0.0,0.0,0.0,0.15000000000000002,True,0.75,0.9
random,development:401:FG+FW:independent:0.25:0.00:0:random,independent,pi_1,0.25,0.0,0.0,0.0,1.0,1.35,False,-0.45,0.9
cheapest_first,development:401:FG+FW:independent:0.25:0.00:0:cheapest_first,independent,pi_1,0.25,0.0,0.0,0.0,1.0,1.2,False,-0.3,0.9
highest_stage_posterior,development:401:FG+FW:independent:0.25:0.00:0:highest_stage_posterior,independent,pi_1,0.25,0.0,0.0,0.0,0.0,0.15000000000000002,True,0.75,0.9
greedy_gain,development:401:FG+FW:independent:0.25:0.00:0:greedy_gain,independent,pi_1,0.25,0.0,0.0,0.0,0.0,0.15000000000000002,True,0.75,0.9
end_to_end,development:401:FG+FW:independent:0.25:0.00:0:end_to_end,independent,pi_1,0.25,0.0,0.0,0.0,0.0,0.15000000000000002,True,0.75,0.9
oracle,development:401:FG+FW:independent:0.25:0.00:0:oracle,independent,pi_1,0.25,0.0,0.0,0.0,0.0,0.0,True,0.9,0.9
qrtc,development:401:FG+FW:independent:0.25:0.05:0:qrtc,independent,pi_1,0.25,0.05,0.0,0.0,0.0,0.15000000000000002,True,0.75,0.9
random,development:401:FG+FW:independent:0.25:0.05:0:random,independent,pi_1,0.25,0.05,0.0,0.0,0.0,0.0,True,0.9,0.9
cheapest_first,development:401:FG+FW:independent:0.25:0.05:0:cheapest_first,independent,pi_1,0.25,0.05,0.0,0.0,1.0,1.2,False,-0.3,0.9
highest_stage_posterior,development:401:FG+FW:independent:0.25:0.05:0:highest_stage_posterior,independent,pi_1,0.25,0.05,0.0,0.0,0.0,0.15000000000000002,True,0.75,0.9
greedy_gain,development:401:FG+FW:independent:0.25:0.05:0:greedy_gain,independent,pi_1,0.25,0.05,0.0,0.0,0.0,0.15000000000000002,True,0.75,0.9
end_to_end,development:401:FG+FW:independent:0.25:0.05:0:end_to_end,independent,pi_1,0.25,0.05,0.0,0.0,0.0,0.15000000000000002,True,0.75,0.9
oracle,development:401:FG+FW:independent:0.25:0.05:0:oracle,independent,pi_1,0.25,0.05,0.0,0.0,0.0,0.0,True,0.9,0.9
qrtc,development:401:FG+FW:independent:0.25:0.10:0:qrtc,independent,pi_1,0.25,0.1,0.0,0.0,0.0,0.15000000000000002,True,0.75,0.9
random,development:401:FG+FW:independent:0.25:0.10:0:random,independent,pi_1,0.25,0.1,0.0,0.0,1.0,1.35,False,-0.45,0.9
cheapest_first,development:401:FG+FW:independent:0.25:0.10:0:cheapest_first,independent,pi_1,0.25,0.1,0.0,0.0,1.0,1.2,False,-0.3,0.9
highest_stage_posterior,development:401:FG+FW:independent:0.25:0.10:0:highest_stage_posterior,independent,pi_1,0.25,0.1,0.0,0.0,0.0,0.15000000000000002,True,0.75,0.9
greedy_gain,development:401:FG+FW:independent:0.25:0.10:0:greedy_gain,independent,pi_1,0.25,0.1,0.0,0.0,0.0,0.15000000000000002,True,0.75,0.9
end_to_end,development:401:FG+FW:independent:0.25:0.10:0:end_to_end,independent,pi_1,0.25,0.1,0.0,0.0,0.0,0.15000000000000002,True,0.75,0.9
oracle,development:401:FG+FW:independent:0.25:0.10:0:oracle,independent,pi_1,0.25,0.1,0.0,0.0,0.0,0.0,True,0.9,0.9
qrtc,development:401:FG+FW:independent:0.25:0.20:0:qrtc,independent,pi_1,0.25,0.2,0.0,0.0,0.0,0.15000000000000002,True,0.75,0.9
random,development:401:FG+FW:independent:0.25:0.20:0:random,independent,pi_1,0.25,0.2,0.0,0.0,1.0,1.35,False,-0.45,0.9
cheapest_first,development:401:FG+FW:independent:0.25:0.20:0:cheapest_first,independent,pi_1,0.25,0.2,0.0,0.0,1.0,1.2,False,-0.3,0.9
highest_stage_posterior,development:401:FG+FW:independent:0.25:0.20:0:highest_stage_posterior,independent,pi_1,0.25,0.2,0.0,0.0,0.0,0.15000000000000002,True,0.75,0.9
greedy_gain,development:401:FG+FW:independent:0.25:0.20:0:greedy_gain,independent,pi_1,0.25,0.2,0.0,0.0,0.0,0.15000000000000002,True,0.75,0.9
end_to_end,development:401:FG+FW:independent:0.25:0.20:0:end_to_end,independent,pi_1,0.25,0.2,0.0,0.0,0.0,0.15000000000000002,True,0.75,0.9
oracle,development:401:FG+FW:independent:0.25:0.20:0:oracle,independent,pi_1,0.25,0.2,0.0,0.0,0.0,0.0,True,0.9,0.9
qrtc,development:401:FG+FW:independent:0.50:0.00:0:qrtc,independent,pi_1,0.5,0.0,0.0,0.0,0.0,0.15000000000000002,True,0.75,0.9
random,development:401:FG+FW:independent:0.50:0.00:0:random,independent,pi_1,0.5,0.0,0.0,0.0,0.0,0.15000000000000002,True,0.75,0.9
cheapest_first,development:401:FG+FW:independent:0.50:0.00:0:cheapest_first,independent,pi_1,0.5,0.0,0.0,0.0,1.0,1.2,False,-0.3,0.9
highest_stage_posterior,development:401:FG+FW:independent:0.50:0.00:0:highest_stage_posterior,independent,pi_1,0.5,0.0,0.0,0.0,0.0,0.15000000000000002,True,0.75,0.9
greedy_gain,development:401:FG+FW:independent:0.50:0.00:0:greedy_gain,independent,pi_1,0.5,0.0,0.0,0.0,0.0,0.15000000000000002,True,0.75,0.9
end_to_end,development:401:FG+FW:independent:0.50:0.00:0:end_to_end,independent,pi_1,0.5,0.0,0.0,0.0,0.0,0.15000000000000002,True,0.75,0.9
oracle,development:401:FG+FW:independent:0.50:0.00:0:oracle,independent,pi_1,0.5,0.0,0.0,0.0,0.0,0.0,True,0.9,0.9
qrtc,development:401:FG+FW:independent:0.50:0.05:0:qrtc,independent,pi_1,0.5,0.05,0.0,0.0,0.0,0.15000000000000002,True,0.75,0.9
random,development:401:FG+FW:independent:0.50:0.05:0:random,independent,pi_1,0.5,0.05,0.0,0.0,1.0,1.2,False,-0.3,0.9
cheapest_first,development:401:FG+FW:independent:0.50:0.05:0:cheapest_first,independent,pi_1,0.5,0.05,0.0,0.0,1.0,1.2,False,-0.3,0.9
highest_stage_posterior,development:401:FG+FW:independent:0.50:0.05:0:highest_stage_posterior,independent,pi_1,0.5,0.05,0.0,0.0,0.0,0.15000000000000002,True,0.75,0.9
greedy_gain,development:401:FG+FW:independent:0.50:0.05:0:greedy_gain,independent,pi_1,0.5,0.05,0.0,0.0,0.0,0.15000000000000002,True,0.75,0.9
end_to_end,development:401:FG+FW:independent:0.50:0.05:0:end_to_end,independent,pi_1,0.5,0.05,0.0,0.0,0.0,0.15000000000000002,True,0.75,0.9
oracle,development:401:FG+FW:independent:0.50:0.05:0:oracle,independent,pi_1,0.5,0.05,0.0,0.0,0.0,0.0,True,0.9,0.9
qrtc,development:401:FG+FW:independent:0.50:0.10:0:qrtc,independent,pi_1,0.5,0.1,0.0,0.0,0.0,0.15000000000000002,True,0.75,0.9
random,development:401:FG+FW:independent:0.50:0.10:0:random,independent,pi_1,0.5,0.1,0.0,0.0,1.0,1.3,False,-0.4,0.9
cheapest_first,development:401:FG+FW:independent:0.50:0.10:0:cheapest_first,independent,pi_1,0.5,0.1,0.0,0.0,1.0,1.2,False,-0.3,0.9
highest_stage_posterior,development:401:FG+FW:independent:0.50:0.10:0:highest_stage_posterior,independent,pi_1,0.5,0.1,0.0,0.0,0.0,0.15000000000000002,True,0.75,0.9
greedy_gain,development:401:FG+FW:independent:0.50:0.10:0:greedy_gain,independent,pi_1,0.5,0.1,0.0,0.0,0.0,0.15000000000000002,True,0.75,0.9
end_to_end,development:401:FG+FW:independent:0.50:0.10:0:end_to_end,independent,pi_1,0.5,0.1,0.0,0.0,0.0,0.15000000000000002,True,0.75,0.9
oracle,development:401:FG+FW:independent:0.50:0.10:0:oracle,independent,pi_1,0.5,0.1,0.0,0.0,0.0,0.0,True,0.9,0.9
qrtc,development:401:FG+FW:independent:0.50:0.20:0:qrtc,independent,pi_1,0.5,0.2,0.0,0.0,0.0,0.15000000000000002,True,0.75,0.9
random,development:401:FG+FW:independent:0.50:0.20:0:random,independent,pi_1,0.5,0.2,0.0,0.0,0.0,0.15000000000000002,True,0.75,0.9
cheapest_first,development:401:FG+FW:independent:0.50:0.20:0:cheapest_first,independent,pi_1,0.5,0.2,0.0,0.0,1.0,1.2,False,-0.3,0.9
highest_stage_posterior,development:401:FG+FW:independent:0.50:0.20:0:highest_stage_posterior,independent,pi_1,0.5,0.2,0.0,0.0,0.0,0.15000000000000002,True,0.75,0.9
greedy_gain,development:401:FG+FW:independent:0.50:0.20:0:greedy_gain,independent,pi_1,0.5,0.2,0.0,0.0,0.0,0.15000000000000002,True,0.75,0.9
end_to_end,development:401:FG+FW:independent:0.50:0.20:0:end_to_end,independent,pi_1,0.5,0.2,0.0,0.0,0.0,0.15000000000000002,True,0.75,0.9
oracle,development:401:FG+FW:independent:0.50:0.20:0:oracle,independent,pi_1,0.5,0.2,0.0,0.0,0.0,0.0,True,0.9,0.9
qrtc,development:401:FG+FW:independent:0.75:0.00:0:qrtc,independent,pi_1,0.75,0.0,0.0,0.0,0.0,0.15000000000000002,True,0.75,0.9
random,development:401:FG+FW:independent:0.75:0.00:0:random,independent,pi_1,0.75,0.0,0.0,0.0,0.0,0.0,True,0.9,0.9
cheapest_first,development:401:FG+FW:independent:0.75:0.00:0:cheapest_first,independent,pi_1,0.75,0.0,0.0,0.0,1.0,1.2,False,-0.3,0.9
highest_stage_posterior,development:401:FG+FW:independent:0.75:0.00:0:highest_stage_posterior,independent,pi_1,0.75,0.0,0.0,0.0,0.0,0.15000000000000002,True,0.75,0.9
greedy_gain,development:401:FG+FW:independent:0.75:0.00:0:greedy_gain,independent,pi_1,0.75,0.0,0.0,0.0,0.0,0.15000000000000002,True,0.75,0.9
end_to_end,development:401:FG+FW:independent:0.75:0.00:0:end_to_end,independent,pi_1,0.75,0.0,0.0,0.0,0.0,0.15000000000000002,True,0.75,0.9
oracle,development:401:FG+FW:independent:0.75:0.00:0:oracle,independent,pi_1,0.75,0.0,0.0,0.0,0.0,0.0,True,0.9,0.9
qrtc,development:401:FG+FW:independent:0.75:0.05:0:qrtc,independent,pi_1,0.75,0.05,0.0,0.0,0.0,0.15000000000000002,True,0.75,0.9
random,development:401:FG+FW:independent:0.75:0.05:0:random,independent,pi_1,0.75,0.05,0.0,0.0,1.0,1.35,False,-0.45,0.9
cheapest_first,development:401:FG+FW:independent:0.75:0.05:0:cheapest_first,independent,pi_1,0.75,0.05,0.0,0.0,1.0,1.2,False,-0.3,0.9
highest_stage_posterior,development:401:FG+FW:independent:0.75:0.05:0:highest_stage_posterior,independent,pi_1,0.75,0.05,0.0,0.0,0.0,0.15000000000000002,True,0.75,0.9
greedy_gain,development:401:FG+FW:independent:0.75:0.05:0:greedy_gain,independent,pi_1,0.75,0.05,0.0,0.0,0.0,0.15000000000000002,True,0.75,0.9
end_to_end,development:401:FG+FW:independent:0.75:0.05:0:end_to_end,independent,pi_1,0.75,0.05,0.0,0.0,0.0,0.15000000000000002,True,0.75,0.9
oracle,development:401:FG+FW:independent:0.75:0.05:0:oracle,independent,pi_1,0.75,0.05,0.0,0.0,0.0,0.0,True,0.9,0.9
qrtc,development:401:FG+FW:independent:0.75:0.10:0:qrtc,independent,pi_1,0.75,0.1,0.0,0.0,0.0,0.15000000000000002,True,0.75,0.9
random,development:401:FG+FW:independent:0.75:0.10:0:random,independent,pi_1,0.75,0.1,0.0,0.0,1.0,1.2,False,-0.3,0.9
cheapest_first,development:401:FG+FW:independent:0.75:0.10:0:cheapest_first,independent,pi_1,0.75,0.1,0.0,0.0,1.0,1.2,False,-0.3,0.9
highest_stage_posterior,development:401:FG+FW:independent:0.75:0.10:0:highest_stage_posterior,independent,pi_1,0.75,0.1,0.0,0.0,0.0,0.15000000000000002,True,0.75,0.9
greedy_gain,development:401:FG+FW:independent:0.75:0.10:0:greedy_gain,independent,pi_1,0.75,0.1,0.0,0.0,0.0,0.15000000000000002,True,0.75,0.9
end_to_end,development:401:FG+FW:independent:0.75:0.10:0:end_to_end,independent,pi_1,0.75,0.1,0.0,0.0,0.0,0.15000000000000002,True,0.75,0.9
oracle,development:401:FG+FW:independent:0.75:0.10:0:oracle,independent,pi_1,0.75,0.1,0.0,0.0,0.0,0.0,True,0.9,0.9
qrtc,development:401:FG+FW:independent:0.75:0.20:0:qrtc,independent,pi_1,0.75,0.2,0.0,0.0,0.0,0.15000000000000002,True,0.75,0.9
random,development:401:FG+FW:independent:0.75:0.20:0:random,independent,pi_1,0.75,0.2,0.0,0.0,0.0,0.15000000000000002,True,0.75,0.9
cheapest_first,development:401:FG+FW:independent:0.75:0.20:0:cheapest_first,independent,pi_1,0.75,0.2,0.0,0.0,1.0,1.2,False,-0.3,0.9
highest_stage_posterior,development:401:FG+FW:independent:0.75:0.20:0:highest_stage_posterior,independent,pi_1,0.75,0.2,0.0,0.0,0.0,0.15000000000000002,True,0.75,0.9
greedy_gain,development:401:FG+FW:independent:0.75:0.20:0:greedy_gain,independent,pi_1,0.75,0.2,0.0,0.0,0.0,0.15000000000000002,True,0.75,0.9
end_to_end,development:401:FG+FW:independent:0.75:0.20:0:end_to_end,independent,pi_1,0.75,0.2,0.0,0.0,0.0,0.15000000000000002,True,0.75,0.9
oracle,development:401:FG+FW:independent:0.75:0.20:0:oracle,independent,pi_1,0.75,0.2,0.0,0.0,0.0,0.0,True,0.9,0.9
qrtc,development:401:FG+FW:independent:1.00:0.00:0:qrtc,independent,pi_1,1.0,0.0,0.0,0.0,0.0,0.15000000000000002,True,0.75,0.9
random,development:401:FG+FW:independent:1.00:0.00:0:random,independent,pi_1,1.0,0.0,0.0,0.0,1.0,1.2,False,-0.3,0.9
cheapest_first,development:401:FG+FW:independent:1.00:0.00:0:cheapest_first,independent,pi_1,1.0,0.0,0.0,0.0,1.0,1.2,False,-0.3,0.9
highest_stage_posterior,development:401:FG+FW:independent:1.00:0.00:0:highest_stage_posterior,independent,pi_1,1.0,0.0,0.0,0.0,0.0,0.15000000000000002,True,0.75,0.9
greedy_gain,development:401:FG+FW:independent:1.00:0.00:0:greedy_gain,independent,pi_1,1.0,0.0,0.0,0.0,0.0,0.15000000000000002,True,0.75,0.9
end_to_end,development:401:FG+FW:independent:1.00:0.00:0:end_to_end,independent,pi_1,1.0,0.0,0.0,0.0,0.0,0.15000000000000002,True,0.75,0.9
oracle,development:401:FG+FW:independent:1.00:0.00:0:oracle,independent,pi_1,1.0,0.0,0.0,0.0,0.0,0.0,True,0.9,0.9
qrtc,development:401:FG+FW:independent:1.00:0.05:0:qrtc,independent,pi_1,1.0,0.05,0.0,0.0,0.0,0.15000000000000002,True,0.75,0.9
random,development:401:FG+FW:independent:1.00:0.05:0:random,independent,pi_1,1.0,0.05,0.0,0.0,1.0,1.3,False,-0.4,0.9
cheapest_first,development:401:FG+FW:independent:1.00:0.05:0:cheapest_first,independent,pi_1,1.0,0.05,0.0,0.0,1.0,1.2,False,-0.3,0.9
highest_stage_posterior,development:401:FG+FW:independent:1.00:0.05:0:highest_stage_posterior,independent,pi_1,1.0,0.05,0.0,0.0,0.0,0.15000000000000002,True,0.75,0.9
greedy_gain,development:401:FG+FW:independent:1.00:0.05:0:greedy_gain,independent,pi_1,1.0,0.05,0.0,0.0,0.0,0.15000000000000002,True,0.75,0.9
end_to_end,development:401:FG+FW:independent:1.00:0.05:0:end_to_end,independent,pi_1,1.0,0.05,0.0,0.0,0.0,0.15000000000000002,True,0.75,0.9
oracle,development:401:FG+FW:independent:1.00:0.05:0:oracle,independent,pi_1,1.0,0.05,0.0,0.0,0.0,0.0,True,0.9,0.9
qrtc,development:401:FG+FW:independent:1.00:0.10:0:qrtc,independent,pi_1,1.0,0.1,0.0,0.0,0.0,0.15000000000000002,True,0.75,0.9
random,development:401:FG+FW:independent:1.00:0.10:0:random,independent,pi_1,1.0,0.1,0.0,0.0,1.0,1.35,False,-0.45,0.9
cheapest_first,development:401:FG+FW:independent:1.00:0.10:0:cheapest_first,independent,pi_1,1.0,0.1,0.0,0.0,1.0,1.2,False,-0.3,0.9
highest_stage_posterior,development:401:FG+FW:independent:1.00:0.10:0:highest_stage_posterior,independent,pi_1,1.0,0.1,0.0,0.0,0.0,0.15000000000000002,True,0.75,0.9
greedy_gain,development:401:FG+FW:independent:1.00:0.10:0:greedy_gain,independent,pi_1,1.0,0.1,0.0,0.0,0.0,0.15000000000000002,True,0.75,0.9
end_to_end,development:401:FG+FW:independent:1.00:0.10:0:end_to_end,independent,pi_1,1.0,0.1,0.0,0.0,0.0,0.15000000000000002,True,0.75,0.9
oracle,development:401:FG+FW:independent:1.00:0.10:0:oracle,independent,pi_1,1.0,0.1,0.0,0.0,0.0,0.0,True,0.9,0.9
qrtc,development:401:FG+FW:independent:1.00:0.20:0:qrtc,independent,pi_1,1.0,0.2,0.0,0.0,0.0,0.15000000000000002,True,0.75,0.9
random,development:401:FG+FW:independent:1.00:0.20:0:random,independent,pi_1,1.0,0.2,0.0,0.0,1.0,1.2,False,-0.3,0.9
cheapest_first,development:401:FG+FW:independent:1.00:0.20:0:cheapest_first,independent,pi_1,1.0,0.2,0.0,0.0,1.0,1.2,False,-0.3,0.9
highest_stage_posterior,development:401:FG+FW:independent:1.00:0.20:0:highest_stage_posterior,independent,pi_1,1.0,0.2,0.0,0.0,0.0,0.15000000000000002,True,0.75,0.9
greedy_gain,development:401:FG+FW:independent:1.00:0.20:0:greedy_gain,independent,pi_1,1.0,0.2,0.0,0.0,0.0,0.15000000000000002,True,0.75,0.9
end_to_end,development:401:FG+FW:independent:1.00:0.20:0:end_to_end,independent,pi_1,1.0,0.2,0.0,0.0,0.0,0.15000000000000002,True,0.75,0.9
oracle,development:401:FG+FW:independent:1.00:0.20:0:oracle,independent,pi_1,1.0,0.2,0.0,0.0,0.0,0.0,True,0.9,0.9
qrtc,development:401:FG+FW:synergistic:0.25:0.00:0:qrtc,synergistic,pi_1,0.25,0.0,0.0,0.0,0.0,0.15000000000000002,True,0.75,0.9
random,development:401:FG+FW:synergistic:0.25:0.00:0:random,synergistic,pi_1,0.25,0.0,0.0,0.0,1.0,1.35,False,-0.45,0.9
cheapest_first,development:401:FG+FW:synergistic:0.25:0.00:0:cheapest_first,synergistic,pi_1,0.25,0.0,0.0,0.0,1.0,1.2,False,-0.3,0.9
highest_stage_posterior,development:401:FG+FW:synergistic:0.25:0.00:0:highest_stage_posterior,synergistic,pi_1,0.25,0.0,0.0,0.0,0.0,0.15000000000000002,True,0.75,0.9
greedy_gain,development:401:FG+FW:synergistic:0.25:0.00:0:greedy_gain,synergistic,pi_1,0.25,0.0,0.0,0.0,0.0,0.15000000000000002,True,0.75,0.9
end_to_end,development:401:FG+FW:synergistic:0.25:0.00:0:end_to_end,synergistic,pi_1,0.25,0.0,0.0,0.0,0.0,0.15000000000000002,True,0.75,0.9
oracle,development:401:FG+FW:synergistic:0.25:0.00:0:oracle,synergistic,pi_1,0.25,0.0,0.0,0.0,0.0,0.0,True,0.9,0.9
qrtc,development:401:FG+FW:synergistic:0.25:0.05:0:qrtc,synergistic,pi_1,0.25,0.05,0.0,0.0,0.0,0.15000000000000002,True,0.75,0.9
random,development:401:FG+FW:synergistic:0.25:0.05:0:random,synergistic,pi_1,0.25,0.05,0.0,0.0,0.0,0.0,True,0.9,0.9
cheapest_first,development:401:FG+FW:synergistic:0.25:0.05:0:cheapest_first,synergistic,pi_1,0.25,0.05,0.0,0.0,1.0,1.2,False,-0.3,0.9
highest_stage_posterior,development:401:FG+FW:synergistic:0.25:0.05:0:highest_stage_posterior,synergistic,pi_1,0.25,0.05,0.0,0.0,0.0,0.15000000000000002,True,0.75,0.9
greedy_gain,development:401:FG+FW:synergistic:0.25:0.05:0:greedy_gain,synergistic,pi_1,0.25,0.05,0.0,0.0,0.0,0.15000000000000002,True,0.75,0.9
end_to_end,development:401:FG+FW:synergistic:0.25:0.05:0:end_to_end,synergistic,pi_1,0.25,0.05,0.0,0.0,0.0,0.15000000000000002,True,0.75,0.9
oracle,development:401:FG+FW:synergistic:0.25:0.05:0:oracle,synergistic,pi_1,0.25,0.05,0.0,0.0,0.0,0.0,True,0.9,0.9
qrtc,development:401:FG+FW:synergistic:0.25:0.10:0:qrtc,synergistic,pi_1,0.25,0.1,0.0,0.0,0.0,0.15000000000000002,True,0.75,0.9
random,development:401:FG+FW:synergistic:0.25:0.10:0:random,synergistic,pi_1,0.25,0.1,0.0,0.0,1.0,1.35,False,-0.45,0.9
cheapest_first,development:401:FG+FW:synergistic:0.25:0.10:0:cheapest_first,synergistic,pi_1,0.25,0.1,0.0,0.0,1.0,1.2,False,-0.3,0.9
highest_stage_posterior,development:401:FG+FW:synergistic:0.25:0.10:0:highest_stage_posterior,synergistic,pi_1,0.25,0.1,0.0,0.0,0.0,0.15000000000000002,True,0.75,0.9
greedy_gain,development:401:FG+FW:synergistic:0.25:0.10:0:greedy_gain,synergistic,pi_1,0.25,0.1,0.0,0.0,0.0,0.15000000000000002,True,0.75,0.9
end_to_end,development:401:FG+FW:synergistic:0.25:0.10:0:end_to_end,synergistic,pi_1,0.25,0.1,0.0,0.0,0.0,0.15000000000000002,True,0.75,0.9
oracle,development:401:FG+FW:synergistic:0.25:0.10:0:oracle,synergistic,pi_1,0.25,0.1,0.0,0.0,0.0,0.0,True,0.9,0.9
qrtc,development:401:FG+FW:synergistic:0.25:0.20:0:qrtc,synergistic,pi_1,0.25,0.2,0.0,0.0,0.0,0.15000000000000002,True,0.75,0.9
random,development:401:FG+FW:synergistic:0.25:0.20:0:random,synergistic,pi_1,0.25,0.2,0.0,0.0,1.0,1.35,False,-0.45,0.9
cheapest_first,development:401:FG+FW:synergistic:0.25:0.20:0:cheapest_first,synergistic,pi_1,0.25,0.2,0.0,0.0,1.0,1.2,False,-0.3,0.9
highest_stage_posterior,development:401:FG+FW:synergistic:0.25:0.20:0:highest_stage_posterior,synergistic,pi_1,0.25,0.2,0.0,0.0,0.0,0.15000000000000002,True,0.75,0.9
greedy_gain,development:401:FG+FW:synergistic:0.25:0.20:0:greedy_gain,synergistic,pi_1,0.25,0.2,0.0,0.0,0.0,0.15000000000000002,True,0.75,0.9
end_to_end,development:401:FG+FW:synergistic:0.25:0.20:0:end_to_end,synergistic,pi_1,0.25,0.2,0.0,0.0,0.0,0.15000000000000002,True,0.75,0.9
oracle,development:401:FG+FW:synergistic:0.25:0.20:0:oracle,synergistic,pi_1,0.25,0.2,0.0,0.0,0.0,0.0,True,0.9,0.9
qrtc,development:401:FG+FW:synergistic:0.50:0.00:0:qrtc,synergistic,pi_1,0.5,0.0,0.0,0.0,0.0,0.15000000000000002,True,0.75,0.9
random,development:401:FG+FW:synergistic:0.50:0.00:0:random,synergistic,pi_1,0.5,0.0,0.0,0.0,0.0,0.15000000000000002,True,0.75,0.9
cheapest_first,development:401:FG+FW:synergistic:0.50:0.00:0:cheapest_first,synergistic,pi_1,0.5,0.0,0.0,0.0,1.0,1.2,False,-0.3,0.9
highest_stage_posterior,development:401:FG+FW:synergistic:0.50:0.00:0:highest_stage_posterior,synergistic,pi_1,0.5,0.0,0.0,0.0,0.0,0.15000000000000002,True,0.75,0.9
greedy_gain,development:401:FG+FW:synergistic:0.50:0.00:0:greedy_gain,synergistic,pi_1,0.5,0.0,0.0,0.0,0.0,0.15000000000000002,True,0.75,0.9
end_to_end,development:401:FG+FW:synergistic:0.50:0.00:0:end_to_end,synergistic,pi_1,0.5,0.0,0.0,0.0,0.0,0.15000000000000002,True,0.75,0.9
oracle,development:401:FG+FW:synergistic:0.50:0.00:0:oracle,synergistic,pi_1,0.5,0.0,0.0,0.0,0.0,0.0,True,0.9,0.9
qrtc,development:401:FG+FW:synergistic:0.50:0.05:0:qrtc,synergistic,pi_1,0.5,0.05,0.0,0.0,0.0,0.15000000000000002,True,0.75,0.9
random,development:401:FG+FW:synergistic:0.50:0.05:0:random,synergistic,pi_1,0.5,0.05,0.0,0.0,1.0,1.2,False,-0.3,0.9
cheapest_first,development:401:FG+FW:synergistic:0.50:0.05:0:cheapest_first,synergistic,pi_1,0.5,0.05,0.0,0.0,1.0,1.2,False,-0.3,0.9
highest_stage_posterior,development:401:FG+FW:synergistic:0.50:0.05:0:highest_stage_posterior,synergistic,pi_1,0.5,0.05,0.0,0.0,0.0,0.15000000000000002,True,0.75,0.9
greedy_gain,development:401:FG+FW:synergistic:0.50:0.05:0:greedy_gain,synergistic,pi_1,0.5,0.05,0.0,0.0,0.0,0.15000000000000002,True,0.75,0.9
end_to_end,development:401:FG+FW:synergistic:0.50:0.05:0:end_to_end,synergistic,pi_1,0.5,0.05,0.0,0.0,0.0,0.15000000000000002,True,0.75,0.9
oracle,development:401:FG+FW:synergistic:0.50:0.05:0:oracle,synergistic,pi_1,0.5,0.05,0.0,0.0,0.0,0.0,True,0.9,0.9
qrtc,development:401:FG+FW:synergistic:0.50:0.10:0:qrtc,synergistic,pi_1,0.5,0.1,0.0,0.0,0.0,0.15000000000000002,True,0.75,0.9
random,development:401:FG+FW:synergistic:0.50:0.10:0:random,synergistic,pi_1,0.5,0.1,0.0,0.0,1.0,1.3,False,-0.4,0.9
cheapest_first,development:401:FG+FW:synergistic:0.50:0.10:0:cheapest_first,synergistic,pi_1,0.5,0.1,0.0,0.0,1.0,1.2,False,-0.3,0.9
highest_stage_posterior,development:401:FG+FW:synergistic:0.50:0.10:0:highest_stage_posterior,synergistic,pi_1,0.5,0.1,0.0,0.0,0.0,0.15000000000000002,True,0.75,0.9
greedy_gain,development:401:FG+FW:synergistic:0.50:0.10:0:greedy_gain,synergistic,pi_1,0.5,0.1,0.0,0.0,0.0,0.15000000000000002,True,0.75,0.9
end_to_end,development:401:FG+FW:synergistic:0.50:0.10:0:end_to_end,synergistic,pi_1,0.5,0.1,0.0,0.0,0.0,0.15000000000000002,True,0.75,0.9
oracle,development:401:FG+FW:synergistic:0.50:0.10:0:oracle,synergistic,pi_1,0.5,0.1,0.0,0.0,0.0,0.0,True,0.9,0.9
qrtc,development:401:FG+FW:synergistic:0.50:0.20:0:qrtc,synergistic,pi_1,0.5,0.2,0.0,0.0,0.0,0.15000000000000002,True,0.75,0.9
random,development:401:FG+FW:synergistic:0.50:0.20:0:random,synergistic,pi_1,0.5,0.2,0.0,0.0,0.0,0.15000000000000002,True,0.75,0.9
cheapest_first,development:401:FG+FW:synergistic:0.50:0.20:0:cheapest_first,synergistic,pi_1,0.5,0.2,0.0,0.0,1.0,1.2,False,-0.3,0.9
highest_stage_posterior,development:401:FG+FW:synergistic:0.50:0.20:0:highest_stage_posterior,synergistic,pi_1,0.5,0.2,0.0,0.0,0.0,0.15000000000000002,True,0.75,0.9
greedy_gain,development:401:FG+FW:synergistic:0.50:0.20:0:greedy_gain,synergistic,pi_1,0.5,0.2,0.0,0.0,0.0,0.15000000000000002,True,0.75,0.9
end_to_end,development:401:FG+FW:synergistic:0.50:0.20:0:end_to_end,synergistic,pi_1,0.5,0.2,0.0,0.0,0.0,0.15000000000000002,True,0.75,0.9
oracle,development:401:FG+FW:synergistic:0.50:0.20:0:oracle,synergistic,pi_1,0.5,0.2,0.0,0.0,0.0,0.0,True,0.9,0.9
qrtc,development:401:FG+FW:synergistic:0.75:0.00:0:qrtc,synergistic,pi_1,0.75,0.0,0.0,0.0,0.0,0.15000000000000002,True,0.75,0.9
random,development:401:FG+FW:synergistic:0.75:0.00:0:random,synergistic,pi_1,0.75,0.0,0.0,0.0,0.0,0.0,True,0.9,0.9
cheapest_first,development:401:FG+FW:synergistic:0.75:0.00:0:cheapest_first,synergistic,pi_1,0.75,0.0,0.0,0.0,1.0,1.2,False,-0.3,0.9
highest_stage_posterior,development:401:FG+FW:synergistic:0.75:0.00:0:highest_stage_posterior,synergistic,pi_1,0.75,0.0,0.0,0.0,0.0,0.15000000000000002,True,0.75,0.9
greedy_gain,development:401:FG+FW:synergistic:0.75:0.00:0:greedy_gain,synergistic,pi_1,0.75,0.0,0.0,0.0,0.0,0.15000000000000002,True,0.75,0.9
end_to_end,development:401:FG+FW:synergistic:0.75:0.00:0:end_to_end,synergistic,pi_1,0.75,0.0,0.0,0.0,0.0,0.15000000000000002,True,0.75,0.9
oracle,development:401:FG+FW:synergistic:0.75:0.00:0:oracle,synergistic,pi_1,0.75,0.0,0.0,0.0,0.0,0.0,True,0.9,0.9
qrtc,development:401:FG+FW:synergistic:0.75:0.05:0:qrtc,synergistic,pi_1,0.75,0.05,0.0,0.0,0.0,0.15000000000000002,True,0.75,0.9
random,development:401:FG+FW:synergistic:0.75:0.05:0:random,synergistic,pi_1,0.75,0.05,0.0,0.0,1.0,1.35,False,-0.45,0.9
cheapest_first,development:401:FG+FW:synergistic:0.75:0.05:0:cheapest_first,synergistic,pi_1,0.75,0.05,0.0,0.0,1.0,1.2,False,-0.3,0.9
highest_stage_posterior,development:401:FG+FW:synergistic:0.75:0.05:0:highest_stage_posterior,synergistic,pi_1,0.75,0.05,0.0,0.0,0.0,0.15000000000000002,True,0.75,0.9
greedy_gain,development:401:FG+FW:synergistic:0.75:0.05:0:greedy_gain,synergistic,pi_1,0.75,0.05,0.0,0.0,0.0,0.15000000000000002,True,0.75,0.9
end_to_end,development:401:FG+FW:synergistic:0.75:0.05:0:end_to_end,synergistic,pi_1,0.75,0.05,0.0,0.0,0.0,0.15000000000000002,True,0.75,0.9
oracle,development:401:FG+FW:synergistic:0.75:0.05:0:oracle,synergistic,pi_1,0.75,0.05,0.0,0.0,0.0,0.0,True,0.9,0.9
qrtc,development:401:FG+FW:synergistic:0.75:0.10:0:qrtc,synergistic,pi_1,0.75,0.1,0.0,0.0,0.0,0.15000000000000002,True,0.75,0.9
random,development:401:FG+FW:synergistic:0.75:0.10:0:random,synergistic,pi_1,0.75,0.1,0.0,0.0,1.0,1.2,False,-0.3,0.9
cheapest_first,development:401:FG+FW:synergistic:0.75:0.10:0:cheapest_first,synergistic,pi_1,0.75,0.1,0.0,0.0,1.0,1.2,False,-0.3,0.9
highest_stage_posterior,development:401:FG+FW:synergistic:0.75:0.10:0:highest_stage_posterior,synergistic,pi_1,0.75,0.1,0.0,0.0,0.0,0.15000000000000002,True,0.75,0.9
greedy_gain,development:401:FG+FW:synergistic:0.75:0.10:0:greedy_gain,synergistic,pi_1,0.75,0.1,0.0,0.0,0.0,0.15000000000000002,True,0.75,0.9
end_to_end,development:401:FG+FW:synergistic:0.75:0.10:0:end_to_end,synergistic,pi_1,0.75,0.1,0.0,0.0,0.0,0.15000000000000002,True,0.75,0.9
oracle,development:401:FG+FW:synergistic:0.75:0.10:0:oracle,synergistic,pi_1,0.75,0.1,0.0,0.0,0.0,0.0,True,0.9,0.9
qrtc,development:401:FG+FW:synergistic:0.75:0.20:0:qrtc,synergistic,pi_1,0.75,0.2,0.0,0.0,0.0,0.15000000000000002,True,0.75,0.9
random,development:401:FG+FW:synergistic:0.75:0.20:0:random,synergistic,pi_1,0.75,0.2,0.0,0.0,0.0,0.15000000000000002,True,0.75,0.9
cheapest_first,development:401:FG+FW:synergistic:0.75:0.20:0:cheapest_first,synergistic,pi_1,0.75,0.2,0.0,0.0,1.0,1.2,False,-0.3,0.9
highest_stage_posterior,development:401:FG+FW:synergistic:0.75:0.20:0:highest_stage_posterior,synergistic,pi_1,0.75,0.2,0.0,0.0,0.0,0.15000000000000002,True,0.75,0.9
greedy_gain,development:401:FG+FW:synergistic:0.75:0.20:0:greedy_gain,synergistic,pi_1,0.75,0.2,0.0,0.0,0.0,0.15000000000000002,True,0.75,0.9
end_to_end,development:401:FG+FW:synergistic:0.75:0.20:0:end_to_end,synergistic,pi_1,0.75,0.2,0.0,0.0,0.0,0.15000000000000002,True,0.75,0.9
oracle,development:401:FG+FW:synergistic:0.75:0.20:0:oracle,synergistic,pi_1,0.75,0.2,0.0,0.0,0.0,0.0,True,0.9,0.9
qrtc,development:401:FG+FW:synergistic:1.00:0.00:0:qrtc,synergistic,pi_1,1.0,0.0,0.0,0.0,0.0,0.15000000000000002,True,0.75,0.9
random,development:401:FG+FW:synergistic:1.00:0.00:0:random,synergistic,pi_1,1.0,0.0,0.0,0.0,1.0,1.2,False,-0.3,0.9
cheapest_first,development:401:FG+FW:synergistic:1.00:0.00:0:cheapest_first,synergistic,pi_1,1.0,0.0,0.0,0.0,1.0,1.2,False,-0.3,0.9
highest_stage_posterior,development:401:FG+FW:synergistic:1.00:0.00:0:highest_stage_posterior,synergistic,pi_1,1.0,0.0,0.0,0.0,0.0,0.15000000000000002,True,0.75,0.9
greedy_gain,development:401:FG+FW:synergistic:1.00:0.00:0:greedy_gain,synergistic,pi_1,1.0,0.0,0.0,0.0,0.0,0.15000000000000002,True,0.75,0.9
end_to_end,development:401:FG+FW:synergistic:1.00:0.00:0:end_to_end,synergistic,pi_1,1.0,0.0,0.0,0.0,0.0,0.15000000000000002,True,0.75,0.9
oracle,development:401:FG+FW:synergistic:1.00:0.00:0:oracle,synergistic,pi_1,1.0,0.0,0.0,0.0,0.0,0.0,True,0.9,0.9
qrtc,development:401:FG+FW:synergistic:1.00:0.05:0:qrtc,synergistic,pi_1,1.0,0.05,0.0,0.0,0.0,0.15000000000000002,True,0.75,0.9
random,development:401:FG+FW:synergistic:1.00:0.05:0:random,synergistic,pi_1,1.0,0.05,0.0,0.0,1.0,1.3,False,-0.4,0.9
cheapest_first,development:401:FG+FW:synergistic:1.00:0.05:0:cheapest_first,synergistic,pi_1,1.0,0.05,0.0,0.0,1.0,1.2,False,-0.3,0.9
highest_stage_posterior,development:401:FG+FW:synergistic:1.00:0.05:0:highest_stage_posterior,synergistic,pi_1,1.0,0.05,0.0,0.0,0.0,0.15000000000000002,True,0.75,0.9
greedy_gain,development:401:FG+FW:synergistic:1.00:0.05:0:greedy_gain,synergistic,pi_1,1.0,0.05,0.0,0.0,0.0,0.15000000000000002,True,0.75,0.9
end_to_end,development:401:FG+FW:synergistic:1.00:0.05:0:end_to_end,synergistic,pi_1,1.0,0.05,0.0,0.0,0.0,0.15000000000000002,True,0.75,0.9
oracle,development:401:FG+FW:synergistic:1.00:0.05:0:oracle,synergistic,pi_1,1.0,0.05,0.0,0.0,0.0,0.0,True,0.9,0.9
qrtc,development:401:FG+FW:synergistic:1.00:0.10:0:qrtc,synergistic,pi_1,1.0,0.1,0.0,0.0,0.0,0.15000000000000002,True,0.75,0.9
random,development:401:FG+FW:synergistic:1.00:0.10:0:random,synergistic,pi_1,1.0,0.1,0.0,0.0,1.0,1.35,False,-0.45,0.9
cheapest_first,development:401:FG+FW:synergistic:1.00:0.10:0:cheapest_first,synergistic,pi_1,1.0,0.1,0.0,0.0,1.0,1.2,False,-0.3,0.9
highest_stage_posterior,development:401:FG+FW:synergistic:1.00:0.10:0:highest_stage_posterior,synergistic,pi_1,1.0,0.1,0.0,0.0,0.0,0.15000000000000002,True,0.75,0.9
greedy_gain,development:401:FG+FW:synergistic:1.00:0.10:0:greedy_gain,synergistic,pi_1,1.0,0.1,0.0,0.0,0.0,0.15000000000000002,True,0.75,0.9
end_to_end,development:401:FG+FW:synergistic:1.00:0.10:0:end_to_end,synergistic,pi_1,1.0,0.1,0.0,0.0,0.0,0.15000000000000002,True,0.75,0.9
oracle,development:401:FG+FW:synergistic:1.00:0.10:0:oracle,synergistic,pi_1,1.0,0.1,0.0,0.0,0.0,0.0,True,0.9,0.9
qrtc,development:401:FG+FW:synergistic:1.00:0.20:0:qrtc,synergistic,pi_1,1.0,0.2,0.0,0.0,0.0,0.15000000000000002,True,0.75,0.9
random,development:401:FG+FW:synergistic:1.00:0.20:0:random,synergistic,pi_1,1.0,0.2,0.0,0.0,1.0,1.2,False,-0.3,0.9
cheapest_first,development:401:FG+FW:synergistic:1.00:0.20:0:cheapest_first,synergistic,pi_1,1.0,0.2,0.0,0.0,1.0,1.2,False,-0.3,0.9
highest_stage_posterior,development:401:FG+FW:synergistic:1.00:0.20:0:highest_stage_posterior,synergistic,pi_1,1.0,0.2,0.0,0.0,0.0,0.15000000000000002,True,0.75,0.9
greedy_gain,development:401:FG+FW:synergistic:1.00:0.20:0:greedy_gain,synergistic,pi_1,1.0,0.2,0.0,0.0,0.0,0.15000000000000002,True,0.75,0.9
end_to_end,development:401:FG+FW:synergistic:1.00:0.20:0:end_to_end,synergistic,pi_1,1.0,0.2,0.0,0.0,0.0,0.15000000000000002,True,0.75,0.9
oracle,development:401:FG+FW:synergistic:1.00:0.20:0:oracle,synergistic,pi_1,1.0,0.2,0.0,0.0,0.0,0.0,True,0.9,0.9
qrtc,development:401:FR+FJ:strict_masking:0.25:0.00:0:qrtc,strict_masking,pi_2,0.25,0.0,0.0,0.0,0.0,0.0,True,0.75,0.75
random,development:401:FR+FJ:strict_masking:0.25:0.00:0:random,strict_masking,pi_2,0.25,0.0,0.0,0.0,1.0,1.2,False,-0.45,0.75
cheapest_first,development:401:FR+FJ:strict_masking:0.25:0.00:0:cheapest_first,strict_masking,pi_2,0.25,0.0,0.0,0.0,1.0,1.05,False,-0.3,0.75
highest_stage_posterior,development:401:FR+FJ:strict_masking:0.25:0.00:0:highest_stage_posterior,strict_masking,pi_2,0.25,0.0,0.0,0.0,1.0,1.2,False,-0.45,0.75
greedy_gain,development:401:FR+FJ:strict_masking:0.25:0.00:0:greedy_gain,strict_masking,pi_2,0.25,0.0,0.0,0.0,0.0,0.0,True,0.75,0.75
end_to_end,development:401:FR+FJ:strict_masking:0.25:0.00:0:end_to_end,strict_masking,pi_2,0.25,0.0,0.0,0.0,1.0,1.05,False,-0.3,0.75
oracle,development:401:FR+FJ:strict_masking:0.25:0.00:0:oracle,strict_masking,pi_2,0.25,0.0,0.0,0.0,0.0,0.0,True,0.75,0.75
qrtc,development:401:FR+FJ:strict_masking:0.25:0.05:0:qrtc,strict_masking,pi_2,0.25,0.05,0.0,0.0,0.0,0.0,True,0.75,0.75
random,development:401:FR+FJ:strict_masking:0.25:0.05:0:random,strict_masking,pi_2,0.25,0.05,0.0,0.0,1.0,1.1,False,-0.35,0.75
cheapest_first,development:401:FR+FJ:strict_masking:0.25:0.05:0:cheapest_first,strict_masking,pi_2,0.25,0.05,0.0,0.0,1.0,1.05,False,-0.3,0.75
highest_stage_posterior,development:401:FR+FJ:strict_masking:0.25:0.05:0:highest_stage_posterior,strict_masking,pi_2,0.25,0.05,0.0,0.0,1.0,1.2,False,-0.45,0.75
greedy_gain,development:401:FR+FJ:strict_masking:0.25:0.05:0:greedy_gain,strict_masking,pi_2,0.25,0.05,0.0,0.0,0.0,0.0,True,0.75,0.75
end_to_end,development:401:FR+FJ:strict_masking:0.25:0.05:0:end_to_end,strict_masking,pi_2,0.25,0.05,0.0,0.0,1.0,1.05,False,-0.3,0.75
oracle,development:401:FR+FJ:strict_masking:0.25:0.05:0:oracle,strict_masking,pi_2,0.25,0.05,0.0,0.0,0.0,0.0,True,0.75,0.75
qrtc,development:401:FR+FJ:strict_masking:0.25:0.10:0:qrtc,strict_masking,pi_2,0.25,0.1,0.0,0.0,0.0,0.0,True,0.75,0.75
random,development:401:FR+FJ:strict_masking:0.25:0.10:0:random,strict_masking,pi_2,0.25,0.1,0.0,0.0,1.0,1.2,False,-0.45,0.75
cheapest_first,development:401:FR+FJ:strict_masking:0.25:0.10:0:cheapest_first,strict_masking,pi_2,0.25,0.1,0.0,0.0,1.0,1.05,False,-0.3,0.75
highest_stage_posterior,development:401:FR+FJ:strict_masking:0.25:0.10:0:highest_stage_posterior,strict_masking,pi_2,0.25,0.1,0.0,0.0,1.0,1.2,False,-0.45,0.75
greedy_gain,development:401:FR+FJ:strict_masking:0.25:0.10:0:greedy_gain,strict_masking,pi_2,0.25,0.1,0.0,0.0,0.0,0.0,True,0.75,0.75
end_to_end,development:401:FR+FJ:strict_masking:0.25:0.10:0:end_to_end,strict_masking,pi_2,0.25,0.1,0.0,0.0,1.0,1.05,False,-0.3,0.75
oracle,development:401:FR+FJ:strict_masking:0.25:0.10:0:oracle,strict_masking,pi_2,0.25,0.1,0.0,0.0,0.0,0.0,True,0.75,0.75
qrtc,development:401:FR+FJ:strict_masking:0.25:0.20:0:qrtc,strict_masking,pi_2,0.25,0.2,0.0,0.0,0.0,0.0,True,0.75,0.75
random,development:401:FR+FJ:strict_masking:0.25:0.20:0:random,strict_masking,pi_2,0.25,0.2,0.0,0.0,1.0,1.2,False,-0.45,0.75
cheapest_first,development:401:FR+FJ:strict_masking:0.25:0.20:0:cheapest_first,strict_masking,pi_2,0.25,0.2,0.0,0.0,1.0,1.05,False,-0.3,0.75
highest_stage_posterior,development:401:FR+FJ:strict_masking:0.25:0.20:0:highest_stage_posterior,strict_masking,pi_2,0.25,0.2,0.0,0.0,1.0,1.2,False,-0.45,0.75
greedy_gain,development:401:FR+FJ:strict_masking:0.25:0.20:0:greedy_gain,strict_masking,pi_2,0.25,0.2,0.0,0.0,0.0,0.0,True,0.75,0.75
end_to_end,development:401:FR+FJ:strict_masking:0.25:0.20:0:end_to_end,strict_masking,pi_2,0.25,0.2,0.0,0.0,1.0,1.05,False,-0.3,0.75
oracle,development:401:FR+FJ:strict_masking:0.25:0.20:0:oracle,strict_masking,pi_2,0.25,0.2,0.0,0.0,0.0,0.0,True,0.75,0.75
qrtc,development:401:FR+FJ:strict_masking:0.50:0.00:0:qrtc,strict_masking,pi_2,0.5,0.0,0.0,0.0,0.0,0.0,True,0.75,0.75
random,development:401:FR+FJ:strict_masking:0.50:0.00:0:random,strict_masking,pi_2,0.5,0.0,0.0,0.0,1.0,1.25,False,-0.5,0.75
cheapest_first,development:401:FR+FJ:strict_masking:0.50:0.00:0:cheapest_first,strict_masking,pi_2,0.5,0.0,0.0,0.0,1.0,1.05,False,-0.3,0.75
highest_stage_posterior,development:401:FR+FJ:strict_masking:0.50:0.00:0:highest_stage_posterior,strict_masking,pi_2,0.5,0.0,0.0,0.0,1.0,1.2,False,-0.45,0.75
greedy_gain,development:401:FR+FJ:strict_masking:0.50:0.00:0:greedy_gain,strict_masking,pi_2,0.5,0.0,0.0,0.0,0.0,0.0,True,0.75,0.75
end_to_end,development:401:FR+FJ:strict_masking:0.50:0.00:0:end_to_end,strict_masking,pi_2,0.5,0.0,0.0,0.0,1.0,1.05,False,-0.3,0.75
oracle,development:401:FR+FJ:strict_masking:0.50:0.00:0:oracle,strict_masking,pi_2,0.5,0.0,0.0,0.0,0.0,0.0,True,0.75,0.75
qrtc,development:401:FR+FJ:strict_masking:0.50:0.05:0:qrtc,strict_masking,pi_2,0.5,0.05,0.0,0.0,0.0,0.0,True,0.75,0.75
random,development:401:FR+FJ:strict_masking:0.50:0.05:0:random,strict_masking,pi_2,0.5,0.05,0.0,0.0,1.0,1.05,False,-0.3,0.75
cheapest_first,development:401:FR+FJ:strict_masking:0.50:0.05:0:cheapest_first,strict_masking,pi_2,0.5,0.05,0.0,0.0,1.0,1.05,False,-0.3,0.75
highest_stage_posterior,development:401:FR+FJ:strict_masking:0.50:0.05:0:highest_stage_posterior,strict_masking,pi_2,0.5,0.05,0.0,0.0,1.0,1.2,False,-0.45,0.75
greedy_gain,development:401:FR+FJ:strict_masking:0.50:0.05:0:greedy_gain,strict_masking,pi_2,0.5,0.05,0.0,0.0,0.0,0.0,True,0.75,0.75
end_to_end,development:401:FR+FJ:strict_masking:0.50:0.05:0:end_to_end,strict_masking,pi_2,0.5,0.05,0.0,0.0,1.0,1.05,False,-0.3,0.75
oracle,development:401:FR+FJ:strict_masking:0.50:0.05:0:oracle,strict_masking,pi_2,0.5,0.05,0.0,0.0,0.0,0.0,True,0.75,0.75
qrtc,development:401:FR+FJ:strict_masking:0.50:0.10:0:qrtc,strict_masking,pi_2,0.5,0.1,0.0,0.0,0.0,0.0,True,0.75,0.75
random,development:401:FR+FJ:strict_masking:0.50:0.10:0:random,strict_masking,pi_2,0.5,0.1,0.0,0.0,1.0,1.15,False,-0.4,0.75
cheapest_first,development:401:FR+FJ:strict_masking:0.50:0.10:0:cheapest_first,strict_masking,pi_2,0.5,0.1,0.0,0.0,1.0,1.05,False,-0.3,0.75
highest_stage_posterior,development:401:FR+FJ:strict_masking:0.50:0.10:0:highest_stage_posterior,strict_masking,pi_2,0.5,0.1,0.0,0.0,1.0,1.2,False,-0.45,0.75
greedy_gain,development:401:FR+FJ:strict_masking:0.50:0.10:0:greedy_gain,strict_masking,pi_2,0.5,0.1,0.0,0.0,0.0,0.0,True,0.75,0.75
end_to_end,development:401:FR+FJ:strict_masking:0.50:0.10:0:end_to_end,strict_masking,pi_2,0.5,0.1,0.0,0.0,1.0,1.05,False,-0.3,0.75
oracle,development:401:FR+FJ:strict_masking:0.50:0.10:0:oracle,strict_masking,pi_2,0.5,0.1,0.0,0.0,0.0,0.0,True,0.75,0.75
qrtc,development:401:FR+FJ:strict_masking:0.50:0.20:0:qrtc,strict_masking,pi_2,0.5,0.2,0.0,0.0,0.0,0.0,True,0.75,0.75
random,development:401:FR+FJ:strict_masking:0.50:0.20:0:random,strict_masking,pi_2,0.5,0.2,0.0,0.0,1.0,1.25,False,-0.5,0.75
cheapest_first,development:401:FR+FJ:strict_masking:0.50:0.20:0:cheapest_first,strict_masking,pi_2,0.5,0.2,0.0,0.0,1.0,1.05,False,-0.3,0.75
highest_stage_posterior,development:401:FR+FJ:strict_masking:0.50:0.20:0:highest_stage_posterior,strict_masking,pi_2,0.5,0.2,0.0,0.0,1.0,1.2,False,-0.45,0.75
greedy_gain,development:401:FR+FJ:strict_masking:0.50:0.20:0:greedy_gain,strict_masking,pi_2,0.5,0.2,0.0,0.0,0.0,0.0,True,0.75,0.75
end_to_end,development:401:FR+FJ:strict_masking:0.50:0.20:0:end_to_end,strict_masking,pi_2,0.5,0.2,0.0,0.0,1.0,1.05,False,-0.3,0.75
oracle,development:401:FR+FJ:strict_masking:0.50:0.20:0:oracle,strict_masking,pi_2,0.5,0.2,0.0,0.0,0.0,0.0,True,0.75,0.75
qrtc,development:401:FR+FJ:strict_masking:0.75:0.00:0:qrtc,strict_masking,pi_2,0.75,0.0,0.0,0.0,0.0,0.0,True,0.75,0.75
random,development:401:FR+FJ:strict_masking:0.75:0.00:0:random,strict_masking,pi_2,0.75,0.0,0.0,0.0,1.0,1.1,False,-0.35,0.75
cheapest_first,development:401:FR+FJ:strict_masking:0.75:0.00:0:cheapest_first,strict_masking,pi_2,0.75,0.0,0.0,0.0,1.0,1.05,False,-0.3,0.75
highest_stage_posterior,development:401:FR+FJ:strict_masking:0.75:0.00:0:highest_stage_posterior,strict_masking,pi_2,0.75,0.0,0.0,0.0,1.0,1.2,False,-0.45,0.75
greedy_gain,development:401:FR+FJ:strict_masking:0.75:0.00:0:greedy_gain,strict_masking,pi_2,0.75,0.0,0.0,0.0,0.0,0.0,True,0.75,0.75
end_to_end,development:401:FR+FJ:strict_masking:0.75:0.00:0:end_to_end,strict_masking,pi_2,0.75,0.0,0.0,0.0,1.0,1.05,False,-0.3,0.75
oracle,development:401:FR+FJ:strict_masking:0.75:0.00:0:oracle,strict_masking,pi_2,0.75,0.0,0.0,0.0,0.0,0.0,True,0.75,0.75
qrtc,development:401:FR+FJ:strict_masking:0.75:0.05:0:qrtc,strict_masking,pi_2,0.75,0.05,0.0,0.0,0.0,0.0,True,0.75,0.75
random,development:401:FR+FJ:strict_masking:0.75:0.05:0:random,strict_masking,pi_2,0.75,0.05,0.0,0.0,1.0,1.2,False,-0.45,0.75
cheapest_first,development:401:FR+FJ:strict_masking:0.75:0.05:0:cheapest_first,strict_masking,pi_2,0.75,0.05,0.0,0.0,1.0,1.05,False,-0.3,0.75
highest_stage_posterior,development:401:FR+FJ:strict_masking:0.75:0.05:0:highest_stage_posterior,strict_masking,pi_2,0.75,0.05,0.0,0.0,1.0,1.2,False,-0.45,0.75
greedy_gain,development:401:FR+FJ:strict_masking:0.75:0.05:0:greedy_gain,strict_masking,pi_2,0.75,0.05,0.0,0.0,0.0,0.0,True,0.75,0.75
end_to_end,development:401:FR+FJ:strict_masking:0.75:0.05:0:end_to_end,strict_masking,pi_2,0.75,0.05,0.0,0.0,1.0,1.05,False,-0.3,0.75
oracle,development:401:FR+FJ:strict_masking:0.75:0.05:0:oracle,strict_masking,pi_2,0.75,0.05,0.0,0.0,0.0,0.0,True,0.75,0.75
qrtc,development:401:FR+FJ:strict_masking:0.75:0.10:0:qrtc,strict_masking,pi_2,0.75,0.1,0.0,0.0,0.0,0.0,True,0.75,0.75
random,development:401:FR+FJ:strict_masking:0.75:0.10:0:random,strict_masking,pi_2,0.75,0.1,0.0,0.0,1.0,1.05,False,-0.3,0.75
cheapest_first,development:401:FR+FJ:strict_masking:0.75:0.10:0:cheapest_first,strict_masking,pi_2,0.75,0.1,0.0,0.0,1.0,1.05,False,-0.3,0.75
highest_stage_posterior,development:401:FR+FJ:strict_masking:0.75:0.10:0:highest_stage_posterior,strict_masking,pi_2,0.75,0.1,0.0,0.0,1.0,1.2,False,-0.45,0.75
greedy_gain,development:401:FR+FJ:strict_masking:0.75:0.10:0:greedy_gain,strict_masking,pi_2,0.75,0.1,0.0,0.0,0.0,0.0,True,0.75,0.75
end_to_end,development:401:FR+FJ:strict_masking:0.75:0.10:0:end_to_end,strict_masking,pi_2,0.75,0.1,0.0,0.0,1.0,1.05,False,-0.3,0.75
oracle,development:401:FR+FJ:strict_masking:0.75:0.10:0:oracle,strict_masking,pi_2,0.75,0.1,0.0,0.0,0.0,0.0,True,0.75,0.75
qrtc,development:401:FR+FJ:strict_masking:0.75:0.20:0:qrtc,strict_masking,pi_2,0.75,0.2,0.0,0.0,0.0,0.0,True,0.75,0.75
random,development:401:FR+FJ:strict_masking:0.75:0.20:0:random,strict_masking,pi_2,0.75,0.2,0.0,0.0,1.0,1.25,False,-0.5,0.75
cheapest_first,development:401:FR+FJ:strict_masking:0.75:0.20:0:cheapest_first,strict_masking,pi_2,0.75,0.2,0.0,0.0,1.0,1.05,False,-0.3,0.75
highest_stage_posterior,development:401:FR+FJ:strict_masking:0.75:0.20:0:highest_stage_posterior,strict_masking,pi_2,0.75,0.2,0.0,0.0,1.0,1.2,False,-0.45,0.75
greedy_gain,development:401:FR+FJ:strict_masking:0.75:0.20:0:greedy_gain,strict_masking,pi_2,0.75,0.2,0.0,0.0,0.0,0.0,True,0.75,0.75
end_to_end,development:401:FR+FJ:strict_masking:0.75:0.20:0:end_to_end,strict_masking,pi_2,0.75,0.2,0.0,0.0,1.0,1.05,False,-0.3,0.75
oracle,development:401:FR+FJ:strict_masking:0.75:0.20:0:oracle,strict_masking,pi_2,0.75,0.2,0.0,0.0,0.0,0.0,True,0.75,0.75
qrtc,development:401:FR+FJ:strict_masking:1.00:0.00:0:qrtc,strict_masking,pi_2,1.0,0.0,0.0,0.0,0.0,0.0,True,0.75,0.75
random,development:401:FR+FJ:strict_masking:1.00:0.00:0:random,strict_masking,pi_2,1.0,0.0,0.0,0.0,1.0,1.05,False,-0.3,0.75
cheapest_first,development:401:FR+FJ:strict_masking:1.00:0.00:0:cheapest_first,strict_masking,pi_2,1.0,0.0,0.0,0.0,1.0,1.05,False,-0.3,0.75
highest_stage_posterior,development:401:FR+FJ:strict_masking:1.00:0.00:0:highest_stage_posterior,strict_masking,pi_2,1.0,0.0,0.0,0.0,1.0,1.2,False,-0.45,0.75
greedy_gain,development:401:FR+FJ:strict_masking:1.00:0.00:0:greedy_gain,strict_masking,pi_2,1.0,0.0,0.0,0.0,0.0,0.0,True,0.75,0.75
end_to_end,development:401:FR+FJ:strict_masking:1.00:0.00:0:end_to_end,strict_masking,pi_2,1.0,0.0,0.0,0.0,1.0,1.05,False,-0.3,0.75
oracle,development:401:FR+FJ:strict_masking:1.00:0.00:0:oracle,strict_masking,pi_2,1.0,0.0,0.0,0.0,0.0,0.0,True,0.75,0.75
qrtc,development:401:FR+FJ:strict_masking:1.00:0.05:0:qrtc,strict_masking,pi_2,1.0,0.05,0.0,0.0,0.0,0.0,True,0.75,0.75
random,development:401:FR+FJ:strict_masking:1.00:0.05:0:random,strict_masking,pi_2,1.0,0.05,0.0,0.0,1.0,1.15,False,-0.4,0.75
cheapest_first,development:401:FR+FJ:strict_masking:1.00:0.05:0:cheapest_first,strict_masking,pi_2,1.0,0.05,0.0,0.0,1.0,1.05,False,-0.3,0.75
highest_stage_posterior,development:401:FR+FJ:strict_masking:1.00:0.05:0:highest_stage_posterior,strict_masking,pi_2,1.0,0.05,0.0,0.0,1.0,1.2,False,-0.45,0.75
greedy_gain,development:401:FR+FJ:strict_masking:1.00:0.05:0:greedy_gain,strict_masking,pi_2,1.0,0.05,0.0,0.0,0.0,0.0,True,0.75,0.75
end_to_end,development:401:FR+FJ:strict_masking:1.00:0.05:0:end_to_end,strict_masking,pi_2,1.0,0.05,0.0,0.0,1.0,1.05,False,-0.3,0.75
oracle,development:401:FR+FJ:strict_masking:1.00:0.05:0:oracle,strict_masking,pi_2,1.0,0.05,0.0,0.0,0.0,0.0,True,0.75,0.75
qrtc,development:401:FR+FJ:strict_masking:1.00:0.10:0:qrtc,strict_masking,pi_2,1.0,0.1,0.0,0.0,0.0,0.0,True,0.75,0.75
random,development:401:FR+FJ:strict_masking:1.00:0.10:0:random,strict_masking,pi_2,1.0,0.1,0.0,0.0,1.0,1.2,False,-0.45,0.75
cheapest_first,development:401:FR+FJ:strict_masking:1.00:0.10:0:cheapest_first,strict_masking,pi_2,1.0,0.1,0.0,0.0,1.0,1.05,False,-0.3,0.75
highest_stage_posterior,development:401:FR+FJ:strict_masking:1.00:0.10:0:highest_stage_posterior,strict_masking,pi_2,1.0,0.1,0.0,0.0,1.0,1.2,False,-0.45,0.75
greedy_gain,development:401:FR+FJ:strict_masking:1.00:0.10:0:greedy_gain,strict_masking,pi_2,1.0,0.1,0.0,0.0,0.0,0.0,True,0.75,0.75
end_to_end,development:401:FR+FJ:strict_masking:1.00:0.10:0:end_to_end,strict_masking,pi_2,1.0,0.1,0.0,0.0,1.0,1.05,False,-0.3,0.75
oracle,development:401:FR+FJ:strict_masking:1.00:0.10:0:oracle,strict_masking,pi_2,1.0,0.1,0.0,0.0,0.0,0.0,True,0.75,0.75
qrtc,development:401:FR+FJ:strict_masking:1.00:0.20:0:qrtc,strict_masking,pi_2,1.0,0.2,0.0,0.0,0.0,0.0,True,0.75,0.75
random,development:401:FR+FJ:strict_masking:1.00:0.20:0:random,strict_masking,pi_2,1.0,0.2,0.0,0.0,1.0,1.05,False,-0.3,0.75
cheapest_first,development:401:FR+FJ:strict_masking:1.00:0.20:0:cheapest_first,strict_masking,pi_2,1.0,0.2,0.0,0.0,1.0,1.05,False,-0.3,0.75
highest_stage_posterior,development:401:FR+FJ:strict_masking:1.00:0.20:0:highest_stage_posterior,strict_masking,pi_2,1.0,0.2,0.0,0.0,1.0,1.2,False,-0.45,0.75
greedy_gain,development:401:FR+FJ:strict_masking:1.00:0.20:0:greedy_gain,strict_masking,pi_2,1.0,0.2,0.0,0.0,0.0,0.0,True,0.75,0.75
end_to_end,development:401:FR+FJ:strict_masking:1.00:0.20:0:end_to_end,strict_masking,pi_2,1.0,0.2,0.0,0.0,1.0,1.05,False,-0.3,0.75
oracle,development:401:FR+FJ:strict_masking:1.00:0.20:0:oracle,strict_masking,pi_2,1.0,0.2,0.0,0.0,0.0,0.0,True,0.75,0.75
qrtc,development:401:FR+FJ:soft_masking:0.25:0.00:0:qrtc,soft_masking,pi_2,0.25,0.0,0.0,0.0,0.0,0.19999999999999996,True,0.75,0.95
random,development:401:FR+FJ:soft_masking:0.25:0.00:0:random,soft_masking,pi_2,0.25,0.0,0.0,0.0,1.0,1.4,False,-0.45,0.95
cheapest_first,development:401:FR+FJ:soft_masking:0.25:0.00:0:cheapest_first,soft_masking,pi_2,0.25,0.0,0.0,0.0,0.0,0.0,True,0.95,0.95
highest_stage_posterior,development:401:FR+FJ:soft_masking:0.25:0.00:0:highest_stage_posterior,soft_masking,pi_2,0.25,0.0,0.0,0.0,0.0,0.1499999999999999,True,0.8,0.95
greedy_gain,development:401:FR+FJ:soft_masking:0.25:0.00:0:greedy_gain,soft_masking,pi_2,0.25,0.0,0.0,0.0,0.0,0.1499999999999999,True,0.8,0.95
end_to_end,development:401:FR+FJ:soft_masking:0.25:0.00:0:end_to_end,soft_masking,pi_2,0.25,0.0,0.0,0.0,0.0,0.1499999999999999,True,0.8,0.95
oracle,development:401:FR+FJ:soft_masking:0.25:0.00:0:oracle,soft_masking,pi_2,0.25,0.0,0.0,0.0,0.0,0.0,True,0.95,0.95
qrtc,development:401:FR+FJ:soft_masking:0.25:0.05:0:qrtc,soft_masking,pi_2,0.25,0.05,0.0,0.0,0.0,0.19999999999999996,True,0.75,0.95
random,development:401:FR+FJ:soft_masking:0.25:0.05:0:random,soft_masking,pi_2,0.25,0.05,0.0,0.0,1.0,1.2999999999999998,False,-0.35,0.95
cheapest_first,development:401:FR+FJ:soft_masking:0.25:0.05:0:cheapest_first,soft_masking,pi_2,0.25,0.05,0.0,0.0,0.0,0.0,True,0.95,0.95
highest_stage_posterior,development:401:FR+FJ:soft_masking:0.25:0.05:0:highest_stage_posterior,soft_masking,pi_2,0.25,0.05,0.0,0.0,0.0,0.1499999999999999,True,0.8,0.95
greedy_gain,development:401:FR+FJ:soft_masking:0.25:0.05:0:greedy_gain,soft_masking,pi_2,0.25,0.05,0.0,0.0,0.0,0.1499999999999999,True,0.8,0.95
end_to_end,development:401:FR+FJ:soft_masking:0.25:0.05:0:end_to_end,soft_masking,pi_2,0.25,0.05,0.0,0.0,0.0,0.1499999999999999,True,0.8,0.95
oracle,development:401:FR+FJ:soft_masking:0.25:0.05:0:oracle,soft_masking,pi_2,0.25,0.05,0.0,0.0,0.0,0.0,True,0.95,0.95
qrtc,development:401:FR+FJ:soft_masking:0.25:0.10:0:qrtc,soft_masking,pi_2,0.25,0.1,0.0,0.0,0.0,0.19999999999999996,True,0.75,0.95
random,development:401:FR+FJ:soft_masking:0.25:0.10:0:random,soft_masking,pi_2,0.25,0.1,0.0,0.0,1.0,1.4,False,-0.45,0.95
cheapest_first,development:401:FR+FJ:soft_masking:0.25:0.10:0:cheapest_first,soft_masking,pi_2,0.25,0.1,0.0,0.0,0.0,0.0,True,0.95,0.95
highest_stage_posterior,development:401:FR+FJ:soft_masking:0.25:0.10:0:highest_stage_posterior,soft_masking,pi_2,0.25,0.1,0.0,0.0,0.0,0.1499999999999999,True,0.8,0.95
greedy_gain,development:401:FR+FJ:soft_masking:0.25:0.10:0:greedy_gain,soft_masking,pi_2,0.25,0.1,0.0,0.0,0.0,0.1499999999999999,True,0.8,0.95
end_to_end,development:401:FR+FJ:soft_masking:0.25:0.10:0:end_to_end,soft_masking,pi_2,0.25,0.1,0.0,0.0,0.0,0.1499999999999999,True,0.8,0.95
oracle,development:401:FR+FJ:soft_masking:0.25:0.10:0:oracle,soft_masking,pi_2,0.25,0.1,0.0,0.0,0.0,0.0,True,0.95,0.95
qrtc,development:401:FR+FJ:soft_masking:0.25:0.20:0:qrtc,soft_masking,pi_2,0.25,0.2,0.0,0.0,0.0,0.19999999999999996,True,0.75,0.95
random,development:401:FR+FJ:soft_masking:0.25:0.20:0:random,soft_masking,pi_2,0.25,0.2,0.0,0.0,0.0,0.1499999999999999,True,0.8,0.95
cheapest_first,development:401:FR+FJ:soft_masking:0.25:0.20:0:cheapest_first,soft_masking,pi_2,0.25,0.2,0.0,0.0,0.0,0.0,True,0.95,0.95
highest_stage_posterior,development:401:FR+FJ:soft_masking:0.25:0.20:0:highest_stage_posterior,soft_masking,pi_2,0.25,0.2,0.0,0.0,0.0,0.1499999999999999,True,0.8,0.95
greedy_gain,development:401:FR+FJ:soft_masking:0.25:0.20:0:greedy_gain,soft_masking,pi_2,0.25,0.2,0.0,0.0,0.0,0.1499999999999999,True,0.8,0.95
end_to_end,development:401:FR+FJ:soft_masking:0.25:0.20:0:end_to_end,soft_masking,pi_2,0.25,0.2,0.0,0.0,0.0,0.1499999999999999,True,0.8,0.95
oracle,development:401:FR+FJ:soft_masking:0.25:0.20:0:oracle,soft_masking,pi_2,0.25,0.2,0.0,0.0,0.0,0.0,True,0.95,0.95
qrtc,development:401:FR+FJ:soft_masking:0.50:0.00:0:qrtc,soft_masking,pi_2,0.5,0.0,0.0,0.0,0.0,0.19999999999999996,True,0.75,0.95
random,development:401:FR+FJ:soft_masking:0.50:0.00:0:random,soft_masking,pi_2,0.5,0.0,0.0,0.0,1.0,1.45,False,-0.5,0.95
cheapest_first,development:401:FR+FJ:soft_masking:0.50:0.00:0:cheapest_first,soft_masking,pi_2,0.5,0.0,0.0,0.0,0.0,0.0,True,0.95,0.95
highest_stage_posterior,development:401:FR+FJ:soft_masking:0.50:0.00:0:highest_stage_posterior,soft_masking,pi_2,0.5,0.0,0.0,0.0,0.0,0.1499999999999999,True,0.8,0.95
greedy_gain,development:401:FR+FJ:soft_masking:0.50:0.00:0:greedy_gain,soft_masking,pi_2,0.5,0.0,0.0,0.0,0.0,0.1499999999999999,True,0.8,0.95
end_to_end,development:401:FR+FJ:soft_masking:0.50:0.00:0:end_to_end,soft_masking,pi_2,0.5,0.0,0.0,0.0,0.0,0.1499999999999999,True,0.8,0.95
oracle,development:401:FR+FJ:soft_masking:0.50:0.00:0:oracle,soft_masking,pi_2,0.5,0.0,0.0,0.0,0.0,0.0,True,0.95,0.95
qrtc,development:401:FR+FJ:soft_masking:0.50:0.05:0:qrtc,soft_masking,pi_2,0.5,0.05,0.0,0.0,0.0,0.19999999999999996,True,0.75,0.95
random,development:401:FR+FJ:soft_masking:0.50:0.05:0:random,soft_masking,pi_2,0.5,0.05,0.0,0.0,0.0,0.0,True,0.95,0.95
cheapest_first,development:401:FR+FJ:soft_masking:0.50:0.05:0:cheapest_first,soft_masking,pi_2,0.5,0.05,0.0,0.0,0.0,0.0,True,0.95,0.95
highest_stage_posterior,development:401:FR+FJ:soft_masking:0.50:0.05:0:highest_stage_posterior,soft_masking,pi_2,0.5,0.05,0.0,0.0,0.0,0.1499999999999999,True,0.8,0.95
greedy_gain,development:401:FR+FJ:soft_masking:0.50:0.05:0:greedy_gain,soft_masking,pi_2,0.5,0.05,0.0,0.0,0.0,0.1499999999999999,True,0.8,0.95
end_to_end,development:401:FR+FJ:soft_masking:0.50:0.05:0:end_to_end,soft_masking,pi_2,0.5,0.05,0.0,0.0,0.0,0.1499999999999999,True,0.8,0.95
oracle,development:401:FR+FJ:soft_masking:0.50:0.05:0:oracle,soft_masking,pi_2,0.5,0.05,0.0,0.0,0.0,0.0,True,0.95,0.95
qrtc,development:401:FR+FJ:soft_masking:0.50:0.10:0:qrtc,soft_masking,pi_2,0.5,0.1,0.0,0.0,0.0,0.19999999999999996,True,0.75,0.95
random,development:401:FR+FJ:soft_masking:0.50:0.10:0:random,soft_masking,pi_2,0.5,0.1,0.0,0.0,1.0,1.35,False,-0.4,0.95
cheapest_first,development:401:FR+FJ:soft_masking:0.50:0.10:0:cheapest_first,soft_masking,pi_2,0.5,0.1,0.0,0.0,0.0,0.0,True,0.95,0.95
highest_stage_posterior,development:401:FR+FJ:soft_masking:0.50:0.10:0:highest_stage_posterior,soft_masking,pi_2,0.5,0.1,0.0,0.0,0.0,0.1499999999999999,True,0.8,0.95
greedy_gain,development:401:FR+FJ:soft_masking:0.50:0.10:0:greedy_gain,soft_masking,pi_2,0.5,0.1,0.0,0.0,0.0,0.1499999999999999,True,0.8,0.95
end_to_end,development:401:FR+FJ:soft_masking:0.50:0.10:0:end_to_end,soft_masking,pi_2,0.5,0.1,0.0,0.0,0.0,0.1499999999999999,True,0.8,0.95
oracle,development:401:FR+FJ:soft_masking:0.50:0.10:0:oracle,soft_masking,pi_2,0.5,0.1,0.0,0.0,0.0,0.0,True,0.95,0.95
qrtc,development:401:FR+FJ:soft_masking:0.50:0.20:0:qrtc,soft_masking,pi_2,0.5,0.2,0.0,0.0,0.0,0.19999999999999996,True,0.75,0.95
random,development:401:FR+FJ:soft_masking:0.50:0.20:0:random,soft_masking,pi_2,0.5,0.2,0.0,0.0,1.0,1.45,False,-0.5,0.95
cheapest_first,development:401:FR+FJ:soft_masking:0.50:0.20:0:cheapest_first,soft_masking,pi_2,0.5,0.2,0.0,0.0,0.0,0.0,True,0.95,0.95
highest_stage_posterior,development:401:FR+FJ:soft_masking:0.50:0.20:0:highest_stage_posterior,soft_masking,pi_2,0.5,0.2,0.0,0.0,0.0,0.1499999999999999,True,0.8,0.95
greedy_gain,development:401:FR+FJ:soft_masking:0.50:0.20:0:greedy_gain,soft_masking,pi_2,0.5,0.2,0.0,0.0,0.0,0.1499999999999999,True,0.8,0.95
end_to_end,development:401:FR+FJ:soft_masking:0.50:0.20:0:end_to_end,soft_masking,pi_2,0.5,0.2,0.0,0.0,0.0,0.1499999999999999,True,0.8,0.95
oracle,development:401:FR+FJ:soft_masking:0.50:0.20:0:oracle,soft_masking,pi_2,0.5,0.2,0.0,0.0,0.0,0.0,True,0.95,0.95
qrtc,development:401:FR+FJ:soft_masking:0.75:0.00:0:qrtc,soft_masking,pi_2,0.75,0.0,0.0,0.0,0.0,0.19999999999999996,True,0.75,0.95
random,development:401:FR+FJ:soft_masking:0.75:0.00:0:random,soft_masking,pi_2,0.75,0.0,0.0,0.0,1.0,1.2999999999999998,False,-0.35,0.95
cheapest_first,development:401:FR+FJ:soft_masking:0.75:0.00:0:cheapest_first,soft_masking,pi_2,0.75,0.0,0.0,0.0,0.0,0.0,True,0.95,0.95
highest_stage_posterior,development:401:FR+FJ:soft_masking:0.75:0.00:0:highest_stage_posterior,soft_masking,pi_2,0.75,0.0,0.0,0.0,0.0,0.1499999999999999,True,0.8,0.95
greedy_gain,development:401:FR+FJ:soft_masking:0.75:0.00:0:greedy_gain,soft_masking,pi_2,0.75,0.0,0.0,0.0,0.0,0.1499999999999999,True,0.8,0.95
end_to_end,development:401:FR+FJ:soft_masking:0.75:0.00:0:end_to_end,soft_masking,pi_2,0.75,0.0,0.0,0.0,0.0,0.1499999999999999,True,0.8,0.95
oracle,development:401:FR+FJ:soft_masking:0.75:0.00:0:oracle,soft_masking,pi_2,0.75,0.0,0.0,0.0,0.0,0.0,True,0.95,0.95
qrtc,development:401:FR+FJ:soft_masking:0.75:0.05:0:qrtc,soft_masking,pi_2,0.75,0.05,0.0,0.0,0.0,0.19999999999999996,True,0.75,0.95
random,development:401:FR+FJ:soft_masking:0.75:0.05:0:random,soft_masking,pi_2,0.75,0.05,0.0,0.0,1.0,1.4,False,-0.45,0.95
cheapest_first,development:401:FR+FJ:soft_masking:0.75:0.05:0:cheapest_first,soft_masking,pi_2,0.75,0.05,0.0,0.0,0.0,0.0,True,0.95,0.95
highest_stage_posterior,development:401:FR+FJ:soft_masking:0.75:0.05:0:highest_stage_posterior,soft_masking,pi_2,0.75,0.05,0.0,0.0,0.0,0.1499999999999999,True,0.8,0.95
greedy_gain,development:401:FR+FJ:soft_masking:0.75:0.05:0:greedy_gain,soft_masking,pi_2,0.75,0.05,0.0,0.0,0.0,0.1499999999999999,True,0.8,0.95
end_to_end,development:401:FR+FJ:soft_masking:0.75:0.05:0:end_to_end,soft_masking,pi_2,0.75,0.05,0.0,0.0,0.0,0.1499999999999999,True,0.8,0.95
oracle,development:401:FR+FJ:soft_masking:0.75:0.05:0:oracle,soft_masking,pi_2,0.75,0.05,0.0,0.0,0.0,0.0,True,0.95,0.95
qrtc,development:401:FR+FJ:soft_masking:0.75:0.10:0:qrtc,soft_masking,pi_2,0.75,0.1,0.0,0.0,0.0,0.19999999999999996,True,0.75,0.95
random,development:401:FR+FJ:soft_masking:0.75:0.10:0:random,soft_masking,pi_2,0.75,0.1,0.0,0.0,1.0,1.25,False,-0.3,0.95
cheapest_first,development:401:FR+FJ:soft_masking:0.75:0.10:0:cheapest_first,soft_masking,pi_2,0.75,0.1,0.0,0.0,0.0,0.0,True,0.95,0.95
highest_stage_posterior,development:401:FR+FJ:soft_masking:0.75:0.10:0:highest_stage_posterior,soft_masking,pi_2,0.75,0.1,0.0,0.0,0.0,0.1499999999999999,True,0.8,0.95
greedy_gain,development:401:FR+FJ:soft_masking:0.75:0.10:0:greedy_gain,soft_masking,pi_2,0.75,0.1,0.0,0.0,0.0,0.1499999999999999,True,0.8,0.95
end_to_end,development:401:FR+FJ:soft_masking:0.75:0.10:0:end_to_end,soft_masking,pi_2,0.75,0.1,0.0,0.0,0.0,0.1499999999999999,True,0.8,0.95
oracle,development:401:FR+FJ:soft_masking:0.75:0.10:0:oracle,soft_masking,pi_2,0.75,0.1,0.0,0.0,0.0,0.0,True,0.95,0.95
qrtc,development:401:FR+FJ:soft_masking:0.75:0.20:0:qrtc,soft_masking,pi_2,0.75,0.2,0.0,0.0,0.0,0.19999999999999996,True,0.75,0.95
random,development:401:FR+FJ:soft_masking:0.75:0.20:0:random,soft_masking,pi_2,0.75,0.2,0.0,0.0,1.0,1.45,False,-0.5,0.95
cheapest_first,development:401:FR+FJ:soft_masking:0.75:0.20:0:cheapest_first,soft_masking,pi_2,0.75,0.2,0.0,0.0,0.0,0.0,True,0.95,0.95
highest_stage_posterior,development:401:FR+FJ:soft_masking:0.75:0.20:0:highest_stage_posterior,soft_masking,pi_2,0.75,0.2,0.0,0.0,0.0,0.1499999999999999,True,0.8,0.95
greedy_gain,development:401:FR+FJ:soft_masking:0.75:0.20:0:greedy_gain,soft_masking,pi_2,0.75,0.2,0.0,0.0,0.0,0.1499999999999999,True,0.8,0.95
end_to_end,development:401:FR+FJ:soft_masking:0.75:0.20:0:end_to_end,soft_masking,pi_2,0.75,0.2,0.0,0.0,0.0,0.1499999999999999,True,0.8,0.95
oracle,development:401:FR+FJ:soft_masking:0.75:0.20:0:oracle,soft_masking,pi_2,0.75,0.2,0.0,0.0,0.0,0.0,True,0.95,0.95
qrtc,development:401:FR+FJ:soft_masking:1.00:0.00:0:qrtc,soft_masking,pi_2,1.0,0.0,0.0,0.0,0.0,0.19999999999999996,True,0.75,0.95
random,development:401:FR+FJ:soft_masking:1.00:0.00:0:random,soft_masking,pi_2,1.0,0.0,0.0,0.0,0.0,0.0,True,0.95,0.95
cheapest_first,development:401:FR+FJ:soft_masking:1.00:0.00:0:cheapest_first,soft_masking,pi_2,1.0,0.0,0.0,0.0,0.0,0.0,True,0.95,0.95
highest_stage_posterior,development:401:FR+FJ:soft_masking:1.00:0.00:0:highest_stage_posterior,soft_masking,pi_2,1.0,0.0,0.0,0.0,0.0,0.1499999999999999,True,0.8,0.95
greedy_gain,development:401:FR+FJ:soft_masking:1.00:0.00:0:greedy_gain,soft_masking,pi_2,1.0,0.0,0.0,0.0,0.0,0.1499999999999999,True,0.8,0.95
end_to_end,development:401:FR+FJ:soft_masking:1.00:0.00:0:end_to_end,soft_masking,pi_2,1.0,0.0,0.0,0.0,0.0,0.1499999999999999,True,0.8,0.95
oracle,development:401:FR+FJ:soft_masking:1.00:0.00:0:oracle,soft_masking,pi_2,1.0,0.0,0.0,0.0,0.0,0.0,True,0.95,0.95
qrtc,development:401:FR+FJ:soft_masking:1.00:0.05:0:qrtc,soft_masking,pi_2,1.0,0.05,0.0,0.0,0.0,0.19999999999999996,True,0.75,0.95
random,development:401:FR+FJ:soft_masking:1.00:0.05:0:random,soft_masking,pi_2,1.0,0.05,0.0,0.0,1.0,1.35,False,-0.4,0.95
cheapest_first,development:401:FR+FJ:soft_masking:1.00:0.05:0:cheapest_first,soft_masking,pi_2,1.0,0.05,0.0,0.0,0.0,0.0,True,0.95,0.95
highest_stage_posterior,development:401:FR+FJ:soft_masking:1.00:0.05:0:highest_stage_posterior,soft_masking,pi_2,1.0,0.05,0.0,0.0,0.0,0.1499999999999999,True,0.8,0.95
greedy_gain,development:401:FR+FJ:soft_masking:1.00:0.05:0:greedy_gain,soft_masking,pi_2,1.0,0.05,0.0,0.0,0.0,0.1499999999999999,True,0.8,0.95
end_to_end,development:401:FR+FJ:soft_masking:1.00:0.05:0:end_to_end,soft_masking,pi_2,1.0,0.05,0.0,0.0,0.0,0.1499999999999999,True,0.8,0.95
oracle,development:401:FR+FJ:soft_masking:1.00:0.05:0:oracle,soft_masking,pi_2,1.0,0.05,0.0,0.0,0.0,0.0,True,0.95,0.95
qrtc,development:401:FR+FJ:soft_masking:1.00:0.10:0:qrtc,soft_masking,pi_2,1.0,0.1,0.0,0.0,0.0,0.19999999999999996,True,0.75,0.95
random,development:401:FR+FJ:soft_masking:1.00:0.10:0:random,soft_masking,pi_2,1.0,0.1,0.0,0.0,1.0,1.4,False,-0.45,0.95
cheapest_first,development:401:FR+FJ:soft_masking:1.00:0.10:0:cheapest_first,soft_masking,pi_2,1.0,0.1,0.0,0.0,0.0,0.0,True,0.95,0.95
highest_stage_posterior,development:401:FR+FJ:soft_masking:1.00:0.10:0:highest_stage_posterior,soft_masking,pi_2,1.0,0.1,0.0,0.0,0.0,0.1499999999999999,True,0.8,0.95
greedy_gain,development:401:FR+FJ:soft_masking:1.00:0.10:0:greedy_gain,soft_masking,pi_2,1.0,0.1,0.0,0.0,0.0,0.1499999999999999,True,0.8,0.95
end_to_end,development:401:FR+FJ:soft_masking:1.00:0.10:0:end_to_end,soft_masking,pi_2,1.0,0.1,0.0,0.0,0.0,0.1499999999999999,True,0.8,0.95
oracle,development:401:FR+FJ:soft_masking:1.00:0.10:0:oracle,soft_masking,pi_2,1.0,0.1,0.0,0.0,0.0,0.0,True,0.95,0.95
qrtc,development:401:FR+FJ:soft_masking:1.00:0.20:0:qrtc,soft_masking,pi_2,1.0,0.2,0.0,0.0,0.0,0.19999999999999996,True,0.75,0.95
random,development:401:FR+FJ:soft_masking:1.00:0.20:0:random,soft_masking,pi_2,1.0,0.2,0.0,0.0,0.0,0.0,True,0.95,0.95
cheapest_first,development:401:FR+FJ:soft_masking:1.00:0.20:0:cheapest_first,soft_masking,pi_2,1.0,0.2,0.0,0.0,0.0,0.0,True,0.95,0.95
highest_stage_posterior,development:401:FR+FJ:soft_masking:1.00:0.20:0:highest_stage_posterior,soft_masking,pi_2,1.0,0.2,0.0,0.0,0.0,0.1499999999999999,True,0.8,0.95
greedy_gain,development:401:FR+FJ:soft_masking:1.00:0.20:0:greedy_gain,soft_masking,pi_2,1.0,0.2,0.0,0.0,0.0,0.1499999999999999,True,0.8,0.95
end_to_end,development:401:FR+FJ:soft_masking:1.00:0.20:0:end_to_end,soft_masking,pi_2,1.0,0.2,0.0,0.0,0.0,0.1499999999999999,True,0.8,0.95
oracle,development:401:FR+FJ:soft_masking:1.00:0.20:0:oracle,soft_masking,pi_2,1.0,0.2,0.0,0.0,0.0,0.0,True,0.95,0.95
qrtc,development:401:FR+FJ:independent:0.25:0.00:0:qrtc,independent,pi_2,0.25,0.0,0.0,0.0,0.0,0.1499999999999999,True,0.8,0.95
random,development:401:FR+FJ:independent:0.25:0.00:0:random,independent,pi_2,0.25,0.0,0.0,0.0,1.0,1.4,False,-0.45,0.95
cheapest_first,development:401:FR+FJ:independent:0.25:0.00:0:cheapest_first,independent,pi_2,0.25,0.0,0.0,0.0,0.0,0.0,True,0.95,0.95
highest_stage_posterior,development:401:FR+FJ:independent:0.25:0.00:0:highest_stage_posterior,independent,pi_2,0.25,0.0,0.0,0.0,0.0,0.1499999999999999,True,0.8,0.95
greedy_gain,development:401:FR+FJ:independent:0.25:0.00:0:greedy_gain,independent,pi_2,0.25,0.0,0.0,0.0,0.0,0.1499999999999999,True,0.8,0.95
end_to_end,development:401:FR+FJ:independent:0.25:0.00:0:end_to_end,independent,pi_2,0.25,0.0,0.0,0.0,0.0,0.1499999999999999,True,0.8,0.95
oracle,development:401:FR+FJ:independent:0.25:0.00:0:oracle,independent,pi_2,0.25,0.0,0.0,0.0,0.0,0.0,True,0.95,0.95
qrtc,development:401:FR+FJ:independent:0.25:0.05:0:qrtc,independent,pi_2,0.25,0.05,0.0,0.0,0.0,0.1499999999999999,True,0.8,0.95
random,development:401:FR+FJ:independent:0.25:0.05:0:random,independent,pi_2,0.25,0.05,0.0,0.0,1.0,1.2999999999999998,False,-0.35,0.95
cheapest_first,development:401:FR+FJ:independent:0.25:0.05:0:cheapest_first,independent,pi_2,0.25,0.05,0.0,0.0,0.0,0.0,True,0.95,0.95
highest_stage_posterior,development:401:FR+FJ:independent:0.25:0.05:0:highest_stage_posterior,independent,pi_2,0.25,0.05,0.0,0.0,0.0,0.1499999999999999,True,0.8,0.95
greedy_gain,development:401:FR+FJ:independent:0.25:0.05:0:greedy_gain,independent,pi_2,0.25,0.05,0.0,0.0,0.0,0.1499999999999999,True,0.8,0.95
end_to_end,development:401:FR+FJ:independent:0.25:0.05:0:end_to_end,independent,pi_2,0.25,0.05,0.0,0.0,0.0,0.1499999999999999,True,0.8,0.95
oracle,development:401:FR+FJ:independent:0.25:0.05:0:oracle,independent,pi_2,0.25,0.05,0.0,0.0,0.0,0.0,True,0.95,0.95
qrtc,development:401:FR+FJ:independent:0.25:0.10:0:qrtc,independent,pi_2,0.25,0.1,0.0,0.0,0.0,0.1499999999999999,True,0.8,0.95
random,development:401:FR+FJ:independent:0.25:0.10:0:random,independent,pi_2,0.25,0.1,0.0,0.0,1.0,1.4,False,-0.45,0.95
cheapest_first,development:401:FR+FJ:independent:0.25:0.10:0:cheapest_first,independent,pi_2,0.25,0.1,0.0,0.0,0.0,0.0,True,0.95,0.95
highest_stage_posterior,development:401:FR+FJ:independent:0.25:0.10:0:highest_stage_posterior,independent,pi_2,0.25,0.1,0.0,0.0,0.0,0.1499999999999999,True,0.8,0.95
greedy_gain,development:401:FR+FJ:independent:0.25:0.10:0:greedy_gain,independent,pi_2,0.25,0.1,0.0,0.0,0.0,0.1499999999999999,True,0.8,0.95
end_to_end,development:401:FR+FJ:independent:0.25:0.10:0:end_to_end,independent,pi_2,0.25,0.1,0.0,0.0,0.0,0.1499999999999999,True,0.8,0.95
oracle,development:401:FR+FJ:independent:0.25:0.10:0:oracle,independent,pi_2,0.25,0.1,0.0,0.0,0.0,0.0,True,0.95,0.95
qrtc,development:401:FR+FJ:independent:0.25:0.20:0:qrtc,independent,pi_2,0.25,0.2,0.0,0.0,0.0,0.1499999999999999,True,0.8,0.95
random,development:401:FR+FJ:independent:0.25:0.20:0:random,independent,pi_2,0.25,0.2,0.0,0.0,0.0,0.1499999999999999,True,0.8,0.95
cheapest_first,development:401:FR+FJ:independent:0.25:0.20:0:cheapest_first,independent,pi_2,0.25,0.2,0.0,0.0,0.0,0.0,True,0.95,0.95
highest_stage_posterior,development:401:FR+FJ:independent:0.25:0.20:0:highest_stage_posterior,independent,pi_2,0.25,0.2,0.0,0.0,0.0,0.1499999999999999,True,0.8,0.95
greedy_gain,development:401:FR+FJ:independent:0.25:0.20:0:greedy_gain,independent,pi_2,0.25,0.2,0.0,0.0,0.0,0.1499999999999999,True,0.8,0.95
end_to_end,development:401:FR+FJ:independent:0.25:0.20:0:end_to_end,independent,pi_2,0.25,0.2,0.0,0.0,0.0,0.1499999999999999,True,0.8,0.95
oracle,development:401:FR+FJ:independent:0.25:0.20:0:oracle,independent,pi_2,0.25,0.2,0.0,0.0,0.0,0.0,True,0.95,0.95
qrtc,development:401:FR+FJ:independent:0.50:0.00:0:qrtc,independent,pi_2,0.5,0.0,0.0,0.0,0.0,0.1499999999999999,True,0.8,0.95
random,development:401:FR+FJ:independent:0.50:0.00:0:random,independent,pi_2,0.5,0.0,0.0,0.0,1.0,1.45,False,-0.5,0.95
cheapest_first,development:401:FR+FJ:independent:0.50:0.00:0:cheapest_first,independent,pi_2,0.5,0.0,0.0,0.0,0.0,0.0,True,0.95,0.95
highest_stage_posterior,development:401:FR+FJ:independent:0.50:0.00:0:highest_stage_posterior,independent,pi_2,0.5,0.0,0.0,0.0,0.0,0.1499999999999999,True,0.8,0.95
greedy_gain,development:401:FR+FJ:independent:0.50:0.00:0:greedy_gain,independent,pi_2,0.5,0.0,0.0,0.0,0.0,0.1499999999999999,True,0.8,0.95
end_to_end,development:401:FR+FJ:independent:0.50:0.00:0:end_to_end,independent,pi_2,0.5,0.0,0.0,0.0,0.0,0.1499999999999999,True,0.8,0.95
oracle,development:401:FR+FJ:independent:0.50:0.00:0:oracle,independent,pi_2,0.5,0.0,0.0,0.0,0.0,0.0,True,0.95,0.95
qrtc,development:401:FR+FJ:independent:0.50:0.05:0:qrtc,independent,pi_2,0.5,0.05,0.0,0.0,0.0,0.1499999999999999,True,0.8,0.95
random,development:401:FR+FJ:independent:0.50:0.05:0:random,independent,pi_2,0.5,0.05,0.0,0.0,0.0,0.0,True,0.95,0.95
cheapest_first,development:401:FR+FJ:independent:0.50:0.05:0:cheapest_first,independent,pi_2,0.5,0.05,0.0,0.0,0.0,0.0,True,0.95,0.95
highest_stage_posterior,development:401:FR+FJ:independent:0.50:0.05:0:highest_stage_posterior,independent,pi_2,0.5,0.05,0.0,0.0,0.0,0.1499999999999999,True,0.8,0.95
greedy_gain,development:401:FR+FJ:independent:0.50:0.05:0:greedy_gain,independent,pi_2,0.5,0.05,0.0,0.0,0.0,0.1499999999999999,True,0.8,0.95
end_to_end,development:401:FR+FJ:independent:0.50:0.05:0:end_to_end,independent,pi_2,0.5,0.05,0.0,0.0,0.0,0.1499999999999999,True,0.8,0.95
oracle,development:401:FR+FJ:independent:0.50:0.05:0:oracle,independent,pi_2,0.5,0.05,0.0,0.0,0.0,0.0,True,0.95,0.95
qrtc,development:401:FR+FJ:independent:0.50:0.10:0:qrtc,independent,pi_2,0.5,0.1,0.0,0.0,0.0,0.1499999999999999,True,0.8,0.95
random,development:401:FR+FJ:independent:0.50:0.10:0:random,independent,pi_2,0.5,0.1,0.0,0.0,1.0,1.35,False,-0.4,0.95
cheapest_first,development:401:FR+FJ:independent:0.50:0.10:0:cheapest_first,independent,pi_2,0.5,0.1,0.0,0.0,0.0,0.0,True,0.95,0.95
highest_stage_posterior,development:401:FR+FJ:independent:0.50:0.10:0:highest_stage_posterior,independent,pi_2,0.5,0.1,0.0,0.0,0.0,0.1499999999999999,True,0.8,0.95
greedy_gain,development:401:FR+FJ:independent:0.50:0.10:0:greedy_gain,independent,pi_2,0.5,0.1,0.0,0.0,0.0,0.1499999999999999,True,0.8,0.95
end_to_end,development:401:FR+FJ:independent:0.50:0.10:0:end_to_end,independent,pi_2,0.5,0.1,0.0,0.0,0.0,0.1499999999999999,True,0.8,0.95
oracle,development:401:FR+FJ:independent:0.50:0.10:0:oracle,independent,pi_2,0.5,0.1,0.0,0.0,0.0,0.0,True,0.95,0.95
qrtc,development:401:FR+FJ:independent:0.50:0.20:0:qrtc,independent,pi_2,0.5,0.2,0.0,0.0,0.0,0.1499999999999999,True,0.8,0.95
random,development:401:FR+FJ:independent:0.50:0.20:0:random,independent,pi_2,0.5,0.2,0.0,0.0,1.0,1.45,False,-0.5,0.95
cheapest_first,development:401:FR+FJ:independent:0.50:0.20:0:cheapest_first,independent,pi_2,0.5,0.2,0.0,0.0,0.0,0.0,True,0.95,0.95
highest_stage_posterior,development:401:FR+FJ:independent:0.50:0.20:0:highest_stage_posterior,independent,pi_2,0.5,0.2,0.0,0.0,0.0,0.1499999999999999,True,0.8,0.95
greedy_gain,development:401:FR+FJ:independent:0.50:0.20:0:greedy_gain,independent,pi_2,0.5,0.2,0.0,0.0,0.0,0.1499999999999999,True,0.8,0.95
end_to_end,development:401:FR+FJ:independent:0.50:0.20:0:end_to_end,independent,pi_2,0.5,0.2,0.0,0.0,0.0,0.1499999999999999,True,0.8,0.95
oracle,development:401:FR+FJ:independent:0.50:0.20:0:oracle,independent,pi_2,0.5,0.2,0.0,0.0,0.0,0.0,True,0.95,0.95
qrtc,development:401:FR+FJ:independent:0.75:0.00:0:qrtc,independent,pi_2,0.75,0.0,0.0,0.0,0.0,0.1499999999999999,True,0.8,0.95
random,development:401:FR+FJ:independent:0.75:0.00:0:random,independent,pi_2,0.75,0.0,0.0,0.0,1.0,1.2999999999999998,False,-0.35,0.95
cheapest_first,development:401:FR+FJ:independent:0.75:0.00:0:cheapest_first,independent,pi_2,0.75,0.0,0.0,0.0,0.0,0.0,True,0.95,0.95
highest_stage_posterior,development:401:FR+FJ:independent:0.75:0.00:0:highest_stage_posterior,independent,pi_2,0.75,0.0,0.0,0.0,0.0,0.1499999999999999,True,0.8,0.95
greedy_gain,development:401:FR+FJ:independent:0.75:0.00:0:greedy_gain,independent,pi_2,0.75,0.0,0.0,0.0,0.0,0.1499999999999999,True,0.8,0.95
end_to_end,development:401:FR+FJ:independent:0.75:0.00:0:end_to_end,independent,pi_2,0.75,0.0,0.0,0.0,0.0,0.1499999999999999,True,0.8,0.95
oracle,development:401:FR+FJ:independent:0.75:0.00:0:oracle,independent,pi_2,0.75,0.0,0.0,0.0,0.0,0.0,True,0.95,0.95
qrtc,development:401:FR+FJ:independent:0.75:0.05:0:qrtc,independent,pi_2,0.75,0.05,0.0,0.0,0.0,0.1499999999999999,True,0.8,0.95
random,development:401:FR+FJ:independent:0.75:0.05:0:random,independent,pi_2,0.75,0.05,0.0,0.0,1.0,1.4,False,-0.45,0.95
cheapest_first,development:401:FR+FJ:independent:0.75:0.05:0:cheapest_first,independent,pi_2,0.75,0.05,0.0,0.0,0.0,0.0,True,0.95,0.95
highest_stage_posterior,development:401:FR+FJ:independent:0.75:0.05:0:highest_stage_posterior,independent,pi_2,0.75,0.05,0.0,0.0,0.0,0.1499999999999999,True,0.8,0.95
greedy_gain,development:401:FR+FJ:independent:0.75:0.05:0:greedy_gain,independent,pi_2,0.75,0.05,0.0,0.0,0.0,0.1499999999999999,True,0.8,0.95
end_to_end,development:401:FR+FJ:independent:0.75:0.05:0:end_to_end,independent,pi_2,0.75,0.05,0.0,0.0,0.0,0.1499999999999999,True,0.8,0.95
oracle,development:401:FR+FJ:independent:0.75:0.05:0:oracle,independent,pi_2,0.75,0.05,0.0,0.0,0.0,0.0,True,0.95,0.95
qrtc,development:401:FR+FJ:independent:0.75:0.10:0:qrtc,independent,pi_2,0.75,0.1,0.0,0.0,0.0,0.1499999999999999,True,0.8,0.95
random,development:401:FR+FJ:independent:0.75:0.10:0:random,independent,pi_2,0.75,0.1,0.0,0.0,1.0,1.25,False,-0.3,0.95
cheapest_first,development:401:FR+FJ:independent:0.75:0.10:0:cheapest_first,independent,pi_2,0.75,0.1,0.0,0.0,0.0,0.0,True,0.95,0.95
highest_stage_posterior,development:401:FR+FJ:independent:0.75:0.10:0:highest_stage_posterior,independent,pi_2,0.75,0.1,0.0,0.0,0.0,0.1499999999999999,True,0.8,0.95
greedy_gain,development:401:FR+FJ:independent:0.75:0.10:0:greedy_gain,independent,pi_2,0.75,0.1,0.0,0.0,0.0,0.1499999999999999,True,0.8,0.95
end_to_end,development:401:FR+FJ:independent:0.75:0.10:0:end_to_end,independent,pi_2,0.75,0.1,0.0,0.0,0.0,0.1499999999999999,True,0.8,0.95
oracle,development:401:FR+FJ:independent:0.75:0.10:0:oracle,independent,pi_2,0.75,0.1,0.0,0.0,0.0,0.0,True,0.95,0.95
qrtc,development:401:FR+FJ:independent:0.75:0.20:0:qrtc,independent,pi_2,0.75,0.2,0.0,0.0,0.0,0.1499999999999999,True,0.8,0.95
random,development:401:FR+FJ:independent:0.75:0.20:0:random,independent,pi_2,0.75,0.2,0.0,0.0,1.0,1.45,False,-0.5,0.95
cheapest_first,development:401:FR+FJ:independent:0.75:0.20:0:cheapest_first,independent,pi_2,0.75,0.2,0.0,0.0,0.0,0.0,True,0.95,0.95
highest_stage_posterior,development:401:FR+FJ:independent:0.75:0.20:0:highest_stage_posterior,independent,pi_2,0.75,0.2,0.0,0.0,0.0,0.1499999999999999,True,0.8,0.95
greedy_gain,development:401:FR+FJ:independent:0.75:0.20:0:greedy_gain,independent,pi_2,0.75,0.2,0.0,0.0,0.0,0.1499999999999999,True,0.8,0.95
end_to_end,development:401:FR+FJ:independent:0.75:0.20:0:end_to_end,independent,pi_2,0.75,0.2,0.0,0.0,0.0,0.1499999999999999,True,0.8,0.95
oracle,development:401:FR+FJ:independent:0.75:0.20:0:oracle,independent,pi_2,0.75,0.2,0.0,0.0,0.0,0.0,True,0.95,0.95
qrtc,development:401:FR+FJ:independent:1.00:0.00:0:qrtc,independent,pi_2,1.0,0.0,0.0,0.0,0.0,0.1499999999999999,True,0.8,0.95
random,development:401:FR+FJ:independent:1.00:0.00:0:random,independent,pi_2,1.0,0.0,0.0,0.0,0.0,0.0,True,0.95,0.95
cheapest_first,development:401:FR+FJ:independent:1.00:0.00:0:cheapest_first,independent,pi_2,1.0,0.0,0.0,0.0,0.0,0.0,True,0.95,0.95
highest_stage_posterior,development:401:FR+FJ:independent:1.00:0.00:0:highest_stage_posterior,independent,pi_2,1.0,0.0,0.0,0.0,0.0,0.1499999999999999,True,0.8,0.95
greedy_gain,development:401:FR+FJ:independent:1.00:0.00:0:greedy_gain,independent,pi_2,1.0,0.0,0.0,0.0,0.0,0.1499999999999999,True,0.8,0.95
end_to_end,development:401:FR+FJ:independent:1.00:0.00:0:end_to_end,independent,pi_2,1.0,0.0,0.0,0.0,0.0,0.1499999999999999,True,0.8,0.95
oracle,development:401:FR+FJ:independent:1.00:0.00:0:oracle,independent,pi_2,1.0,0.0,0.0,0.0,0.0,0.0,True,0.95,0.95
qrtc,development:401:FR+FJ:independent:1.00:0.05:0:qrtc,independent,pi_2,1.0,0.05,0.0,0.0,0.0,0.1499999999999999,True,0.8,0.95
random,development:401:FR+FJ:independent:1.00:0.05:0:random,independent,pi_2,1.0,0.05,0.0,0.0,1.0,1.35,False,-0.4,0.95
cheapest_first,development:401:FR+FJ:independent:1.00:0.05:0:cheapest_first,independent,pi_2,1.0,0.05,0.0,0.0,0.0,0.0,True,0.95,0.95
highest_stage_posterior,development:401:FR+FJ:independent:1.00:0.05:0:highest_stage_posterior,independent,pi_2,1.0,0.05,0.0,0.0,0.0,0.1499999999999999,True,0.8,0.95
greedy_gain,development:401:FR+FJ:independent:1.00:0.05:0:greedy_gain,independent,pi_2,1.0,0.05,0.0,0.0,0.0,0.1499999999999999,True,0.8,0.95
end_to_end,development:401:FR+FJ:independent:1.00:0.05:0:end_to_end,independent,pi_2,1.0,0.05,0.0,0.0,0.0,0.1499999999999999,True,0.8,0.95
oracle,development:401:FR+FJ:independent:1.00:0.05:0:oracle,independent,pi_2,1.0,0.05,0.0,0.0,0.0,0.0,True,0.95,0.95
qrtc,development:401:FR+FJ:independent:1.00:0.10:0:qrtc,independent,pi_2,1.0,0.1,0.0,0.0,0.0,0.1499999999999999,True,0.8,0.95
random,development:401:FR+FJ:independent:1.00:0.10:0:random,independent,pi_2,1.0,0.1,0.0,0.0,1.0,1.4,False,-0.45,0.95
cheapest_first,development:401:FR+FJ:independent:1.00:0.10:0:cheapest_first,independent,pi_2,1.0,0.1,0.0,0.0,0.0,0.0,True,0.95,0.95
highest_stage_posterior,development:401:FR+FJ:independent:1.00:0.10:0:highest_stage_posterior,independent,pi_2,1.0,0.1,0.0,0.0,0.0,0.1499999999999999,True,0.8,0.95
greedy_gain,development:401:FR+FJ:independent:1.00:0.10:0:greedy_gain,independent,pi_2,1.0,0.1,0.0,0.0,0.0,0.1499999999999999,True,0.8,0.95
end_to_end,development:401:FR+FJ:independent:1.00:0.10:0:end_to_end,independent,pi_2,1.0,0.1,0.0,0.0,0.0,0.1499999999999999,True,0.8,0.95
oracle,development:401:FR+FJ:independent:1.00:0.10:0:oracle,independent,pi_2,1.0,0.1,0.0,0.0,0.0,0.0,True,0.95,0.95
qrtc,development:401:FR+FJ:independent:1.00:0.20:0:qrtc,independent,pi_2,1.0,0.2,0.0,0.0,0.0,0.1499999999999999,True,0.8,0.95
random,development:401:FR+FJ:independent:1.00:0.20:0:random,independent,pi_2,1.0,0.2,0.0,0.0,0.0,0.0,True,0.95,0.95
cheapest_first,development:401:FR+FJ:independent:1.00:0.20:0:cheapest_first,independent,pi_2,1.0,0.2,0.0,0.0,0.0,0.0,True,0.95,0.95
highest_stage_posterior,development:401:FR+FJ:independent:1.00:0.20:0:highest_stage_posterior,independent,pi_2,1.0,0.2,0.0,0.0,0.0,0.1499999999999999,True,0.8,0.95
greedy_gain,development:401:FR+FJ:independent:1.00:0.20:0:greedy_gain,independent,pi_2,1.0,0.2,0.0,0.0,0.0,0.1499999999999999,True,0.8,0.95
end_to_end,development:401:FR+FJ:independent:1.00:0.20:0:end_to_end,independent,pi_2,1.0,0.2,0.0,0.0,0.0,0.1499999999999999,True,0.8,0.95
oracle,development:401:FR+FJ:independent:1.00:0.20:0:oracle,independent,pi_2,1.0,0.2,0.0,0.0,0.0,0.0,True,0.95,0.95
qrtc,development:401:FR+FJ:synergistic:0.25:0.00:0:qrtc,synergistic,pi_2,0.25,0.0,0.0,0.0,0.0,0.1499999999999999,True,0.8,0.95
random,development:401:FR+FJ:synergistic:0.25:0.00:0:random,synergistic,pi_2,0.25,0.0,0.0,0.0,1.0,1.4,False,-0.45,0.95
cheapest_first,development:401:FR+FJ:synergistic:0.25:0.00:0:cheapest_first,synergistic,pi_2,0.25,0.0,0.0,0.0,0.0,0.0,True,0.95,0.95
highest_stage_posterior,development:401:FR+FJ:synergistic:0.25:0.00:0:highest_stage_posterior,synergistic,pi_2,0.25,0.0,0.0,0.0,0.0,0.1499999999999999,True,0.8,0.95
greedy_gain,development:401:FR+FJ:synergistic:0.25:0.00:0:greedy_gain,synergistic,pi_2,0.25,0.0,0.0,0.0,0.0,0.1499999999999999,True,0.8,0.95
end_to_end,development:401:FR+FJ:synergistic:0.25:0.00:0:end_to_end,synergistic,pi_2,0.25,0.0,0.0,0.0,0.0,0.1499999999999999,True,0.8,0.95
oracle,development:401:FR+FJ:synergistic:0.25:0.00:0:oracle,synergistic,pi_2,0.25,0.0,0.0,0.0,0.0,0.0,True,0.95,0.95
qrtc,development:401:FR+FJ:synergistic:0.25:0.05:0:qrtc,synergistic,pi_2,0.25,0.05,0.0,0.0,0.0,0.1499999999999999,True,0.8,0.95
random,development:401:FR+FJ:synergistic:0.25:0.05:0:random,synergistic,pi_2,0.25,0.05,0.0,0.0,1.0,1.2999999999999998,False,-0.35,0.95
cheapest_first,development:401:FR+FJ:synergistic:0.25:0.05:0:cheapest_first,synergistic,pi_2,0.25,0.05,0.0,0.0,0.0,0.0,True,0.95,0.95
highest_stage_posterior,development:401:FR+FJ:synergistic:0.25:0.05:0:highest_stage_posterior,synergistic,pi_2,0.25,0.05,0.0,0.0,0.0,0.1499999999999999,True,0.8,0.95
greedy_gain,development:401:FR+FJ:synergistic:0.25:0.05:0:greedy_gain,synergistic,pi_2,0.25,0.05,0.0,0.0,0.0,0.1499999999999999,True,0.8,0.95
end_to_end,development:401:FR+FJ:synergistic:0.25:0.05:0:end_to_end,synergistic,pi_2,0.25,0.05,0.0,0.0,0.0,0.1499999999999999,True,0.8,0.95
oracle,development:401:FR+FJ:synergistic:0.25:0.05:0:oracle,synergistic,pi_2,0.25,0.05,0.0,0.0,0.0,0.0,True,0.95,0.95
qrtc,development:401:FR+FJ:synergistic:0.25:0.10:0:qrtc,synergistic,pi_2,0.25,0.1,0.0,0.0,0.0,0.1499999999999999,True,0.8,0.95
random,development:401:FR+FJ:synergistic:0.25:0.10:0:random,synergistic,pi_2,0.25,0.1,0.0,0.0,1.0,1.4,False,-0.45,0.95
cheapest_first,development:401:FR+FJ:synergistic:0.25:0.10:0:cheapest_first,synergistic,pi_2,0.25,0.1,0.0,0.0,0.0,0.0,True,0.95,0.95
highest_stage_posterior,development:401:FR+FJ:synergistic:0.25:0.10:0:highest_stage_posterior,synergistic,pi_2,0.25,0.1,0.0,0.0,0.0,0.1499999999999999,True,0.8,0.95
greedy_gain,development:401:FR+FJ:synergistic:0.25:0.10:0:greedy_gain,synergistic,pi_2,0.25,0.1,0.0,0.0,0.0,0.1499999999999999,True,0.8,0.95
end_to_end,development:401:FR+FJ:synergistic:0.25:0.10:0:end_to_end,synergistic,pi_2,0.25,0.1,0.0,0.0,0.0,0.1499999999999999,True,0.8,0.95
oracle,development:401:FR+FJ:synergistic:0.25:0.10:0:oracle,synergistic,pi_2,0.25,0.1,0.0,0.0,0.0,0.0,True,0.95,0.95
qrtc,development:401:FR+FJ:synergistic:0.25:0.20:0:qrtc,synergistic,pi_2,0.25,0.2,0.0,0.0,0.0,0.1499999999999999,True,0.8,0.95
random,development:401:FR+FJ:synergistic:0.25:0.20:0:random,synergistic,pi_2,0.25,0.2,0.0,0.0,0.0,0.1499999999999999,True,0.8,0.95
cheapest_first,development:401:FR+FJ:synergistic:0.25:0.20:0:cheapest_first,synergistic,pi_2,0.25,0.2,0.0,0.0,0.0,0.0,True,0.95,0.95
highest_stage_posterior,development:401:FR+FJ:synergistic:0.25:0.20:0:highest_stage_posterior,synergistic,pi_2,0.25,0.2,0.0,0.0,0.0,0.1499999999999999,True,0.8,0.95
greedy_gain,development:401:FR+FJ:synergistic:0.25:0.20:0:greedy_gain,synergistic,pi_2,0.25,0.2,0.0,0.0,0.0,0.1499999999999999,True,0.8,0.95
end_to_end,development:401:FR+FJ:synergistic:0.25:0.20:0:end_to_end,synergistic,pi_2,0.25,0.2,0.0,0.0,0.0,0.1499999999999999,True,0.8,0.95
oracle,development:401:FR+FJ:synergistic:0.25:0.20:0:oracle,synergistic,pi_2,0.25,0.2,0.0,0.0,0.0,0.0,True,0.95,0.95
qrtc,development:401:FR+FJ:synergistic:0.50:0.00:0:qrtc,synergistic,pi_2,0.5,0.0,0.0,0.0,0.0,0.1499999999999999,True,0.8,0.95
random,development:401:FR+FJ:synergistic:0.50:0.00:0:random,synergistic,pi_2,0.5,0.0,0.0,0.0,1.0,1.45,False,-0.5,0.95
cheapest_first,development:401:FR+FJ:synergistic:0.50:0.00:0:cheapest_first,synergistic,pi_2,0.5,0.0,0.0,0.0,0.0,0.0,True,0.95,0.95
highest_stage_posterior,development:401:FR+FJ:synergistic:0.50:0.00:0:highest_stage_posterior,synergistic,pi_2,0.5,0.0,0.0,0.0,0.0,0.1499999999999999,True,0.8,0.95
greedy_gain,development:401:FR+FJ:synergistic:0.50:0.00:0:greedy_gain,synergistic,pi_2,0.5,0.0,0.0,0.0,0.0,0.1499999999999999,True,0.8,0.95
end_to_end,development:401:FR+FJ:synergistic:0.50:0.00:0:end_to_end,synergistic,pi_2,0.5,0.0,0.0,0.0,0.0,0.1499999999999999,True,0.8,0.95
oracle,development:401:FR+FJ:synergistic:0.50:0.00:0:oracle,synergistic,pi_2,0.5,0.0,0.0,0.0,0.0,0.0,True,0.95,0.95
qrtc,development:401:FR+FJ:synergistic:0.50:0.05:0:qrtc,synergistic,pi_2,0.5,0.05,0.0,0.0,0.0,0.1499999999999999,True,0.8,0.95
random,development:401:FR+FJ:synergistic:0.50:0.05:0:random,synergistic,pi_2,0.5,0.05,0.0,0.0,0.0,0.0,True,0.95,0.95
cheapest_first,development:401:FR+FJ:synergistic:0.50:0.05:0:cheapest_first,synergistic,pi_2,0.5,0.05,0.0,0.0,0.0,0.0,True,0.95,0.95
highest_stage_posterior,development:401:FR+FJ:synergistic:0.50:0.05:0:highest_stage_posterior,synergistic,pi_2,0.5,0.05,0.0,0.0,0.0,0.1499999999999999,True,0.8,0.95
greedy_gain,development:401:FR+FJ:synergistic:0.50:0.05:0:greedy_gain,synergistic,pi_2,0.5,0.05,0.0,0.0,0.0,0.1499999999999999,True,0.8,0.95
end_to_end,development:401:FR+FJ:synergistic:0.50:0.05:0:end_to_end,synergistic,pi_2,0.5,0.05,0.0,0.0,0.0,0.1499999999999999,True,0.8,0.95
oracle,development:401:FR+FJ:synergistic:0.50:0.05:0:oracle,synergistic,pi_2,0.5,0.05,0.0,0.0,0.0,0.0,True,0.95,0.95
qrtc,development:401:FR+FJ:synergistic:0.50:0.10:0:qrtc,synergistic,pi_2,0.5,0.1,0.0,0.0,0.0,0.1499999999999999,True,0.8,0.95
random,development:401:FR+FJ:synergistic:0.50:0.10:0:random,synergistic,pi_2,0.5,0.1,0.0,0.0,1.0,1.35,False,-0.4,0.95
cheapest_first,development:401:FR+FJ:synergistic:0.50:0.10:0:cheapest_first,synergistic,pi_2,0.5,0.1,0.0,0.0,0.0,0.0,True,0.95,0.95
highest_stage_posterior,development:401:FR+FJ:synergistic:0.50:0.10:0:highest_stage_posterior,synergistic,pi_2,0.5,0.1,0.0,0.0,0.0,0.1499999999999999,True,0.8,0.95
greedy_gain,development:401:FR+FJ:synergistic:0.50:0.10:0:greedy_gain,synergistic,pi_2,0.5,0.1,0.0,0.0,0.0,0.1499999999999999,True,0.8,0.95
end_to_end,development:401:FR+FJ:synergistic:0.50:0.10:0:end_to_end,synergistic,pi_2,0.5,0.1,0.0,0.0,0.0,0.1499999999999999,True,0.8,0.95
oracle,development:401:FR+FJ:synergistic:0.50:0.10:0:oracle,synergistic,pi_2,0.5,0.1,0.0,0.0,0.0,0.0,True,0.95,0.95
qrtc,development:401:FR+FJ:synergistic:0.50:0.20:0:qrtc,synergistic,pi_2,0.5,0.2,0.0,0.0,0.0,0.1499999999999999,True,0.8,0.95
random,development:401:FR+FJ:synergistic:0.50:0.20:0:random,synergistic,pi_2,0.5,0.2,0.0,0.0,1.0,1.45,False,-0.5,0.95
cheapest_first,development:401:FR+FJ:synergistic:0.50:0.20:0:cheapest_first,synergistic,pi_2,0.5,0.2,0.0,0.0,0.0,0.0,True,0.95,0.95
highest_stage_posterior,development:401:FR+FJ:synergistic:0.50:0.20:0:highest_stage_posterior,synergistic,pi_2,0.5,0.2,0.0,0.0,0.0,0.1499999999999999,True,0.8,0.95
greedy_gain,development:401:FR+FJ:synergistic:0.50:0.20:0:greedy_gain,synergistic,pi_2,0.5,0.2,0.0,0.0,0.0,0.1499999999999999,True,0.8,0.95
end_to_end,development:401:FR+FJ:synergistic:0.50:0.20:0:end_to_end,synergistic,pi_2,0.5,0.2,0.0,0.0,0.0,0.1499999999999999,True,0.8,0.95
oracle,development:401:FR+FJ:synergistic:0.50:0.20:0:oracle,synergistic,pi_2,0.5,0.2,0.0,0.0,0.0,0.0,True,0.95,0.95
qrtc,development:401:FR+FJ:synergistic:0.75:0.00:0:qrtc,synergistic,pi_2,0.75,0.0,0.0,0.0,0.0,0.1499999999999999,True,0.8,0.95
random,development:401:FR+FJ:synergistic:0.75:0.00:0:random,synergistic,pi_2,0.75,0.0,0.0,0.0,1.0,1.2999999999999998,False,-0.35,0.95
cheapest_first,development:401:FR+FJ:synergistic:0.75:0.00:0:cheapest_first,synergistic,pi_2,0.75,0.0,0.0,0.0,0.0,0.0,True,0.95,0.95
highest_stage_posterior,development:401:FR+FJ:synergistic:0.75:0.00:0:highest_stage_posterior,synergistic,pi_2,0.75,0.0,0.0,0.0,0.0,0.1499999999999999,True,0.8,0.95
greedy_gain,development:401:FR+FJ:synergistic:0.75:0.00:0:greedy_gain,synergistic,pi_2,0.75,0.0,0.0,0.0,0.0,0.1499999999999999,True,0.8,0.95
end_to_end,development:401:FR+FJ:synergistic:0.75:0.00:0:end_to_end,synergistic,pi_2,0.75,0.0,0.0,0.0,0.0,0.1499999999999999,True,0.8,0.95
oracle,development:401:FR+FJ:synergistic:0.75:0.00:0:oracle,synergistic,pi_2,0.75,0.0,0.0,0.0,0.0,0.0,True,0.95,0.95
qrtc,development:401:FR+FJ:synergistic:0.75:0.05:0:qrtc,synergistic,pi_2,0.75,0.05,0.0,0.0,0.0,0.1499999999999999,True,0.8,0.95
random,development:401:FR+FJ:synergistic:0.75:0.05:0:random,synergistic,pi_2,0.75,0.05,0.0,0.0,1.0,1.4,False,-0.45,0.95
cheapest_first,development:401:FR+FJ:synergistic:0.75:0.05:0:cheapest_first,synergistic,pi_2,0.75,0.05,0.0,0.0,0.0,0.0,True,0.95,0.95
highest_stage_posterior,development:401:FR+FJ:synergistic:0.75:0.05:0:highest_stage_posterior,synergistic,pi_2,0.75,0.05,0.0,0.0,0.0,0.1499999999999999,True,0.8,0.95
greedy_gain,development:401:FR+FJ:synergistic:0.75:0.05:0:greedy_gain,synergistic,pi_2,0.75,0.05,0.0,0.0,0.0,0.1499999999999999,True,0.8,0.95
end_to_end,development:401:FR+FJ:synergistic:0.75:0.05:0:end_to_end,synergistic,pi_2,0.75,0.05,0.0,0.0,0.0,0.1499999999999999,True,0.8,0.95
oracle,development:401:FR+FJ:synergistic:0.75:0.05:0:oracle,synergistic,pi_2,0.75,0.05,0.0,0.0,0.0,0.0,True,0.95,0.95
qrtc,development:401:FR+FJ:synergistic:0.75:0.10:0:qrtc,synergistic,pi_2,0.75,0.1,0.0,0.0,0.0,0.1499999999999999,True,0.8,0.95
random,development:401:FR+FJ:synergistic:0.75:0.10:0:random,synergistic,pi_2,0.75,0.1,0.0,0.0,1.0,1.25,False,-0.3,0.95
cheapest_first,development:401:FR+FJ:synergistic:0.75:0.10:0:cheapest_first,synergistic,pi_2,0.75,0.1,0.0,0.0,0.0,0.0,True,0.95,0.95
highest_stage_posterior,development:401:FR+FJ:synergistic:0.75:0.10:0:highest_stage_posterior,synergistic,pi_2,0.75,0.1,0.0,0.0,0.0,0.1499999999999999,True,0.8,0.95
greedy_gain,development:401:FR+FJ:synergistic:0.75:0.10:0:greedy_gain,synergistic,pi_2,0.75,0.1,0.0,0.0,0.0,0.1499999999999999,True,0.8,0.95
end_to_end,development:401:FR+FJ:synergistic:0.75:0.10:0:end_to_end,synergistic,pi_2,0.75,0.1,0.0,0.0,0.0,0.1499999999999999,True,0.8,0.95
oracle,development:401:FR+FJ:synergistic:0.75:0.10:0:oracle,synergistic,pi_2,0.75,0.1,0.0,0.0,0.0,0.0,True,0.95,0.95
qrtc,development:401:FR+FJ:synergistic:0.75:0.20:0:qrtc,synergistic,pi_2,0.75,0.2,0.0,0.0,0.0,0.1499999999999999,True,0.8,0.95
random,development:401:FR+FJ:synergistic:0.75:0.20:0:random,synergistic,pi_2,0.75,0.2,0.0,0.0,1.0,1.45,False,-0.5,0.95
cheapest_first,development:401:FR+FJ:synergistic:0.75:0.20:0:cheapest_first,synergistic,pi_2,0.75,0.2,0.0,0.0,0.0,0.0,True,0.95,0.95
highest_stage_posterior,development:401:FR+FJ:synergistic:0.75:0.20:0:highest_stage_posterior,synergistic,pi_2,0.75,0.2,0.0,0.0,0.0,0.1499999999999999,True,0.8,0.95
greedy_gain,development:401:FR+FJ:synergistic:0.75:0.20:0:greedy_gain,synergistic,pi_2,0.75,0.2,0.0,0.0,0.0,0.1499999999999999,True,0.8,0.95
end_to_end,development:401:FR+FJ:synergistic:0.75:0.20:0:end_to_end,synergistic,pi_2,0.75,0.2,0.0,0.0,0.0,0.1499999999999999,True,0.8,0.95
oracle,development:401:FR+FJ:synergistic:0.75:0.20:0:oracle,synergistic,pi_2,0.75,0.2,0.0,0.0,0.0,0.0,True,0.95,0.95
qrtc,development:401:FR+FJ:synergistic:1.00:0.00:0:qrtc,synergistic,pi_2,1.0,0.0,0.0,0.0,0.0,0.1499999999999999,True,0.8,0.95
random,development:401:FR+FJ:synergistic:1.00:0.00:0:random,synergistic,pi_2,1.0,0.0,0.0,0.0,0.0,0.0,True,0.95,0.95
cheapest_first,development:401:FR+FJ:synergistic:1.00:0.00:0:cheapest_first,synergistic,pi_2,1.0,0.0,0.0,0.0,0.0,0.0,True,0.95,0.95
highest_stage_posterior,development:401:FR+FJ:synergistic:1.00:0.00:0:highest_stage_posterior,synergistic,pi_2,1.0,0.0,0.0,0.0,0.0,0.1499999999999999,True,0.8,0.95
greedy_gain,development:401:FR+FJ:synergistic:1.00:0.00:0:greedy_gain,synergistic,pi_2,1.0,0.0,0.0,0.0,0.0,0.1499999999999999,True,0.8,0.95
end_to_end,development:401:FR+FJ:synergistic:1.00:0.00:0:end_to_end,synergistic,pi_2,1.0,0.0,0.0,0.0,0.0,0.1499999999999999,True,0.8,0.95
oracle,development:401:FR+FJ:synergistic:1.00:0.00:0:oracle,synergistic,pi_2,1.0,0.0,0.0,0.0,0.0,0.0,True,0.95,0.95
qrtc,development:401:FR+FJ:synergistic:1.00:0.05:0:qrtc,synergistic,pi_2,1.0,0.05,0.0,0.0,0.0,0.1499999999999999,True,0.8,0.95
random,development:401:FR+FJ:synergistic:1.00:0.05:0:random,synergistic,pi_2,1.0,0.05,0.0,0.0,1.0,1.35,False,-0.4,0.95
cheapest_first,development:401:FR+FJ:synergistic:1.00:0.05:0:cheapest_first,synergistic,pi_2,1.0,0.05,0.0,0.0,0.0,0.0,True,0.95,0.95
highest_stage_posterior,development:401:FR+FJ:synergistic:1.00:0.05:0:highest_stage_posterior,synergistic,pi_2,1.0,0.05,0.0,0.0,0.0,0.1499999999999999,True,0.8,0.95
greedy_gain,development:401:FR+FJ:synergistic:1.00:0.05:0:greedy_gain,synergistic,pi_2,1.0,0.05,0.0,0.0,0.0,0.1499999999999999,True,0.8,0.95
end_to_end,development:401:FR+FJ:synergistic:1.00:0.05:0:end_to_end,synergistic,pi_2,1.0,0.05,0.0,0.0,0.0,0.1499999999999999,True,0.8,0.95
oracle,development:401:FR+FJ:synergistic:1.00:0.05:0:oracle,synergistic,pi_2,1.0,0.05,0.0,0.0,0.0,0.0,True,0.95,0.95
qrtc,development:401:FR+FJ:synergistic:1.00:0.10:0:qrtc,synergistic,pi_2,1.0,0.1,0.0,0.0,0.0,0.1499999999999999,True,0.8,0.95
random,development:401:FR+FJ:synergistic:1.00:0.10:0:random,synergistic,pi_2,1.0,0.1,0.0,0.0,1.0,1.4,False,-0.45,0.95
cheapest_first,development:401:FR+FJ:synergistic:1.00:0.10:0:cheapest_first,synergistic,pi_2,1.0,0.1,0.0,0.0,0.0,0.0,True,0.95,0.95
highest_stage_posterior,development:401:FR+FJ:synergistic:1.00:0.10:0:highest_stage_posterior,synergistic,pi_2,1.0,0.1,0.0,0.0,0.0,0.1499999999999999,True,0.8,0.95
greedy_gain,development:401:FR+FJ:synergistic:1.00:0.10:0:greedy_gain,synergistic,pi_2,1.0,0.1,0.0,0.0,0.0,0.1499999999999999,True,0.8,0.95
end_to_end,development:401:FR+FJ:synergistic:1.00:0.10:0:end_to_end,synergistic,pi_2,1.0,0.1,0.0,0.0,0.0,0.1499999999999999,True,0.8,0.95
oracle,development:401:FR+FJ:synergistic:1.00:0.10:0:oracle,synergistic,pi_2,1.0,0.1,0.0,0.0,0.0,0.0,True,0.95,0.95
qrtc,development:401:FR+FJ:synergistic:1.00:0.20:0:qrtc,synergistic,pi_2,1.0,0.2,0.0,0.0,0.0,0.1499999999999999,True,0.8,0.95
random,development:401:FR+FJ:synergistic:1.00:0.20:0:random,synergistic,pi_2,1.0,0.2,0.0,0.0,0.0,0.0,True,0.95,0.95
cheapest_first,development:401:FR+FJ:synergistic:1.00:0.20:0:cheapest_first,synergistic,pi_2,1.0,0.2,0.0,0.0,0.0,0.0,True,0.95,0.95
highest_stage_posterior,development:401:FR+FJ:synergistic:1.00:0.20:0:highest_stage_posterior,synergistic,pi_2,1.0,0.2,0.0,0.0,0.0,0.1499999999999999,True,0.8,0.95
greedy_gain,development:401:FR+FJ:synergistic:1.00:0.20:0:greedy_gain,synergistic,pi_2,1.0,0.2,0.0,0.0,0.0,0.1499999999999999,True,0.8,0.95
end_to_end,development:401:FR+FJ:synergistic:1.00:0.20:0:end_to_end,synergistic,pi_2,1.0,0.2,0.0,0.0,0.0,0.1499999999999999,True,0.8,0.95
oracle,development:401:FR+FJ:synergistic:1.00:0.20:0:oracle,synergistic,pi_2,1.0,0.2,0.0,0.0,0.0,0.0,True,0.95,0.95
qrtc,development:401:FD+FW:strict_masking:0.25:0.00:0:qrtc,strict_masking,pi_3,0.25,0.0,0.0,0.0,0.0,0.0,True,0.75,0.75
random,development:401:FD+FW:strict_masking:0.25:0.00:0:random,strict_masking,pi_3,0.25,0.0,0.0,0.0,1.0,1.2,False,-0.45,0.75
cheapest_first,development:401:FD+FW:strict_masking:0.25:0.00:0:cheapest_first,strict_masking,pi_3,0.25,0.0,0.0,0.0,1.0,1.05,False,-0.3,0.75
highest_stage_posterior,development:401:FD+FW:strict_masking:0.25:0.00:0:highest_stage_posterior,strict_masking,pi_3,0.25,0.0,0.0,0.0,1.0,1.15,False,-0.4,0.75
greedy_gain,development:401:FD+FW:strict_masking:0.25:0.00:0:greedy_gain,strict_masking,pi_3,0.25,0.0,0.0,0.0,0.0,0.0,True,0.75,0.75
end_to_end,development:401:FD+FW:strict_masking:0.25:0.00:0:end_to_end,strict_masking,pi_3,0.25,0.0,0.0,0.0,1.0,1.1,False,-0.35,0.75
oracle,development:401:FD+FW:strict_masking:0.25:0.00:0:oracle,strict_masking,pi_3,0.25,0.0,0.0,0.0,0.0,0.0,True,0.75,0.75
qrtc,development:401:FD+FW:strict_masking:0.25:0.05:0:qrtc,strict_masking,pi_3,0.25,0.05,0.0,0.0,0.0,0.0,True,0.75,0.75
random,development:401:FD+FW:strict_masking:0.25:0.05:0:random,strict_masking,pi_3,0.25,0.05,0.0,0.0,1.0,1.1,False,-0.35,0.75
cheapest_first,development:401:FD+FW:strict_masking:0.25:0.05:0:cheapest_first,strict_masking,pi_3,0.25,0.05,0.0,0.0,1.0,1.05,False,-0.3,0.75
highest_stage_posterior,development:401:FD+FW:strict_masking:0.25:0.05:0:highest_stage_posterior,strict_masking,pi_3,0.25,0.05,0.0,0.0,1.0,1.15,False,-0.4,0.75
greedy_gain,development:401:FD+FW:strict_masking:0.25:0.05:0:greedy_gain,strict_masking,pi_3,0.25,0.05,0.0,0.0,0.0,0.0,True,0.75,0.75
end_to_end,development:401:FD+FW:strict_masking:0.25:0.05:0:end_to_end,strict_masking,pi_3,0.25,0.05,0.0,0.0,1.0,1.1,False,-0.35,0.75
oracle,development:401:FD+FW:strict_masking:0.25:0.05:0:oracle,strict_masking,pi_3,0.25,0.05,0.0,0.0,0.0,0.0,True,0.75,0.75
qrtc,development:401:FD+FW:strict_masking:0.25:0.10:0:qrtc,strict_masking,pi_3,0.25,0.1,0.0,0.0,0.0,0.0,True,0.75,0.75
random,development:401:FD+FW:strict_masking:0.25:0.10:0:random,strict_masking,pi_3,0.25,0.1,0.0,0.0,1.0,1.2,False,-0.45,0.75
cheapest_first,development:401:FD+FW:strict_masking:0.25:0.10:0:cheapest_first,strict_masking,pi_3,0.25,0.1,0.0,0.0,1.0,1.05,False,-0.3,0.75
highest_stage_posterior,development:401:FD+FW:strict_masking:0.25:0.10:0:highest_stage_posterior,strict_masking,pi_3,0.25,0.1,0.0,0.0,1.0,1.15,False,-0.4,0.75
greedy_gain,development:401:FD+FW:strict_masking:0.25:0.10:0:greedy_gain,strict_masking,pi_3,0.25,0.1,0.0,0.0,0.0,0.0,True,0.75,0.75
end_to_end,development:401:FD+FW:strict_masking:0.25:0.10:0:end_to_end,strict_masking,pi_3,0.25,0.1,0.0,0.0,1.0,1.1,False,-0.35,0.75
oracle,development:401:FD+FW:strict_masking:0.25:0.10:0:oracle,strict_masking,pi_3,0.25,0.1,0.0,0.0,0.0,0.0,True,0.75,0.75
qrtc,development:401:FD+FW:strict_masking:0.25:0.20:0:qrtc,strict_masking,pi_3,0.25,0.2,0.0,0.0,0.0,0.0,True,0.75,0.75
random,development:401:FD+FW:strict_masking:0.25:0.20:0:random,strict_masking,pi_3,0.25,0.2,0.0,0.0,1.0,1.2,False,-0.45,0.75
cheapest_first,development:401:FD+FW:strict_masking:0.25:0.20:0:cheapest_first,strict_masking,pi_3,0.25,0.2,0.0,0.0,1.0,1.05,False,-0.3,0.75
highest_stage_posterior,development:401:FD+FW:strict_masking:0.25:0.20:0:highest_stage_posterior,strict_masking,pi_3,0.25,0.2,0.0,0.0,1.0,1.15,False,-0.4,0.75
greedy_gain,development:401:FD+FW:strict_masking:0.25:0.20:0:greedy_gain,strict_masking,pi_3,0.25,0.2,0.0,0.0,0.0,0.0,True,0.75,0.75
end_to_end,development:401:FD+FW:strict_masking:0.25:0.20:0:end_to_end,strict_masking,pi_3,0.25,0.2,0.0,0.0,1.0,1.1,False,-0.35,0.75
oracle,development:401:FD+FW:strict_masking:0.25:0.20:0:oracle,strict_masking,pi_3,0.25,0.2,0.0,0.0,0.0,0.0,True,0.75,0.75
qrtc,development:401:FD+FW:strict_masking:0.50:0.00:0:qrtc,strict_masking,pi_3,0.5,0.0,0.0,0.0,0.0,0.0,True,0.75,0.75
random,development:401:FD+FW:strict_masking:0.50:0.00:0:random,strict_masking,pi_3,0.5,0.0,0.0,0.0,1.0,1.25,False,-0.5,0.75
cheapest_first,development:401:FD+FW:strict_masking:0.50:0.00:0:cheapest_first,strict_masking,pi_3,0.5,0.0,0.0,0.0,1.0,1.05,False,-0.3,0.75
highest_stage_posterior,development:401:FD+FW:strict_masking:0.50:0.00:0:highest_stage_posterior,strict_masking,pi_3,0.5,0.0,0.0,0.0,1.0,1.15,False,-0.4,0.75
greedy_gain,development:401:FD+FW:strict_masking:0.50:0.00:0:greedy_gain,strict_masking,pi_3,0.5,0.0,0.0,0.0,0.0,0.0,True,0.75,0.75
end_to_end,development:401:FD+FW:strict_masking:0.50:0.00:0:end_to_end,strict_masking,pi_3,0.5,0.0,0.0,0.0,1.0,1.1,False,-0.35,0.75
oracle,development:401:FD+FW:strict_masking:0.50:0.00:0:oracle,strict_masking,pi_3,0.5,0.0,0.0,0.0,0.0,0.0,True,0.75,0.75
qrtc,development:401:FD+FW:strict_masking:0.50:0.05:0:qrtc,strict_masking,pi_3,0.5,0.05,0.0,0.0,0.0,0.0,True,0.75,0.75
random,development:401:FD+FW:strict_masking:0.50:0.05:0:random,strict_masking,pi_3,0.5,0.05,0.0,0.0,1.0,1.05,False,-0.3,0.75
cheapest_first,development:401:FD+FW:strict_masking:0.50:0.05:0:cheapest_first,strict_masking,pi_3,0.5,0.05,0.0,0.0,1.0,1.05,False,-0.3,0.75
highest_stage_posterior,development:401:FD+FW:strict_masking:0.50:0.05:0:highest_stage_posterior,strict_masking,pi_3,0.5,0.05,0.0,0.0,1.0,1.15,False,-0.4,0.75
greedy_gain,development:401:FD+FW:strict_masking:0.50:0.05:0:greedy_gain,strict_masking,pi_3,0.5,0.05,0.0,0.0,0.0,0.0,True,0.75,0.75
end_to_end,development:401:FD+FW:strict_masking:0.50:0.05:0:end_to_end,strict_masking,pi_3,0.5,0.05,0.0,0.0,1.0,1.1,False,-0.35,0.75
oracle,development:401:FD+FW:strict_masking:0.50:0.05:0:oracle,strict_masking,pi_3,0.5,0.05,0.0,0.0,0.0,0.0,True,0.75,0.75
qrtc,development:401:FD+FW:strict_masking:0.50:0.10:0:qrtc,strict_masking,pi_3,0.5,0.1,0.0,0.0,0.0,0.0,True,0.75,0.75
random,development:401:FD+FW:strict_masking:0.50:0.10:0:random,strict_masking,pi_3,0.5,0.1,0.0,0.0,1.0,1.15,False,-0.4,0.75
cheapest_first,development:401:FD+FW:strict_masking:0.50:0.10:0:cheapest_first,strict_masking,pi_3,0.5,0.1,0.0,0.0,1.0,1.05,False,-0.3,0.75
highest_stage_posterior,development:401:FD+FW:strict_masking:0.50:0.10:0:highest_stage_posterior,strict_masking,pi_3,0.5,0.1,0.0,0.0,1.0,1.15,False,-0.4,0.75
greedy_gain,development:401:FD+FW:strict_masking:0.50:0.10:0:greedy_gain,strict_masking,pi_3,0.5,0.1,0.0,0.0,0.0,0.0,True,0.75,0.75
end_to_end,development:401:FD+FW:strict_masking:0.50:0.10:0:end_to_end,strict_masking,pi_3,0.5,0.1,0.0,0.0,1.0,1.1,False,-0.35,0.75
oracle,development:401:FD+FW:strict_masking:0.50:0.10:0:oracle,strict_masking,pi_3,0.5,0.1,0.0,0.0,0.0,0.0,True,0.75,0.75
qrtc,development:401:FD+FW:strict_masking:0.50:0.20:0:qrtc,strict_masking,pi_3,0.5,0.2,0.0,0.0,0.0,0.0,True,0.75,0.75
random,development:401:FD+FW:strict_masking:0.50:0.20:0:random,strict_masking,pi_3,0.5,0.2,0.0,0.0,1.0,1.25,False,-0.5,0.75
cheapest_first,development:401:FD+FW:strict_masking:0.50:0.20:0:cheapest_first,strict_masking,pi_3,0.5,0.2,0.0,0.0,1.0,1.05,False,-0.3,0.75
highest_stage_posterior,development:401:FD+FW:strict_masking:0.50:0.20:0:highest_stage_posterior,strict_masking,pi_3,0.5,0.2,0.0,0.0,1.0,1.15,False,-0.4,0.75
greedy_gain,development:401:FD+FW:strict_masking:0.50:0.20:0:greedy_gain,strict_masking,pi_3,0.5,0.2,0.0,0.0,0.0,0.0,True,0.75,0.75
end_to_end,development:401:FD+FW:strict_masking:0.50:0.20:0:end_to_end,strict_masking,pi_3,0.5,0.2,0.0,0.0,1.0,1.1,False,-0.35,0.75
oracle,development:401:FD+FW:strict_masking:0.50:0.20:0:oracle,strict_masking,pi_3,0.5,0.2,0.0,0.0,0.0,0.0,True,0.75,0.75
qrtc,development:401:FD+FW:strict_masking:0.75:0.00:0:qrtc,strict_masking,pi_3,0.75,0.0,0.0,0.0,0.0,0.0,True,0.75,0.75
random,development:401:FD+FW:strict_masking:0.75:0.00:0:random,strict_masking,pi_3,0.75,0.0,0.0,0.0,1.0,1.1,False,-0.35,0.75
cheapest_first,development:401:FD+FW:strict_masking:0.75:0.00:0:cheapest_first,strict_masking,pi_3,0.75,0.0,0.0,0.0,1.0,1.05,False,-0.3,0.75
highest_stage_posterior,development:401:FD+FW:strict_masking:0.75:0.00:0:highest_stage_posterior,strict_masking,pi_3,0.75,0.0,0.0,0.0,1.0,1.15,False,-0.4,0.75
greedy_gain,development:401:FD+FW:strict_masking:0.75:0.00:0:greedy_gain,strict_masking,pi_3,0.75,0.0,0.0,0.0,0.0,0.0,True,0.75,0.75
end_to_end,development:401:FD+FW:strict_masking:0.75:0.00:0:end_to_end,strict_masking,pi_3,0.75,0.0,0.0,0.0,1.0,1.1,False,-0.35,0.75
oracle,development:401:FD+FW:strict_masking:0.75:0.00:0:oracle,strict_masking,pi_3,0.75,0.0,0.0,0.0,0.0,0.0,True,0.75,0.75
qrtc,development:401:FD+FW:strict_masking:0.75:0.05:0:qrtc,strict_masking,pi_3,0.75,0.05,0.0,0.0,0.0,0.0,True,0.75,0.75
random,development:401:FD+FW:strict_masking:0.75:0.05:0:random,strict_masking,pi_3,0.75,0.05,0.0,0.0,1.0,1.2,False,-0.45,0.75
cheapest_first,development:401:FD+FW:strict_masking:0.75:0.05:0:cheapest_first,strict_masking,pi_3,0.75,0.05,0.0,0.0,1.0,1.05,False,-0.3,0.75
highest_stage_posterior,development:401:FD+FW:strict_masking:0.75:0.05:0:highest_stage_posterior,strict_masking,pi_3,0.75,0.05,0.0,0.0,1.0,1.15,False,-0.4,0.75
greedy_gain,development:401:FD+FW:strict_masking:0.75:0.05:0:greedy_gain,strict_masking,pi_3,0.75,0.05,0.0,0.0,0.0,0.0,True,0.75,0.75
end_to_end,development:401:FD+FW:strict_masking:0.75:0.05:0:end_to_end,strict_masking,pi_3,0.75,0.05,0.0,0.0,1.0,1.1,False,-0.35,0.75
oracle,development:401:FD+FW:strict_masking:0.75:0.05:0:oracle,strict_masking,pi_3,0.75,0.05,0.0,0.0,0.0,0.0,True,0.75,0.75
qrtc,development:401:FD+FW:strict_masking:0.75:0.10:0:qrtc,strict_masking,pi_3,0.75,0.1,0.0,0.0,0.0,0.0,True,0.75,0.75
random,development:401:FD+FW:strict_masking:0.75:0.10:0:random,strict_masking,pi_3,0.75,0.1,0.0,0.0,1.0,1.05,False,-0.3,0.75
cheapest_first,development:401:FD+FW:strict_masking:0.75:0.10:0:cheapest_first,strict_masking,pi_3,0.75,0.1,0.0,0.0,1.0,1.05,False,-0.3,0.75
highest_stage_posterior,development:401:FD+FW:strict_masking:0.75:0.10:0:highest_stage_posterior,strict_masking,pi_3,0.75,0.1,0.0,0.0,1.0,1.15,False,-0.4,0.75
greedy_gain,development:401:FD+FW:strict_masking:0.75:0.10:0:greedy_gain,strict_masking,pi_3,0.75,0.1,0.0,0.0,0.0,0.0,True,0.75,0.75
end_to_end,development:401:FD+FW:strict_masking:0.75:0.10:0:end_to_end,strict_masking,pi_3,0.75,0.1,0.0,0.0,1.0,1.1,False,-0.35,0.75
oracle,development:401:FD+FW:strict_masking:0.75:0.10:0:oracle,strict_masking,pi_3,0.75,0.1,0.0,0.0,0.0,0.0,True,0.75,0.75
qrtc,development:401:FD+FW:strict_masking:0.75:0.20:0:qrtc,strict_masking,pi_3,0.75,0.2,0.0,0.0,0.0,0.0,True,0.75,0.75
random,development:401:FD+FW:strict_masking:0.75:0.20:0:random,strict_masking,pi_3,0.75,0.2,0.0,0.0,1.0,1.25,False,-0.5,0.75
cheapest_first,development:401:FD+FW:strict_masking:0.75:0.20:0:cheapest_first,strict_masking,pi_3,0.75,0.2,0.0,0.0,1.0,1.05,False,-0.3,0.75
highest_stage_posterior,development:401:FD+FW:strict_masking:0.75:0.20:0:highest_stage_posterior,strict_masking,pi_3,0.75,0.2,0.0,0.0,1.0,1.15,False,-0.4,0.75
greedy_gain,development:401:FD+FW:strict_masking:0.75:0.20:0:greedy_gain,strict_masking,pi_3,0.75,0.2,0.0,0.0,0.0,0.0,True,0.75,0.75
end_to_end,development:401:FD+FW:strict_masking:0.75:0.20:0:end_to_end,strict_masking,pi_3,0.75,0.2,0.0,0.0,1.0,1.1,False,-0.35,0.75
oracle,development:401:FD+FW:strict_masking:0.75:0.20:0:oracle,strict_masking,pi_3,0.75,0.2,0.0,0.0,0.0,0.0,True,0.75,0.75
qrtc,development:401:FD+FW:strict_masking:1.00:0.00:0:qrtc,strict_masking,pi_3,1.0,0.0,0.0,0.0,0.0,0.0,True,0.75,0.75
random,development:401:FD+FW:strict_masking:1.00:0.00:0:random,strict_masking,pi_3,1.0,0.0,0.0,0.0,1.0,1.05,False,-0.3,0.75
cheapest_first,development:401:FD+FW:strict_masking:1.00:0.00:0:cheapest_first,strict_masking,pi_3,1.0,0.0,0.0,0.0,1.0,1.05,False,-0.3,0.75
highest_stage_posterior,development:401:FD+FW:strict_masking:1.00:0.00:0:highest_stage_posterior,strict_masking,pi_3,1.0,0.0,0.0,0.0,1.0,1.15,False,-0.4,0.75
greedy_gain,development:401:FD+FW:strict_masking:1.00:0.00:0:greedy_gain,strict_masking,pi_3,1.0,0.0,0.0,0.0,0.0,0.0,True,0.75,0.75
end_to_end,development:401:FD+FW:strict_masking:1.00:0.00:0:end_to_end,strict_masking,pi_3,1.0,0.0,0.0,0.0,1.0,1.1,False,-0.35,0.75
oracle,development:401:FD+FW:strict_masking:1.00:0.00:0:oracle,strict_masking,pi_3,1.0,0.0,0.0,0.0,0.0,0.0,True,0.75,0.75
qrtc,development:401:FD+FW:strict_masking:1.00:0.05:0:qrtc,strict_masking,pi_3,1.0,0.05,0.0,0.0,0.0,0.0,True,0.75,0.75
random,development:401:FD+FW:strict_masking:1.00:0.05:0:random,strict_masking,pi_3,1.0,0.05,0.0,0.0,1.0,1.15,False,-0.4,0.75
cheapest_first,development:401:FD+FW:strict_masking:1.00:0.05:0:cheapest_first,strict_masking,pi_3,1.0,0.05,0.0,0.0,1.0,1.05,False,-0.3,0.75
highest_stage_posterior,development:401:FD+FW:strict_masking:1.00:0.05:0:highest_stage_posterior,strict_masking,pi_3,1.0,0.05,0.0,0.0,1.0,1.15,False,-0.4,0.75
greedy_gain,development:401:FD+FW:strict_masking:1.00:0.05:0:greedy_gain,strict_masking,pi_3,1.0,0.05,0.0,0.0,0.0,0.0,True,0.75,0.75
end_to_end,development:401:FD+FW:strict_masking:1.00:0.05:0:end_to_end,strict_masking,pi_3,1.0,0.05,0.0,0.0,1.0,1.1,False,-0.35,0.75
oracle,development:401:FD+FW:strict_masking:1.00:0.05:0:oracle,strict_masking,pi_3,1.0,0.05,0.0,0.0,0.0,0.0,True,0.75,0.75
qrtc,development:401:FD+FW:strict_masking:1.00:0.10:0:qrtc,strict_masking,pi_3,1.0,0.1,0.0,0.0,0.0,0.0,True,0.75,0.75
random,development:401:FD+FW:strict_masking:1.00:0.10:0:random,strict_masking,pi_3,1.0,0.1,0.0,0.0,1.0,1.2,False,-0.45,0.75
cheapest_first,development:401:FD+FW:strict_masking:1.00:0.10:0:cheapest_first,strict_masking,pi_3,1.0,0.1,0.0,0.0,1.0,1.05,False,-0.3,0.75
highest_stage_posterior,development:401:FD+FW:strict_masking:1.00:0.10:0:highest_stage_posterior,strict_masking,pi_3,1.0,0.1,0.0,0.0,1.0,1.15,False,-0.4,0.75
greedy_gain,development:401:FD+FW:strict_masking:1.00:0.10:0:greedy_gain,strict_masking,pi_3,1.0,0.1,0.0,0.0,0.0,0.0,True,0.75,0.75
end_to_end,development:401:FD+FW:strict_masking:1.00:0.10:0:end_to_end,strict_masking,pi_3,1.0,0.1,0.0,0.0,1.0,1.1,False,-0.35,0.75
oracle,development:401:FD+FW:strict_masking:1.00:0.10:0:oracle,strict_masking,pi_3,1.0,0.1,0.0,0.0,0.0,0.0,True,0.75,0.75
qrtc,development:401:FD+FW:strict_masking:1.00:0.20:0:qrtc,strict_masking,pi_3,1.0,0.2,0.0,0.0,0.0,0.0,True,0.75,0.75
random,development:401:FD+FW:strict_masking:1.00:0.20:0:random,strict_masking,pi_3,1.0,0.2,0.0,0.0,1.0,1.05,False,-0.3,0.75
cheapest_first,development:401:FD+FW:strict_masking:1.00:0.20:0:cheapest_first,strict_masking,pi_3,1.0,0.2,0.0,0.0,1.0,1.05,False,-0.3,0.75
highest_stage_posterior,development:401:FD+FW:strict_masking:1.00:0.20:0:highest_stage_posterior,strict_masking,pi_3,1.0,0.2,0.0,0.0,1.0,1.15,False,-0.4,0.75
greedy_gain,development:401:FD+FW:strict_masking:1.00:0.20:0:greedy_gain,strict_masking,pi_3,1.0,0.2,0.0,0.0,0.0,0.0,True,0.75,0.75
end_to_end,development:401:FD+FW:strict_masking:1.00:0.20:0:end_to_end,strict_masking,pi_3,1.0,0.2,0.0,0.0,1.0,1.1,False,-0.35,0.75
oracle,development:401:FD+FW:strict_masking:1.00:0.20:0:oracle,strict_masking,pi_3,1.0,0.2,0.0,0.0,0.0,0.0,True,0.75,0.75
qrtc,development:401:FD+FW:soft_masking:0.25:0.00:0:qrtc,soft_masking,pi_3,0.25,0.0,0.0,0.0,0.0,0.15000000000000002,True,0.75,0.9
random,development:401:FD+FW:soft_masking:0.25:0.00:0:random,soft_masking,pi_3,0.25,0.0,0.0,0.0,1.0,1.35,False,-0.45,0.9
cheapest_first,development:401:FD+FW:soft_masking:0.25:0.00:0:cheapest_first,soft_masking,pi_3,0.25,0.0,0.0,0.0,1.0,1.2,False,-0.3,0.9
highest_stage_posterior,development:401:FD+FW:soft_masking:0.25:0.00:0:highest_stage_posterior,soft_masking,pi_3,0.25,0.0,0.0,0.0,0.0,0.050000000000000044,True,0.85,0.9
greedy_gain,development:401:FD+FW:soft_masking:0.25:0.00:0:greedy_gain,soft_masking,pi_3,0.25,0.0,0.0,0.0,0.0,0.050000000000000044,True,0.85,0.9
end_to_end,development:401:FD+FW:soft_masking:0.25:0.00:0:end_to_end,soft_masking,pi_3,0.25,0.0,0.0,0.0,0.0,0.050000000000000044,True,0.85,0.9
oracle,development:401:FD+FW:soft_masking:0.25:0.00:0:oracle,soft_masking,pi_3,0.25,0.0,0.0,0.0,0.0,0.0,True,0.9,0.9
qrtc,development:401:FD+FW:soft_masking:0.25:0.05:0:qrtc,soft_masking,pi_3,0.25,0.05,0.0,0.0,0.0,0.15000000000000002,True,0.75,0.9
random,development:401:FD+FW:soft_masking:0.25:0.05:0:random,soft_masking,pi_3,0.25,0.05,0.0,0.0,0.0,0.0,True,0.9,0.9
cheapest_first,development:401:FD+FW:soft_masking:0.25:0.05:0:cheapest_first,soft_masking,pi_3,0.25,0.05,0.0,0.0,1.0,1.2,False,-0.3,0.9
highest_stage_posterior,development:401:FD+FW:soft_masking:0.25:0.05:0:highest_stage_posterior,soft_masking,pi_3,0.25,0.05,0.0,0.0,0.0,0.050000000000000044,True,0.85,0.9
greedy_gain,development:401:FD+FW:soft_masking:0.25:0.05:0:greedy_gain,soft_masking,pi_3,0.25,0.05,0.0,0.0,0.0,0.050000000000000044,True,0.85,0.9
end_to_end,development:401:FD+FW:soft_masking:0.25:0.05:0:end_to_end,soft_masking,pi_3,0.25,0.05,0.0,0.0,0.0,0.050000000000000044,True,0.85,0.9
oracle,development:401:FD+FW:soft_masking:0.25:0.05:0:oracle,soft_masking,pi_3,0.25,0.05,0.0,0.0,0.0,0.0,True,0.9,0.9
qrtc,development:401:FD+FW:soft_masking:0.25:0.10:0:qrtc,soft_masking,pi_3,0.25,0.1,0.0,0.0,0.0,0.15000000000000002,True,0.75,0.9
random,development:401:FD+FW:soft_masking:0.25:0.10:0:random,soft_masking,pi_3,0.25,0.1,0.0,0.0,1.0,1.35,False,-0.45,0.9
cheapest_first,development:401:FD+FW:soft_masking:0.25:0.10:0:cheapest_first,soft_masking,pi_3,0.25,0.1,0.0,0.0,1.0,1.2,False,-0.3,0.9
highest_stage_posterior,development:401:FD+FW:soft_masking:0.25:0.10:0:highest_stage_posterior,soft_masking,pi_3,0.25,0.1,0.0,0.0,0.0,0.050000000000000044,True,0.85,0.9
greedy_gain,development:401:FD+FW:soft_masking:0.25:0.10:0:greedy_gain,soft_masking,pi_3,0.25,0.1,0.0,0.0,0.0,0.050000000000000044,True,0.85,0.9
end_to_end,development:401:FD+FW:soft_masking:0.25:0.10:0:end_to_end,soft_masking,pi_3,0.25,0.1,0.0,0.0,0.0,0.050000000000000044,True,0.85,0.9
oracle,development:401:FD+FW:soft_masking:0.25:0.10:0:oracle,soft_masking,pi_3,0.25,0.1,0.0,0.0,0.0,0.0,True,0.9,0.9
qrtc,development:401:FD+FW:soft_masking:0.25:0.20:0:qrtc,soft_masking,pi_3,0.25,0.2,0.0,0.0,0.0,0.15000000000000002,True,0.75,0.9
random,development:401:FD+FW:soft_masking:0.25:0.20:0:random,soft_masking,pi_3,0.25,0.2,0.0,0.0,1.0,1.35,False,-0.45,0.9
cheapest_first,development:401:FD+FW:soft_masking:0.25:0.20:0:cheapest_first,soft_masking,pi_3,0.25,0.2,0.0,0.0,1.0,1.2,False,-0.3,0.9
highest_stage_posterior,development:401:FD+FW:soft_masking:0.25:0.20:0:highest_stage_posterior,soft_masking,pi_3,0.25,0.2,0.0,0.0,0.0,0.050000000000000044,True,0.85,0.9
greedy_gain,development:401:FD+FW:soft_masking:0.25:0.20:0:greedy_gain,soft_masking,pi_3,0.25,0.2,0.0,0.0,0.0,0.050000000000000044,True,0.85,0.9
end_to_end,development:401:FD+FW:soft_masking:0.25:0.20:0:end_to_end,soft_masking,pi_3,0.25,0.2,0.0,0.0,0.0,0.050000000000000044,True,0.85,0.9
oracle,development:401:FD+FW:soft_masking:0.25:0.20:0:oracle,soft_masking,pi_3,0.25,0.2,0.0,0.0,0.0,0.0,True,0.9,0.9
qrtc,development:401:FD+FW:soft_masking:0.50:0.00:0:qrtc,soft_masking,pi_3,0.5,0.0,0.0,0.0,0.0,0.15000000000000002,True,0.75,0.9
random,development:401:FD+FW:soft_masking:0.50:0.00:0:random,soft_masking,pi_3,0.5,0.0,0.0,0.0,1.0,1.4,False,-0.5,0.9
cheapest_first,development:401:FD+FW:soft_masking:0.50:0.00:0:cheapest_first,soft_masking,pi_3,0.5,0.0,0.0,0.0,1.0,1.2,False,-0.3,0.9
highest_stage_posterior,development:401:FD+FW:soft_masking:0.50:0.00:0:highest_stage_posterior,soft_masking,pi_3,0.5,0.0,0.0,0.0,0.0,0.050000000000000044,True,0.85,0.9
greedy_gain,development:401:FD+FW:soft_masking:0.50:0.00:0:greedy_gain,soft_masking,pi_3,0.5,0.0,0.0,0.0,0.0,0.050000000000000044,True,0.85,0.9
end_to_end,development:401:FD+FW:soft_masking:0.50:0.00:0:end_to_end,soft_masking,pi_3,0.5,0.0,0.0,0.0,0.0,0.050000000000000044,True,0.85,0.9
oracle,development:401:FD+FW:soft_masking:0.50:0.00:0:oracle,soft_masking,pi_3,0.5,0.0,0.0,0.0,0.0,0.0,True,0.9,0.9
qrtc,development:401:FD+FW:soft_masking:0.50:0.05:0:qrtc,soft_masking,pi_3,0.5,0.05,0.0,0.0,0.0,0.15000000000000002,True,0.75,0.9
random,development:401:FD+FW:soft_masking:0.50:0.05:0:random,soft_masking,pi_3,0.5,0.05,0.0,0.0,1.0,1.2,False,-0.3,0.9
cheapest_first,development:401:FD+FW:soft_masking:0.50:0.05:0:cheapest_first,soft_masking,pi_3,0.5,0.05,0.0,0.0,1.0,1.2,False,-0.3,0.9
highest_stage_posterior,development:401:FD+FW:soft_masking:0.50:0.05:0:highest_stage_posterior,soft_masking,pi_3,0.5,0.05,0.0,0.0,0.0,0.050000000000000044,True,0.85,0.9
greedy_gain,development:401:FD+FW:soft_masking:0.50:0.05:0:greedy_gain,soft_masking,pi_3,0.5,0.05,0.0,0.0,0.0,0.050000000000000044,True,0.85,0.9
end_to_end,development:401:FD+FW:soft_masking:0.50:0.05:0:end_to_end,soft_masking,pi_3,0.5,0.05,0.0,0.0,0.0,0.050000000000000044,True,0.85,0.9
oracle,development:401:FD+FW:soft_masking:0.50:0.05:0:oracle,soft_masking,pi_3,0.5,0.05,0.0,0.0,0.0,0.0,True,0.9,0.9
qrtc,development:401:FD+FW:soft_masking:0.50:0.10:0:qrtc,soft_masking,pi_3,0.5,0.1,0.0,0.0,0.0,0.15000000000000002,True,0.75,0.9
random,development:401:FD+FW:soft_masking:0.50:0.10:0:random,soft_masking,pi_3,0.5,0.1,0.0,0.0,0.0,0.050000000000000044,True,0.85,0.9
cheapest_first,development:401:FD+FW:soft_masking:0.50:0.10:0:cheapest_first,soft_masking,pi_3,0.5,0.1,0.0,0.0,1.0,1.2,False,-0.3,0.9
highest_stage_posterior,development:401:FD+FW:soft_masking:0.50:0.10:0:highest_stage_posterior,soft_masking,pi_3,0.5,0.1,0.0,0.0,0.0,0.050000000000000044,True,0.85,0.9
greedy_gain,development:401:FD+FW:soft_masking:0.50:0.10:0:greedy_gain,soft_masking,pi_3,0.5,0.1,0.0,0.0,0.0,0.050000000000000044,True,0.85,0.9
end_to_end,development:401:FD+FW:soft_masking:0.50:0.10:0:end_to_end,soft_masking,pi_3,0.5,0.1,0.0,0.0,0.0,0.050000000000000044,True,0.85,0.9
oracle,development:401:FD+FW:soft_masking:0.50:0.10:0:oracle,soft_masking,pi_3,0.5,0.1,0.0,0.0,0.0,0.0,True,0.9,0.9
qrtc,development:401:FD+FW:soft_masking:0.50:0.20:0:qrtc,soft_masking,pi_3,0.5,0.2,0.0,0.0,0.0,0.15000000000000002,True,0.75,0.9
random,development:401:FD+FW:soft_masking:0.50:0.20:0:random,soft_masking,pi_3,0.5,0.2,0.0,0.0,1.0,1.4,False,-0.5,0.9
cheapest_first,development:401:FD+FW:soft_masking:0.50:0.20:0:cheapest_first,soft_masking,pi_3,0.5,0.2,0.0,0.0,1.0,1.2,False,-0.3,0.9
highest_stage_posterior,development:401:FD+FW:soft_masking:0.50:0.20:0:highest_stage_posterior,soft_masking,pi_3,0.5,0.2,0.0,0.0,0.0,0.050000000000000044,True,0.85,0.9
greedy_gain,development:401:FD+FW:soft_masking:0.50:0.20:0:greedy_gain,soft_masking,pi_3,0.5,0.2,0.0,0.0,0.0,0.050000000000000044,True,0.85,0.9
end_to_end,development:401:FD+FW:soft_masking:0.50:0.20:0:end_to_end,soft_masking,pi_3,0.5,0.2,0.0,0.0,0.0,0.050000000000000044,True,0.85,0.9
oracle,development:401:FD+FW:soft_masking:0.50:0.20:0:oracle,soft_masking,pi_3,0.5,0.2,0.0,0.0,0.0,0.0,True,0.9,0.9
qrtc,development:401:FD+FW:soft_masking:0.75:0.00:0:qrtc,soft_masking,pi_3,0.75,0.0,0.0,0.0,0.0,0.15000000000000002,True,0.75,0.9
random,development:401:FD+FW:soft_masking:0.75:0.00:0:random,soft_masking,pi_3,0.75,0.0,0.0,0.0,0.0,0.0,True,0.9,0.9
cheapest_first,development:401:FD+FW:soft_masking:0.75:0.00:0:cheapest_first,soft_masking,pi_3,0.75,0.0,0.0,0.0,1.0,1.2,False,-0.3,0.9
highest_stage_posterior,development:401:FD+FW:soft_masking:0.75:0.00:0:highest_stage_posterior,soft_masking,pi_3,0.75,0.0,0.0,0.0,0.0,0.050000000000000044,True,0.85,0.9
greedy_gain,development:401:FD+FW:soft_masking:0.75:0.00:0:greedy_gain,soft_masking,pi_3,0.75,0.0,0.0,0.0,0.0,0.050000000000000044,True,0.85,0.9
end_to_end,development:401:FD+FW:soft_masking:0.75:0.00:0:end_to_end,soft_masking,pi_3,0.75,0.0,0.0,0.0,0.0,0.050000000000000044,True,0.85,0.9
oracle,development:401:FD+FW:soft_masking:0.75:0.00:0:oracle,soft_masking,pi_3,0.75,0.0,0.0,0.0,0.0,0.0,True,0.9,0.9
qrtc,development:401:FD+FW:soft_masking:0.75:0.05:0:qrtc,soft_masking,pi_3,0.75,0.05,0.0,0.0,0.0,0.15000000000000002,True,0.75,0.9
random,development:401:FD+FW:soft_masking:0.75:0.05:0:random,soft_masking,pi_3,0.75,0.05,0.0,0.0,1.0,1.35,False,-0.45,0.9
cheapest_first,development:401:FD+FW:soft_masking:0.75:0.05:0:cheapest_first,soft_masking,pi_3,0.75,0.05,0.0,0.0,1.0,1.2,False,-0.3,0.9
highest_stage_posterior,development:401:FD+FW:soft_masking:0.75:0.05:0:highest_stage_posterior,soft_masking,pi_3,0.75,0.05,0.0,0.0,0.0,0.050000000000000044,True,0.85,0.9
greedy_gain,development:401:FD+FW:soft_masking:0.75:0.05:0:greedy_gain,soft_masking,pi_3,0.75,0.05,0.0,0.0,0.0,0.050000000000000044,True,0.85,0.9
end_to_end,development:401:FD+FW:soft_masking:0.75:0.05:0:end_to_end,soft_masking,pi_3,0.75,0.05,0.0,0.0,0.0,0.050000000000000044,True,0.85,0.9
oracle,development:401:FD+FW:soft_masking:0.75:0.05:0:oracle,soft_masking,pi_3,0.75,0.05,0.0,0.0,0.0,0.0,True,0.9,0.9
qrtc,development:401:FD+FW:soft_masking:0.75:0.10:0:qrtc,soft_masking,pi_3,0.75,0.1,0.0,0.0,0.0,0.15000000000000002,True,0.75,0.9
random,development:401:FD+FW:soft_masking:0.75:0.10:0:random,soft_masking,pi_3,0.75,0.1,0.0,0.0,1.0,1.2,False,-0.3,0.9
cheapest_first,development:401:FD+FW:soft_masking:0.75:0.10:0:cheapest_first,soft_masking,pi_3,0.75,0.1,0.0,0.0,1.0,1.2,False,-0.3,0.9
highest_stage_posterior,development:401:FD+FW:soft_masking:0.75:0.10:0:highest_stage_posterior,soft_masking,pi_3,0.75,0.1,0.0,0.0,0.0,0.050000000000000044,True,0.85,0.9
greedy_gain,development:401:FD+FW:soft_masking:0.75:0.10:0:greedy_gain,soft_masking,pi_3,0.75,0.1,0.0,0.0,0.0,0.050000000000000044,True,0.85,0.9
end_to_end,development:401:FD+FW:soft_masking:0.75:0.10:0:end_to_end,soft_masking,pi_3,0.75,0.1,0.0,0.0,0.0,0.050000000000000044,True,0.85,0.9
oracle,development:401:FD+FW:soft_masking:0.75:0.10:0:oracle,soft_masking,pi_3,0.75,0.1,0.0,0.0,0.0,0.0,True,0.9,0.9
qrtc,development:401:FD+FW:soft_masking:0.75:0.20:0:qrtc,soft_masking,pi_3,0.75,0.2,0.0,0.0,0.0,0.15000000000000002,True,0.75,0.9
random,development:401:FD+FW:soft_masking:0.75:0.20:0:random,soft_masking,pi_3,0.75,0.2,0.0,0.0,1.0,1.4,False,-0.5,0.9
cheapest_first,development:401:FD+FW:soft_masking:0.75:0.20:0:cheapest_first,soft_masking,pi_3,0.75,0.2,0.0,0.0,1.0,1.2,False,-0.3,0.9
highest_stage_posterior,development:401:FD+FW:soft_masking:0.75:0.20:0:highest_stage_posterior,soft_masking,pi_3,0.75,0.2,0.0,0.0,0.0,0.050000000000000044,True,0.85,0.9
greedy_gain,development:401:FD+FW:soft_masking:0.75:0.20:0:greedy_gain,soft_masking,pi_3,0.75,0.2,0.0,0.0,0.0,0.050000000000000044,True,0.85,0.9
end_to_end,development:401:FD+FW:soft_masking:0.75:0.20:0:end_to_end,soft_masking,pi_3,0.75,0.2,0.0,0.0,0.0,0.050000000000000044,True,0.85,0.9
oracle,development:401:FD+FW:soft_masking:0.75:0.20:0:oracle,soft_masking,pi_3,0.75,0.2,0.0,0.0,0.0,0.0,True,0.9,0.9
qrtc,development:401:FD+FW:soft_masking:1.00:0.00:0:qrtc,soft_masking,pi_3,1.0,0.0,0.0,0.0,0.0,0.15000000000000002,True,0.75,0.9
random,development:401:FD+FW:soft_masking:1.00:0.00:0:random,soft_masking,pi_3,1.0,0.0,0.0,0.0,1.0,1.2,False,-0.3,0.9
cheapest_first,development:401:FD+FW:soft_masking:1.00:0.00:0:cheapest_first,soft_masking,pi_3,1.0,0.0,0.0,0.0,1.0,1.2,False,-0.3,0.9
highest_stage_posterior,development:401:FD+FW:soft_masking:1.00:0.00:0:highest_stage_posterior,soft_masking,pi_3,1.0,0.0,0.0,0.0,0.0,0.050000000000000044,True,0.85,0.9
greedy_gain,development:401:FD+FW:soft_masking:1.00:0.00:0:greedy_gain,soft_masking,pi_3,1.0,0.0,0.0,0.0,0.0,0.050000000000000044,True,0.85,0.9
end_to_end,development:401:FD+FW:soft_masking:1.00:0.00:0:end_to_end,soft_masking,pi_3,1.0,0.0,0.0,0.0,0.0,0.050000000000000044,True,0.85,0.9
oracle,development:401:FD+FW:soft_masking:1.00:0.00:0:oracle,soft_masking,pi_3,1.0,0.0,0.0,0.0,0.0,0.0,True,0.9,0.9
qrtc,development:401:FD+FW:soft_masking:1.00:0.05:0:qrtc,soft_masking,pi_3,1.0,0.05,0.0,0.0,0.0,0.15000000000000002,True,0.75,0.9
random,development:401:FD+FW:soft_masking:1.00:0.05:0:random,soft_masking,pi_3,1.0,0.05,0.0,0.0,0.0,0.050000000000000044,True,0.85,0.9
cheapest_first,development:401:FD+FW:soft_masking:1.00:0.05:0:cheapest_first,soft_masking,pi_3,1.0,0.05,0.0,0.0,1.0,1.2,False,-0.3,0.9
highest_stage_posterior,development:401:FD+FW:soft_masking:1.00:0.05:0:highest_stage_posterior,soft_masking,pi_3,1.0,0.05,0.0,0.0,0.0,0.050000000000000044,True,0.85,0.9
greedy_gain,development:401:FD+FW:soft_masking:1.00:0.05:0:greedy_gain,soft_masking,pi_3,1.0,0.05,0.0,0.0,0.0,0.050000000000000044,True,0.85,0.9
end_to_end,development:401:FD+FW:soft_masking:1.00:0.05:0:end_to_end,soft_masking,pi_3,1.0,0.05,0.0,0.0,0.0,0.050000000000000044,True,0.85,0.9
oracle,development:401:FD+FW:soft_masking:1.00:0.05:0:oracle,soft_masking,pi_3,1.0,0.05,0.0,0.0,0.0,0.0,True,0.9,0.9
qrtc,development:401:FD+FW:soft_masking:1.00:0.10:0:qrtc,soft_masking,pi_3,1.0,0.1,0.0,0.0,0.0,0.15000000000000002,True,0.75,0.9
random,development:401:FD+FW:soft_masking:1.00:0.10:0:random,soft_masking,pi_3,1.0,0.1,0.0,0.0,1.0,1.35,False,-0.45,0.9
cheapest_first,development:401:FD+FW:soft_masking:1.00:0.10:0:cheapest_first,soft_masking,pi_3,1.0,0.1,0.0,0.0,1.0,1.2,False,-0.3,0.9
highest_stage_posterior,development:401:FD+FW:soft_masking:1.00:0.10:0:highest_stage_posterior,soft_masking,pi_3,1.0,0.1,0.0,0.0,0.0,0.050000000000000044,True,0.85,0.9
greedy_gain,development:401:FD+FW:soft_masking:1.00:0.10:0:greedy_gain,soft_masking,pi_3,1.0,0.1,0.0,0.0,0.0,0.050000000000000044,True,0.85,0.9
end_to_end,development:401:FD+FW:soft_masking:1.00:0.10:0:end_to_end,soft_masking,pi_3,1.0,0.1,0.0,0.0,0.0,0.050000000000000044,True,0.85,0.9
oracle,development:401:FD+FW:soft_masking:1.00:0.10:0:oracle,soft_masking,pi_3,1.0,0.1,0.0,0.0,0.0,0.0,True,0.9,0.9
qrtc,development:401:FD+FW:soft_masking:1.00:0.20:0:qrtc,soft_masking,pi_3,1.0,0.2,0.0,0.0,0.0,0.15000000000000002,True,0.75,0.9
random,development:401:FD+FW:soft_masking:1.00:0.20:0:random,soft_masking,pi_3,1.0,0.2,0.0,0.0,1.0,1.2,False,-0.3,0.9
cheapest_first,development:401:FD+FW:soft_masking:1.00:0.20:0:cheapest_first,soft_masking,pi_3,1.0,0.2,0.0,0.0,1.0,1.2,False,-0.3,0.9
highest_stage_posterior,development:401:FD+FW:soft_masking:1.00:0.20:0:highest_stage_posterior,soft_masking,pi_3,1.0,0.2,0.0,0.0,0.0,0.050000000000000044,True,0.85,0.9
greedy_gain,development:401:FD+FW:soft_masking:1.00:0.20:0:greedy_gain,soft_masking,pi_3,1.0,0.2,0.0,0.0,0.0,0.050000000000000044,True,0.85,0.9
end_to_end,development:401:FD+FW:soft_masking:1.00:0.20:0:end_to_end,soft_masking,pi_3,1.0,0.2,0.0,0.0,0.0,0.050000000000000044,True,0.85,0.9
oracle,development:401:FD+FW:soft_masking:1.00:0.20:0:oracle,soft_masking,pi_3,1.0,0.2,0.0,0.0,0.0,0.0,True,0.9,0.9
qrtc,development:401:FD+FW:independent:0.25:0.00:0:qrtc,independent,pi_3,0.25,0.0,0.0,0.0,0.0,0.050000000000000044,True,0.85,0.9
random,development:401:FD+FW:independent:0.25:0.00:0:random,independent,pi_3,0.25,0.0,0.0,0.0,1.0,1.35,False,-0.45,0.9
cheapest_first,development:401:FD+FW:independent:0.25:0.00:0:cheapest_first,independent,pi_3,0.25,0.0,0.0,0.0,1.0,1.2,False,-0.3,0.9
highest_stage_posterior,development:401:FD+FW:independent:0.25:0.00:0:highest_stage_posterior,independent,pi_3,0.25,0.0,0.0,0.0,0.0,0.050000000000000044,True,0.85,0.9
greedy_gain,development:401:FD+FW:independent:0.25:0.00:0:greedy_gain,independent,pi_3,0.25,0.0,0.0,0.0,0.0,0.050000000000000044,True,0.85,0.9
end_to_end,development:401:FD+FW:independent:0.25:0.00:0:end_to_end,independent,pi_3,0.25,0.0,0.0,0.0,0.0,0.050000000000000044,True,0.85,0.9
oracle,development:401:FD+FW:independent:0.25:0.00:0:oracle,independent,pi_3,0.25,0.0,0.0,0.0,0.0,0.0,True,0.9,0.9
qrtc,development:401:FD+FW:independent:0.25:0.05:0:qrtc,independent,pi_3,0.25,0.05,0.0,0.0,0.0,0.050000000000000044,True,0.85,0.9
random,development:401:FD+FW:independent:0.25:0.05:0:random,independent,pi_3,0.25,0.05,0.0,0.0,0.0,0.0,True,0.9,0.9
cheapest_first,development:401:FD+FW:independent:0.25:0.05:0:cheapest_first,independent,pi_3,0.25,0.05,0.0,0.0,1.0,1.2,False,-0.3,0.9
highest_stage_posterior,development:401:FD+FW:independent:0.25:0.05:0:highest_stage_posterior,independent,pi_3,0.25,0.05,0.0,0.0,0.0,0.050000000000000044,True,0.85,0.9
greedy_gain,development:401:FD+FW:independent:0.25:0.05:0:greedy_gain,independent,pi_3,0.25,0.05,0.0,0.0,0.0,0.050000000000000044,True,0.85,0.9
end_to_end,development:401:FD+FW:independent:0.25:0.05:0:end_to_end,independent,pi_3,0.25,0.05,0.0,0.0,0.0,0.050000000000000044,True,0.85,0.9
oracle,development:401:FD+FW:independent:0.25:0.05:0:oracle,independent,pi_3,0.25,0.05,0.0,0.0,0.0,0.0,True,0.9,0.9
qrtc,development:401:FD+FW:independent:0.25:0.10:0:qrtc,independent,pi_3,0.25,0.1,0.0,0.0,0.0,0.050000000000000044,True,0.85,0.9
random,development:401:FD+FW:independent:0.25:0.10:0:random,independent,pi_3,0.25,0.1,0.0,0.0,1.0,1.35,False,-0.45,0.9
cheapest_first,development:401:FD+FW:independent:0.25:0.10:0:cheapest_first,independent,pi_3,0.25,0.1,0.0,0.0,1.0,1.2,False,-0.3,0.9
highest_stage_posterior,development:401:FD+FW:independent:0.25:0.10:0:highest_stage_posterior,independent,pi_3,0.25,0.1,0.0,0.0,0.0,0.050000000000000044,True,0.85,0.9
greedy_gain,development:401:FD+FW:independent:0.25:0.10:0:greedy_gain,independent,pi_3,0.25,0.1,0.0,0.0,0.0,0.050000000000000044,True,0.85,0.9
end_to_end,development:401:FD+FW:independent:0.25:0.10:0:end_to_end,independent,pi_3,0.25,0.1,0.0,0.0,0.0,0.050000000000000044,True,0.85,0.9
oracle,development:401:FD+FW:independent:0.25:0.10:0:oracle,independent,pi_3,0.25,0.1,0.0,0.0,0.0,0.0,True,0.9,0.9
qrtc,development:401:FD+FW:independent:0.25:0.20:0:qrtc,independent,pi_3,0.25,0.2,0.0,0.0,0.0,0.050000000000000044,True,0.85,0.9
random,development:401:FD+FW:independent:0.25:0.20:0:random,independent,pi_3,0.25,0.2,0.0,0.0,1.0,1.35,False,-0.45,0.9
cheapest_first,development:401:FD+FW:independent:0.25:0.20:0:cheapest_first,independent,pi_3,0.25,0.2,0.0,0.0,1.0,1.2,False,-0.3,0.9
highest_stage_posterior,development:401:FD+FW:independent:0.25:0.20:0:highest_stage_posterior,independent,pi_3,0.25,0.2,0.0,0.0,0.0,0.050000000000000044,True,0.85,0.9
greedy_gain,development:401:FD+FW:independent:0.25:0.20:0:greedy_gain,independent,pi_3,0.25,0.2,0.0,0.0,0.0,0.050000000000000044,True,0.85,0.9
end_to_end,development:401:FD+FW:independent:0.25:0.20:0:end_to_end,independent,pi_3,0.25,0.2,0.0,0.0,0.0,0.050000000000000044,True,0.85,0.9
oracle,development:401:FD+FW:independent:0.25:0.20:0:oracle,independent,pi_3,0.25,0.2,0.0,0.0,0.0,0.0,True,0.9,0.9
qrtc,development:401:FD+FW:independent:0.50:0.00:0:qrtc,independent,pi_3,0.5,0.0,0.0,0.0,0.0,0.050000000000000044,True,0.85,0.9
random,development:401:FD+FW:independent:0.50:0.00:0:random,independent,pi_3,0.5,0.0,0.0,0.0,1.0,1.4,False,-0.5,0.9
cheapest_first,development:401:FD+FW:independent:0.50:0.00:0:cheapest_first,independent,pi_3,0.5,0.0,0.0,0.0,1.0,1.2,False,-0.3,0.9
highest_stage_posterior,development:401:FD+FW:independent:0.50:0.00:0:highest_stage_posterior,independent,pi_3,0.5,0.0,0.0,0.0,0.0,0.050000000000000044,True,0.85,0.9
greedy_gain,development:401:FD+FW:independent:0.50:0.00:0:greedy_gain,independent,pi_3,0.5,0.0,0.0,0.0,0.0,0.050000000000000044,True,0.85,0.9
end_to_end,development:401:FD+FW:independent:0.50:0.00:0:end_to_end,independent,pi_3,0.5,0.0,0.0,0.0,0.0,0.050000000000000044,True,0.85,0.9
oracle,development:401:FD+FW:independent:0.50:0.00:0:oracle,independent,pi_3,0.5,0.0,0.0,0.0,0.0,0.0,True,0.9,0.9
qrtc,development:401:FD+FW:independent:0.50:0.05:0:qrtc,independent,pi_3,0.5,0.05,0.0,0.0,0.0,0.050000000000000044,True,0.85,0.9
random,development:401:FD+FW:independent:0.50:0.05:0:random,independent,pi_3,0.5,0.05,0.0,0.0,1.0,1.2,False,-0.3,0.9
cheapest_first,development:401:FD+FW:independent:0.50:0.05:0:cheapest_first,independent,pi_3,0.5,0.05,0.0,0.0,1.0,1.2,False,-0.3,0.9
highest_stage_posterior,development:401:FD+FW:independent:0.50:0.05:0:highest_stage_posterior,independent,pi_3,0.5,0.05,0.0,0.0,0.0,0.050000000000000044,True,0.85,0.9
greedy_gain,development:401:FD+FW:independent:0.50:0.05:0:greedy_gain,independent,pi_3,0.5,0.05,0.0,0.0,0.0,0.050000000000000044,True,0.85,0.9
end_to_end,development:401:FD+FW:independent:0.50:0.05:0:end_to_end,independent,pi_3,0.5,0.05,0.0,0.0,0.0,0.050000000000000044,True,0.85,0.9
oracle,development:401:FD+FW:independent:0.50:0.05:0:oracle,independent,pi_3,0.5,0.05,0.0,0.0,0.0,0.0,True,0.9,0.9
qrtc,development:401:FD+FW:independent:0.50:0.10:0:qrtc,independent,pi_3,0.5,0.1,0.0,0.0,0.0,0.050000000000000044,True,0.85,0.9
random,development:401:FD+FW:independent:0.50:0.10:0:random,independent,pi_3,0.5,0.1,0.0,0.0,0.0,0.050000000000000044,True,0.85,0.9
cheapest_first,development:401:FD+FW:independent:0.50:0.10:0:cheapest_first,independent,pi_3,0.5,0.1,0.0,0.0,1.0,1.2,False,-0.3,0.9
highest_stage_posterior,development:401:FD+FW:independent:0.50:0.10:0:highest_stage_posterior,independent,pi_3,0.5,0.1,0.0,0.0,0.0,0.050000000000000044,True,0.85,0.9
greedy_gain,development:401:FD+FW:independent:0.50:0.10:0:greedy_gain,independent,pi_3,0.5,0.1,0.0,0.0,0.0,0.050000000000000044,True,0.85,0.9
end_to_end,development:401:FD+FW:independent:0.50:0.10:0:end_to_end,independent,pi_3,0.5,0.1,0.0,0.0,0.0,0.050000000000000044,True,0.85,0.9
oracle,development:401:FD+FW:independent:0.50:0.10:0:oracle,independent,pi_3,0.5,0.1,0.0,0.0,0.0,0.0,True,0.9,0.9
qrtc,development:401:FD+FW:independent:0.50:0.20:0:qrtc,independent,pi_3,0.5,0.2,0.0,0.0,0.0,0.050000000000000044,True,0.85,0.9
random,development:401:FD+FW:independent:0.50:0.20:0:random,independent,pi_3,0.5,0.2,0.0,0.0,1.0,1.4,False,-0.5,0.9
cheapest_first,development:401:FD+FW:independent:0.50:0.20:0:cheapest_first,independent,pi_3,0.5,0.2,0.0,0.0,1.0,1.2,False,-0.3,0.9
highest_stage_posterior,development:401:FD+FW:independent:0.50:0.20:0:highest_stage_posterior,independent,pi_3,0.5,0.2,0.0,0.0,0.0,0.050000000000000044,True,0.85,0.9
greedy_gain,development:401:FD+FW:independent:0.50:0.20:0:greedy_gain,independent,pi_3,0.5,0.2,0.0,0.0,0.0,0.050000000000000044,True,0.85,0.9
end_to_end,development:401:FD+FW:independent:0.50:0.20:0:end_to_end,independent,pi_3,0.5,0.2,0.0,0.0,0.0,0.050000000000000044,True,0.85,0.9
oracle,development:401:FD+FW:independent:0.50:0.20:0:oracle,independent,pi_3,0.5,0.2,0.0,0.0,0.0,0.0,True,0.9,0.9
qrtc,development:401:FD+FW:independent:0.75:0.00:0:qrtc,independent,pi_3,0.75,0.0,0.0,0.0,0.0,0.050000000000000044,True,0.85,0.9
random,development:401:FD+FW:independent:0.75:0.00:0:random,independent,pi_3,0.75,0.0,0.0,0.0,0.0,0.0,True,0.9,0.9
cheapest_first,development:401:FD+FW:independent:0.75:0.00:0:cheapest_first,independent,pi_3,0.75,0.0,0.0,0.0,1.0,1.2,False,-0.3,0.9
highest_stage_posterior,development:401:FD+FW:independent:0.75:0.00:0:highest_stage_posterior,independent,pi_3,0.75,0.0,0.0,0.0,0.0,0.050000000000000044,True,0.85,0.9
greedy_gain,development:401:FD+FW:independent:0.75:0.00:0:greedy_gain,independent,pi_3,0.75,0.0,0.0,0.0,0.0,0.050000000000000044,True,0.85,0.9
end_to_end,development:401:FD+FW:independent:0.75:0.00:0:end_to_end,independent,pi_3,0.75,0.0,0.0,0.0,0.0,0.050000000000000044,True,0.85,0.9
oracle,development:401:FD+FW:independent:0.75:0.00:0:oracle,independent,pi_3,0.75,0.0,0.0,0.0,0.0,0.0,True,0.9,0.9
qrtc,development:401:FD+FW:independent:0.75:0.05:0:qrtc,independent,pi_3,0.75,0.05,0.0,0.0,0.0,0.050000000000000044,True,0.85,0.9
random,development:401:FD+FW:independent:0.75:0.05:0:random,independent,pi_3,0.75,0.05,0.0,0.0,1.0,1.35,False,-0.45,0.9
cheapest_first,development:401:FD+FW:independent:0.75:0.05:0:cheapest_first,independent,pi_3,0.75,0.05,0.0,0.0,1.0,1.2,False,-0.3,0.9
highest_stage_posterior,development:401:FD+FW:independent:0.75:0.05:0:highest_stage_posterior,independent,pi_3,0.75,0.05,0.0,0.0,0.0,0.050000000000000044,True,0.85,0.9
greedy_gain,development:401:FD+FW:independent:0.75:0.05:0:greedy_gain,independent,pi_3,0.75,0.05,0.0,0.0,0.0,0.050000000000000044,True,0.85,0.9
end_to_end,development:401:FD+FW:independent:0.75:0.05:0:end_to_end,independent,pi_3,0.75,0.05,0.0,0.0,0.0,0.050000000000000044,True,0.85,0.9
oracle,development:401:FD+FW:independent:0.75:0.05:0:oracle,independent,pi_3,0.75,0.05,0.0,0.0,0.0,0.0,True,0.9,0.9
qrtc,development:401:FD+FW:independent:0.75:0.10:0:qrtc,independent,pi_3,0.75,0.1,0.0,0.0,0.0,0.050000000000000044,True,0.85,0.9
random,development:401:FD+FW:independent:0.75:0.10:0:random,independent,pi_3,0.75,0.1,0.0,0.0,1.0,1.2,False,-0.3,0.9
cheapest_first,development:401:FD+FW:independent:0.75:0.10:0:cheapest_first,independent,pi_3,0.75,0.1,0.0,0.0,1.0,1.2,False,-0.3,0.9
highest_stage_posterior,development:401:FD+FW:independent:0.75:0.10:0:highest_stage_posterior,independent,pi_3,0.75,0.1,0.0,0.0,0.0,0.050000000000000044,True,0.85,0.9
greedy_gain,development:401:FD+FW:independent:0.75:0.10:0:greedy_gain,independent,pi_3,0.75,0.1,0.0,0.0,0.0,0.050000000000000044,True,0.85,0.9
end_to_end,development:401:FD+FW:independent:0.75:0.10:0:end_to_end,independent,pi_3,0.75,0.1,0.0,0.0,0.0,0.050000000000000044,True,0.85,0.9
oracle,development:401:FD+FW:independent:0.75:0.10:0:oracle,independent,pi_3,0.75,0.1,0.0,0.0,0.0,0.0,True,0.9,0.9
qrtc,development:401:FD+FW:independent:0.75:0.20:0:qrtc,independent,pi_3,0.75,0.2,0.0,0.0,0.0,0.050000000000000044,True,0.85,0.9
random,development:401:FD+FW:independent:0.75:0.20:0:random,independent,pi_3,0.75,0.2,0.0,0.0,1.0,1.4,False,-0.5,0.9
cheapest_first,development:401:FD+FW:independent:0.75:0.20:0:cheapest_first,independent,pi_3,0.75,0.2,0.0,0.0,1.0,1.2,False,-0.3,0.9
highest_stage_posterior,development:401:FD+FW:independent:0.75:0.20:0:highest_stage_posterior,independent,pi_3,0.75,0.2,0.0,0.0,0.0,0.050000000000000044,True,0.85,0.9
greedy_gain,development:401:FD+FW:independent:0.75:0.20:0:greedy_gain,independent,pi_3,0.75,0.2,0.0,0.0,0.0,0.050000000000000044,True,0.85,0.9
end_to_end,development:401:FD+FW:independent:0.75:0.20:0:end_to_end,independent,pi_3,0.75,0.2,0.0,0.0,0.0,0.050000000000000044,True,0.85,0.9
oracle,development:401:FD+FW:independent:0.75:0.20:0:oracle,independent,pi_3,0.75,0.2,0.0,0.0,0.0,0.0,True,0.9,0.9
qrtc,development:401:FD+FW:independent:1.00:0.00:0:qrtc,independent,pi_3,1.0,0.0,0.0,0.0,0.0,0.050000000000000044,True,0.85,0.9
random,development:401:FD+FW:independent:1.00:0.00:0:random,independent,pi_3,1.0,0.0,0.0,0.0,1.0,1.2,False,-0.3,0.9
cheapest_first,development:401:FD+FW:independent:1.00:0.00:0:cheapest_first,independent,pi_3,1.0,0.0,0.0,0.0,1.0,1.2,False,-0.3,0.9
highest_stage_posterior,development:401:FD+FW:independent:1.00:0.00:0:highest_stage_posterior,independent,pi_3,1.0,0.0,0.0,0.0,0.0,0.050000000000000044,True,0.85,0.9
greedy_gain,development:401:FD+FW:independent:1.00:0.00:0:greedy_gain,independent,pi_3,1.0,0.0,0.0,0.0,0.0,0.050000000000000044,True,0.85,0.9
end_to_end,development:401:FD+FW:independent:1.00:0.00:0:end_to_end,independent,pi_3,1.0,0.0,0.0,0.0,0.0,0.050000000000000044,True,0.85,0.9
oracle,development:401:FD+FW:independent:1.00:0.00:0:oracle,independent,pi_3,1.0,0.0,0.0,0.0,0.0,0.0,True,0.9,0.9
qrtc,development:401:FD+FW:independent:1.00:0.05:0:qrtc,independent,pi_3,1.0,0.05,0.0,0.0,0.0,0.050000000000000044,True,0.85,0.9
random,development:401:FD+FW:independent:1.00:0.05:0:random,independent,pi_3,1.0,0.05,0.0,0.0,0.0,0.050000000000000044,True,0.85,0.9
cheapest_first,development:401:FD+FW:independent:1.00:0.05:0:cheapest_first,independent,pi_3,1.0,0.05,0.0,0.0,1.0,1.2,False,-0.3,0.9
highest_stage_posterior,development:401:FD+FW:independent:1.00:0.05:0:highest_stage_posterior,independent,pi_3,1.0,0.05,0.0,0.0,0.0,0.050000000000000044,True,0.85,0.9
greedy_gain,development:401:FD+FW:independent:1.00:0.05:0:greedy_gain,independent,pi_3,1.0,0.05,0.0,0.0,0.0,0.050000000000000044,True,0.85,0.9
end_to_end,development:401:FD+FW:independent:1.00:0.05:0:end_to_end,independent,pi_3,1.0,0.05,0.0,0.0,0.0,0.050000000000000044,True,0.85,0.9
oracle,development:401:FD+FW:independent:1.00:0.05:0:oracle,independent,pi_3,1.0,0.05,0.0,0.0,0.0,0.0,True,0.9,0.9
qrtc,development:401:FD+FW:independent:1.00:0.10:0:qrtc,independent,pi_3,1.0,0.1,0.0,0.0,0.0,0.050000000000000044,True,0.85,0.9
random,development:401:FD+FW:independent:1.00:0.10:0:random,independent,pi_3,1.0,0.1,0.0,0.0,1.0,1.35,False,-0.45,0.9
cheapest_first,development:401:FD+FW:independent:1.00:0.10:0:cheapest_first,independent,pi_3,1.0,0.1,0.0,0.0,1.0,1.2,False,-0.3,0.9
highest_stage_posterior,development:401:FD+FW:independent:1.00:0.10:0:highest_stage_posterior,independent,pi_3,1.0,0.1,0.0,0.0,0.0,0.050000000000000044,True,0.85,0.9
greedy_gain,development:401:FD+FW:independent:1.00:0.10:0:greedy_gain,independent,pi_3,1.0,0.1,0.0,0.0,0.0,0.050000000000000044,True,0.85,0.9
end_to_end,development:401:FD+FW:independent:1.00:0.10:0:end_to_end,independent,pi_3,1.0,0.1,0.0,0.0,0.0,0.050000000000000044,True,0.85,0.9
oracle,development:401:FD+FW:independent:1.00:0.10:0:oracle,independent,pi_3,1.0,0.1,0.0,0.0,0.0,0.0,True,0.9,0.9
qrtc,development:401:FD+FW:independent:1.00:0.20:0:qrtc,independent,pi_3,1.0,0.2,0.0,0.0,0.0,0.050000000000000044,True,0.85,0.9
random,development:401:FD+FW:independent:1.00:0.20:0:random,independent,pi_3,1.0,0.2,0.0,0.0,1.0,1.2,False,-0.3,0.9
cheapest_first,development:401:FD+FW:independent:1.00:0.20:0:cheapest_first,independent,pi_3,1.0,0.2,0.0,0.0,1.0,1.2,False,-0.3,0.9
highest_stage_posterior,development:401:FD+FW:independent:1.00:0.20:0:highest_stage_posterior,independent,pi_3,1.0,0.2,0.0,0.0,0.0,0.050000000000000044,True,0.85,0.9
greedy_gain,development:401:FD+FW:independent:1.00:0.20:0:greedy_gain,independent,pi_3,1.0,0.2,0.0,0.0,0.0,0.050000000000000044,True,0.85,0.9
end_to_end,development:401:FD+FW:independent:1.00:0.20:0:end_to_end,independent,pi_3,1.0,0.2,0.0,0.0,0.0,0.050000000000000044,True,0.85,0.9
oracle,development:401:FD+FW:independent:1.00:0.20:0:oracle,independent,pi_3,1.0,0.2,0.0,0.0,0.0,0.0,True,0.9,0.9
qrtc,development:401:FD+FW:synergistic:0.25:0.00:0:qrtc,synergistic,pi_3,0.25,0.0,0.0,0.0,0.0,0.050000000000000044,True,0.85,0.9
random,development:401:FD+FW:synergistic:0.25:0.00:0:random,synergistic,pi_3,0.25,0.0,0.0,0.0,1.0,1.35,False,-0.45,0.9
cheapest_first,development:401:FD+FW:synergistic:0.25:0.00:0:cheapest_first,synergistic,pi_3,0.25,0.0,0.0,0.0,1.0,1.2,False,-0.3,0.9
highest_stage_posterior,development:401:FD+FW:synergistic:0.25:0.00:0:highest_stage_posterior,synergistic,pi_3,0.25,0.0,0.0,0.0,0.0,0.050000000000000044,True,0.85,0.9
greedy_gain,development:401:FD+FW:synergistic:0.25:0.00:0:greedy_gain,synergistic,pi_3,0.25,0.0,0.0,0.0,0.0,0.050000000000000044,True,0.85,0.9
end_to_end,development:401:FD+FW:synergistic:0.25:0.00:0:end_to_end,synergistic,pi_3,0.25,0.0,0.0,0.0,0.0,0.050000000000000044,True,0.85,0.9
oracle,development:401:FD+FW:synergistic:0.25:0.00:0:oracle,synergistic,pi_3,0.25,0.0,0.0,0.0,0.0,0.0,True,0.9,0.9
qrtc,development:401:FD+FW:synergistic:0.25:0.05:0:qrtc,synergistic,pi_3,0.25,0.05,0.0,0.0,0.0,0.050000000000000044,True,0.85,0.9
random,development:401:FD+FW:synergistic:0.25:0.05:0:random,synergistic,pi_3,0.25,0.05,0.0,0.0,0.0,0.0,True,0.9,0.9
cheapest_first,development:401:FD+FW:synergistic:0.25:0.05:0:cheapest_first,synergistic,pi_3,0.25,0.05,0.0,0.0,1.0,1.2,False,-0.3,0.9
highest_stage_posterior,development:401:FD+FW:synergistic:0.25:0.05:0:highest_stage_posterior,synergistic,pi_3,0.25,0.05,0.0,0.0,0.0,0.050000000000000044,True,0.85,0.9
greedy_gain,development:401:FD+FW:synergistic:0.25:0.05:0:greedy_gain,synergistic,pi_3,0.25,0.05,0.0,0.0,0.0,0.050000000000000044,True,0.85,0.9
end_to_end,development:401:FD+FW:synergistic:0.25:0.05:0:end_to_end,synergistic,pi_3,0.25,0.05,0.0,0.0,0.0,0.050000000000000044,True,0.85,0.9
oracle,development:401:FD+FW:synergistic:0.25:0.05:0:oracle,synergistic,pi_3,0.25,0.05,0.0,0.0,0.0,0.0,True,0.9,0.9
qrtc,development:401:FD+FW:synergistic:0.25:0.10:0:qrtc,synergistic,pi_3,0.25,0.1,0.0,0.0,0.0,0.050000000000000044,True,0.85,0.9
random,development:401:FD+FW:synergistic:0.25:0.10:0:random,synergistic,pi_3,0.25,0.1,0.0,0.0,1.0,1.35,False,-0.45,0.9
cheapest_first,development:401:FD+FW:synergistic:0.25:0.10:0:cheapest_first,synergistic,pi_3,0.25,0.1,0.0,0.0,1.0,1.2,False,-0.3,0.9
highest_stage_posterior,development:401:FD+FW:synergistic:0.25:0.10:0:highest_stage_posterior,synergistic,pi_3,0.25,0.1,0.0,0.0,0.0,0.050000000000000044,True,0.85,0.9
greedy_gain,development:401:FD+FW:synergistic:0.25:0.10:0:greedy_gain,synergistic,pi_3,0.25,0.1,0.0,0.0,0.0,0.050000000000000044,True,0.85,0.9
end_to_end,development:401:FD+FW:synergistic:0.25:0.10:0:end_to_end,synergistic,pi_3,0.25,0.1,0.0,0.0,0.0,0.050000000000000044,True,0.85,0.9
oracle,development:401:FD+FW:synergistic:0.25:0.10:0:oracle,synergistic,pi_3,0.25,0.1,0.0,0.0,0.0,0.0,True,0.9,0.9
qrtc,development:401:FD+FW:synergistic:0.25:0.20:0:qrtc,synergistic,pi_3,0.25,0.2,0.0,0.0,0.0,0.050000000000000044,True,0.85,0.9
random,development:401:FD+FW:synergistic:0.25:0.20:0:random,synergistic,pi_3,0.25,0.2,0.0,0.0,1.0,1.35,False,-0.45,0.9
cheapest_first,development:401:FD+FW:synergistic:0.25:0.20:0:cheapest_first,synergistic,pi_3,0.25,0.2,0.0,0.0,1.0,1.2,False,-0.3,0.9
highest_stage_posterior,development:401:FD+FW:synergistic:0.25:0.20:0:highest_stage_posterior,synergistic,pi_3,0.25,0.2,0.0,0.0,0.0,0.050000000000000044,True,0.85,0.9
greedy_gain,development:401:FD+FW:synergistic:0.25:0.20:0:greedy_gain,synergistic,pi_3,0.25,0.2,0.0,0.0,0.0,0.050000000000000044,True,0.85,0.9
end_to_end,development:401:FD+FW:synergistic:0.25:0.20:0:end_to_end,synergistic,pi_3,0.25,0.2,0.0,0.0,0.0,0.050000000000000044,True,0.85,0.9
oracle,development:401:FD+FW:synergistic:0.25:0.20:0:oracle,synergistic,pi_3,0.25,0.2,0.0,0.0,0.0,0.0,True,0.9,0.9
qrtc,development:401:FD+FW:synergistic:0.50:0.00:0:qrtc,synergistic,pi_3,0.5,0.0,0.0,0.0,0.0,0.050000000000000044,True,0.85,0.9
random,development:401:FD+FW:synergistic:0.50:0.00:0:random,synergistic,pi_3,0.5,0.0,0.0,0.0,1.0,1.4,False,-0.5,0.9
cheapest_first,development:401:FD+FW:synergistic:0.50:0.00:0:cheapest_first,synergistic,pi_3,0.5,0.0,0.0,0.0,1.0,1.2,False,-0.3,0.9
highest_stage_posterior,development:401:FD+FW:synergistic:0.50:0.00:0:highest_stage_posterior,synergistic,pi_3,0.5,0.0,0.0,0.0,0.0,0.050000000000000044,True,0.85,0.9
greedy_gain,development:401:FD+FW:synergistic:0.50:0.00:0:greedy_gain,synergistic,pi_3,0.5,0.0,0.0,0.0,0.0,0.050000000000000044,True,0.85,0.9
end_to_end,development:401:FD+FW:synergistic:0.50:0.00:0:end_to_end,synergistic,pi_3,0.5,0.0,0.0,0.0,0.0,0.050000000000000044,True,0.85,0.9
oracle,development:401:FD+FW:synergistic:0.50:0.00:0:oracle,synergistic,pi_3,0.5,0.0,0.0,0.0,0.0,0.0,True,0.9,0.9
qrtc,development:401:FD+FW:synergistic:0.50:0.05:0:qrtc,synergistic,pi_3,0.5,0.05,0.0,0.0,0.0,0.050000000000000044,True,0.85,0.9
random,development:401:FD+FW:synergistic:0.50:0.05:0:random,synergistic,pi_3,0.5,0.05,0.0,0.0,1.0,1.2,False,-0.3,0.9
cheapest_first,development:401:FD+FW:synergistic:0.50:0.05:0:cheapest_first,synergistic,pi_3,0.5,0.05,0.0,0.0,1.0,1.2,False,-0.3,0.9
highest_stage_posterior,development:401:FD+FW:synergistic:0.50:0.05:0:highest_stage_posterior,synergistic,pi_3,0.5,0.05,0.0,0.0,0.0,0.050000000000000044,True,0.85,0.9
greedy_gain,development:401:FD+FW:synergistic:0.50:0.05:0:greedy_gain,synergistic,pi_3,0.5,0.05,0.0,0.0,0.0,0.050000000000000044,True,0.85,0.9
end_to_end,development:401:FD+FW:synergistic:0.50:0.05:0:end_to_end,synergistic,pi_3,0.5,0.05,0.0,0.0,0.0,0.050000000000000044,True,0.85,0.9
oracle,development:401:FD+FW:synergistic:0.50:0.05:0:oracle,synergistic,pi_3,0.5,0.05,0.0,0.0,0.0,0.0,True,0.9,0.9
qrtc,development:401:FD+FW:synergistic:0.50:0.10:0:qrtc,synergistic,pi_3,0.5,0.1,0.0,0.0,0.0,0.050000000000000044,True,0.85,0.9
random,development:401:FD+FW:synergistic:0.50:0.10:0:random,synergistic,pi_3,0.5,0.1,0.0,0.0,0.0,0.050000000000000044,True,0.85,0.9
cheapest_first,development:401:FD+FW:synergistic:0.50:0.10:0:cheapest_first,synergistic,pi_3,0.5,0.1,0.0,0.0,1.0,1.2,False,-0.3,0.9
highest_stage_posterior,development:401:FD+FW:synergistic:0.50:0.10:0:highest_stage_posterior,synergistic,pi_3,0.5,0.1,0.0,0.0,0.0,0.050000000000000044,True,0.85,0.9
greedy_gain,development:401:FD+FW:synergistic:0.50:0.10:0:greedy_gain,synergistic,pi_3,0.5,0.1,0.0,0.0,0.0,0.050000000000000044,True,0.85,0.9
end_to_end,development:401:FD+FW:synergistic:0.50:0.10:0:end_to_end,synergistic,pi_3,0.5,0.1,0.0,0.0,0.0,0.050000000000000044,True,0.85,0.9
oracle,development:401:FD+FW:synergistic:0.50:0.10:0:oracle,synergistic,pi_3,0.5,0.1,0.0,0.0,0.0,0.0,True,0.9,0.9
qrtc,development:401:FD+FW:synergistic:0.50:0.20:0:qrtc,synergistic,pi_3,0.5,0.2,0.0,0.0,0.0,0.050000000000000044,True,0.85,0.9
random,development:401:FD+FW:synergistic:0.50:0.20:0:random,synergistic,pi_3,0.5,0.2,0.0,0.0,1.0,1.4,False,-0.5,0.9
cheapest_first,development:401:FD+FW:synergistic:0.50:0.20:0:cheapest_first,synergistic,pi_3,0.5,0.2,0.0,0.0,1.0,1.2,False,-0.3,0.9
highest_stage_posterior,development:401:FD+FW:synergistic:0.50:0.20:0:highest_stage_posterior,synergistic,pi_3,0.5,0.2,0.0,0.0,0.0,0.050000000000000044,True,0.85,0.9
greedy_gain,development:401:FD+FW:synergistic:0.50:0.20:0:greedy_gain,synergistic,pi_3,0.5,0.2,0.0,0.0,0.0,0.050000000000000044,True,0.85,0.9
end_to_end,development:401:FD+FW:synergistic:0.50:0.20:0:end_to_end,synergistic,pi_3,0.5,0.2,0.0,0.0,0.0,0.050000000000000044,True,0.85,0.9
oracle,development:401:FD+FW:synergistic:0.50:0.20:0:oracle,synergistic,pi_3,0.5,0.2,0.0,0.0,0.0,0.0,True,0.9,0.9
qrtc,development:401:FD+FW:synergistic:0.75:0.00:0:qrtc,synergistic,pi_3,0.75,0.0,0.0,0.0,0.0,0.050000000000000044,True,0.85,0.9
random,development:401:FD+FW:synergistic:0.75:0.00:0:random,synergistic,pi_3,0.75,0.0,0.0,0.0,0.0,0.0,True,0.9,0.9
cheapest_first,development:401:FD+FW:synergistic:0.75:0.00:0:cheapest_first,synergistic,pi_3,0.75,0.0,0.0,0.0,1.0,1.2,False,-0.3,0.9
highest_stage_posterior,development:401:FD+FW:synergistic:0.75:0.00:0:highest_stage_posterior,synergistic,pi_3,0.75,0.0,0.0,0.0,0.0,0.050000000000000044,True,0.85,0.9
greedy_gain,development:401:FD+FW:synergistic:0.75:0.00:0:greedy_gain,synergistic,pi_3,0.75,0.0,0.0,0.0,0.0,0.050000000000000044,True,0.85,0.9
end_to_end,development:401:FD+FW:synergistic:0.75:0.00:0:end_to_end,synergistic,pi_3,0.75,0.0,0.0,0.0,0.0,0.050000000000000044,True,0.85,0.9
oracle,development:401:FD+FW:synergistic:0.75:0.00:0:oracle,synergistic,pi_3,0.75,0.0,0.0,0.0,0.0,0.0,True,0.9,0.9
qrtc,development:401:FD+FW:synergistic:0.75:0.05:0:qrtc,synergistic,pi_3,0.75,0.05,0.0,0.0,0.0,0.050000000000000044,True,0.85,0.9
random,development:401:FD+FW:synergistic:0.75:0.05:0:random,synergistic,pi_3,0.75,0.05,0.0,0.0,1.0,1.35,False,-0.45,0.9
cheapest_first,development:401:FD+FW:synergistic:0.75:0.05:0:cheapest_first,synergistic,pi_3,0.75,0.05,0.0,0.0,1.0,1.2,False,-0.3,0.9
highest_stage_posterior,development:401:FD+FW:synergistic:0.75:0.05:0:highest_stage_posterior,synergistic,pi_3,0.75,0.05,0.0,0.0,0.0,0.050000000000000044,True,0.85,0.9
greedy_gain,development:401:FD+FW:synergistic:0.75:0.05:0:greedy_gain,synergistic,pi_3,0.75,0.05,0.0,0.0,0.0,0.050000000000000044,True,0.85,0.9
end_to_end,development:401:FD+FW:synergistic:0.75:0.05:0:end_to_end,synergistic,pi_3,0.75,0.05,0.0,0.0,0.0,0.050000000000000044,True,0.85,0.9
oracle,development:401:FD+FW:synergistic:0.75:0.05:0:oracle,synergistic,pi_3,0.75,0.05,0.0,0.0,0.0,0.0,True,0.9,0.9
qrtc,development:401:FD+FW:synergistic:0.75:0.10:0:qrtc,synergistic,pi_3,0.75,0.1,0.0,0.0,0.0,0.050000000000000044,True,0.85,0.9
random,development:401:FD+FW:synergistic:0.75:0.10:0:random,synergistic,pi_3,0.75,0.1,0.0,0.0,1.0,1.2,False,-0.3,0.9
cheapest_first,development:401:FD+FW:synergistic:0.75:0.10:0:cheapest_first,synergistic,pi_3,0.75,0.1,0.0,0.0,1.0,1.2,False,-0.3,0.9
highest_stage_posterior,development:401:FD+FW:synergistic:0.75:0.10:0:highest_stage_posterior,synergistic,pi_3,0.75,0.1,0.0,0.0,0.0,0.050000000000000044,True,0.85,0.9
greedy_gain,development:401:FD+FW:synergistic:0.75:0.10:0:greedy_gain,synergistic,pi_3,0.75,0.1,0.0,0.0,0.0,0.050000000000000044,True,0.85,0.9
end_to_end,development:401:FD+FW:synergistic:0.75:0.10:0:end_to_end,synergistic,pi_3,0.75,0.1,0.0,0.0,0.0,0.050000000000000044,True,0.85,0.9
oracle,development:401:FD+FW:synergistic:0.75:0.10:0:oracle,synergistic,pi_3,0.75,0.1,0.0,0.0,0.0,0.0,True,0.9,0.9
qrtc,development:401:FD+FW:synergistic:0.75:0.20:0:qrtc,synergistic,pi_3,0.75,0.2,0.0,0.0,0.0,0.050000000000000044,True,0.85,0.9
random,development:401:FD+FW:synergistic:0.75:0.20:0:random,synergistic,pi_3,0.75,0.2,0.0,0.0,1.0,1.4,False,-0.5,0.9
cheapest_first,development:401:FD+FW:synergistic:0.75:0.20:0:cheapest_first,synergistic,pi_3,0.75,0.2,0.0,0.0,1.0,1.2,False,-0.3,0.9
highest_stage_posterior,development:401:FD+FW:synergistic:0.75:0.20:0:highest_stage_posterior,synergistic,pi_3,0.75,0.2,0.0,0.0,0.0,0.050000000000000044,True,0.85,0.9
greedy_gain,development:401:FD+FW:synergistic:0.75:0.20:0:greedy_gain,synergistic,pi_3,0.75,0.2,0.0,0.0,0.0,0.050000000000000044,True,0.85,0.9
end_to_end,development:401:FD+FW:synergistic:0.75:0.20:0:end_to_end,synergistic,pi_3,0.75,0.2,0.0,0.0,0.0,0.050000000000000044,True,0.85,0.9
oracle,development:401:FD+FW:synergistic:0.75:0.20:0:oracle,synergistic,pi_3,0.75,0.2,0.0,0.0,0.0,0.0,True,0.9,0.9
qrtc,development:401:FD+FW:synergistic:1.00:0.00:0:qrtc,synergistic,pi_3,1.0,0.0,0.0,0.0,0.0,0.050000000000000044,True,0.85,0.9
random,development:401:FD+FW:synergistic:1.00:0.00:0:random,synergistic,pi_3,1.0,0.0,0.0,0.0,1.0,1.2,False,-0.3,0.9
cheapest_first,development:401:FD+FW:synergistic:1.00:0.00:0:cheapest_first,synergistic,pi_3,1.0,0.0,0.0,0.0,1.0,1.2,False,-0.3,0.9
highest_stage_posterior,development:401:FD+FW:synergistic:1.00:0.00:0:highest_stage_posterior,synergistic,pi_3,1.0,0.0,0.0,0.0,0.0,0.050000000000000044,True,0.85,0.9
greedy_gain,development:401:FD+FW:synergistic:1.00:0.00:0:greedy_gain,synergistic,pi_3,1.0,0.0,0.0,0.0,0.0,0.050000000000000044,True,0.85,0.9
end_to_end,development:401:FD+FW:synergistic:1.00:0.00:0:end_to_end,synergistic,pi_3,1.0,0.0,0.0,0.0,0.0,0.050000000000000044,True,0.85,0.9
oracle,development:401:FD+FW:synergistic:1.00:0.00:0:oracle,synergistic,pi_3,1.0,0.0,0.0,0.0,0.0,0.0,True,0.9,0.9
qrtc,development:401:FD+FW:synergistic:1.00:0.05:0:qrtc,synergistic,pi_3,1.0,0.05,0.0,0.0,0.0,0.050000000000000044,True,0.85,0.9
random,development:401:FD+FW:synergistic:1.00:0.05:0:random,synergistic,pi_3,1.0,0.05,0.0,0.0,0.0,0.050000000000000044,True,0.85,0.9
cheapest_first,development:401:FD+FW:synergistic:1.00:0.05:0:cheapest_first,synergistic,pi_3,1.0,0.05,0.0,0.0,1.0,1.2,False,-0.3,0.9
highest_stage_posterior,development:401:FD+FW:synergistic:1.00:0.05:0:highest_stage_posterior,synergistic,pi_3,1.0,0.05,0.0,0.0,0.0,0.050000000000000044,True,0.85,0.9
greedy_gain,development:401:FD+FW:synergistic:1.00:0.05:0:greedy_gain,synergistic,pi_3,1.0,0.05,0.0,0.0,0.0,0.050000000000000044,True,0.85,0.9
end_to_end,development:401:FD+FW:synergistic:1.00:0.05:0:end_to_end,synergistic,pi_3,1.0,0.05,0.0,0.0,0.0,0.050000000000000044,True,0.85,0.9
oracle,development:401:FD+FW:synergistic:1.00:0.05:0:oracle,synergistic,pi_3,1.0,0.05,0.0,0.0,0.0,0.0,True,0.9,0.9
qrtc,development:401:FD+FW:synergistic:1.00:0.10:0:qrtc,synergistic,pi_3,1.0,0.1,0.0,0.0,0.0,0.050000000000000044,True,0.85,0.9
random,development:401:FD+FW:synergistic:1.00:0.10:0:random,synergistic,pi_3,1.0,0.1,0.0,0.0,1.0,1.35,False,-0.45,0.9
cheapest_first,development:401:FD+FW:synergistic:1.00:0.10:0:cheapest_first,synergistic,pi_3,1.0,0.1,0.0,0.0,1.0,1.2,False,-0.3,0.9
highest_stage_posterior,development:401:FD+FW:synergistic:1.00:0.10:0:highest_stage_posterior,synergistic,pi_3,1.0,0.1,0.0,0.0,0.0,0.050000000000000044,True,0.85,0.9
greedy_gain,development:401:FD+FW:synergistic:1.00:0.10:0:greedy_gain,synergistic,pi_3,1.0,0.1,0.0,0.0,0.0,0.050000000000000044,True,0.85,0.9
end_to_end,development:401:FD+FW:synergistic:1.00:0.10:0:end_to_end,synergistic,pi_3,1.0,0.1,0.0,0.0,0.0,0.050000000000000044,True,0.85,0.9
oracle,development:401:FD+FW:synergistic:1.00:0.10:0:oracle,synergistic,pi_3,1.0,0.1,0.0,0.0,0.0,0.0,True,0.9,0.9
qrtc,development:401:FD+FW:synergistic:1.00:0.20:0:qrtc,synergistic,pi_3,1.0,0.2,0.0,0.0,0.0,0.050000000000000044,True,0.85,0.9
random,development:401:FD+FW:synergistic:1.00:0.20:0:random,synergistic,pi_3,1.0,0.2,0.0,0.0,1.0,1.2,False,-0.3,0.9
cheapest_first,development:401:FD+FW:synergistic:1.00:0.20:0:cheapest_first,synergistic,pi_3,1.0,0.2,0.0,0.0,1.0,1.2,False,-0.3,0.9
highest_stage_posterior,development:401:FD+FW:synergistic:1.00:0.20:0:highest_stage_posterior,synergistic,pi_3,1.0,0.2,0.0,0.0,0.0,0.050000000000000044,True,0.85,0.9
greedy_gain,development:401:FD+FW:synergistic:1.00:0.20:0:greedy_gain,synergistic,pi_3,1.0,0.2,0.0,0.0,0.0,0.050000000000000044,True,0.85,0.9
end_to_end,development:401:FD+FW:synergistic:1.00:0.20:0:end_to_end,synergistic,pi_3,1.0,0.2,0.0,0.0,0.0,0.050000000000000044,True,0.85,0.9
oracle,development:401:FD+FW:synergistic:1.00:0.20:0:oracle,synergistic,pi_3,1.0,0.2,0.0,0.0,0.0,0.0,True,0.9,0.9
qrtc,development:401:FB+FR:strict_masking:0.25:0.00:0:qrtc,strict_masking,pi_2,0.25,0.0,0.0,0.0,0.0,0.0,True,0.6,0.6
random,development:401:FB+FR:strict_masking:0.25:0.00:0:random,strict_masking,pi_2,0.25,0.0,0.0,0.0,1.0,1.05,False,-0.45,0.6
cheapest_first,development:401:FB+FR:strict_masking:0.25:0.00:0:cheapest_first,strict_masking,pi_2,0.25,0.0,0.0,0.0,1.0,0.8999999999999999,False,-0.3,0.6
highest_stage_posterior,development:401:FB+FR:strict_masking:0.25:0.00:0:highest_stage_posterior,strict_masking,pi_2,0.25,0.0,0.0,0.0,1.0,1.05,False,-0.45,0.6
greedy_gain,development:401:FB+FR:strict_masking:0.25:0.00:0:greedy_gain,strict_masking,pi_2,0.25,0.0,0.0,0.0,0.0,0.0,True,0.6,0.6
end_to_end,development:401:FB+FR:strict_masking:0.25:0.00:0:end_to_end,strict_masking,pi_2,0.25,0.0,0.0,0.0,1.0,1.05,False,-0.45,0.6
oracle,development:401:FB+FR:strict_masking:0.25:0.00:0:oracle,strict_masking,pi_2,0.25,0.0,0.0,0.0,0.0,0.0,True,0.6,0.6
qrtc,development:401:FB+FR:strict_masking:0.25:0.05:0:qrtc,strict_masking,pi_2,0.25,0.05,0.0,0.0,0.0,0.0,True,0.6,0.6
random,development:401:FB+FR:strict_masking:0.25:0.05:0:random,strict_masking,pi_2,0.25,0.05,0.0,0.0,1.0,0.95,False,-0.35,0.6
cheapest_first,development:401:FB+FR:strict_masking:0.25:0.05:0:cheapest_first,strict_masking,pi_2,0.25,0.05,0.0,0.0,1.0,0.8999999999999999,False,-0.3,0.6
highest_stage_posterior,development:401:FB+FR:strict_masking:0.25:0.05:0:highest_stage_posterior,strict_masking,pi_2,0.25,0.05,0.0,0.0,1.0,1.05,False,-0.45,0.6
greedy_gain,development:401:FB+FR:strict_masking:0.25:0.05:0:greedy_gain,strict_masking,pi_2,0.25,0.05,0.0,0.0,0.0,0.0,True,0.6,0.6
end_to_end,development:401:FB+FR:strict_masking:0.25:0.05:0:end_to_end,strict_masking,pi_2,0.25,0.05,0.0,0.0,1.0,1.05,False,-0.45,0.6
oracle,development:401:FB+FR:strict_masking:0.25:0.05:0:oracle,strict_masking,pi_2,0.25,0.05,0.0,0.0,0.0,0.0,True,0.6,0.6
qrtc,development:401:FB+FR:strict_masking:0.25:0.10:0:qrtc,strict_masking,pi_2,0.25,0.1,0.0,0.0,0.0,0.0,True,0.6,0.6
random,development:401:FB+FR:strict_masking:0.25:0.10:0:random,strict_masking,pi_2,0.25,0.1,0.0,0.0,1.0,1.05,False,-0.45,0.6
cheapest_first,development:401:FB+FR:strict_masking:0.25:0.10:0:cheapest_first,strict_masking,pi_2,0.25,0.1,0.0,0.0,1.0,0.8999999999999999,False,-0.3,0.6
highest_stage_posterior,development:401:FB+FR:strict_masking:0.25:0.10:0:highest_stage_posterior,strict_masking,pi_2,0.25,0.1,0.0,0.0,1.0,1.05,False,-0.45,0.6
greedy_gain,development:401:FB+FR:strict_masking:0.25:0.10:0:greedy_gain,strict_masking,pi_2,0.25,0.1,0.0,0.0,0.0,0.0,True,0.6,0.6
end_to_end,development:401:FB+FR:strict_masking:0.25:0.10:0:end_to_end,strict_masking,pi_2,0.25,0.1,0.0,0.0,1.0,1.05,False,-0.45,0.6
oracle,development:401:FB+FR:strict_masking:0.25:0.10:0:oracle,strict_masking,pi_2,0.25,0.1,0.0,0.0,0.0,0.0,True,0.6,0.6
qrtc,development:401:FB+FR:strict_masking:0.25:0.20:0:qrtc,strict_masking,pi_2,0.25,0.2,0.0,0.0,0.0,0.0,True,0.6,0.6
random,development:401:FB+FR:strict_masking:0.25:0.20:0:random,strict_masking,pi_2,0.25,0.2,0.0,0.0,1.0,1.05,False,-0.45,0.6
cheapest_first,development:401:FB+FR:strict_masking:0.25:0.20:0:cheapest_first,strict_masking,pi_2,0.25,0.2,0.0,0.0,1.0,0.8999999999999999,False,-0.3,0.6
highest_stage_posterior,development:401:FB+FR:strict_masking:0.25:0.20:0:highest_stage_posterior,strict_masking,pi_2,0.25,0.2,0.0,0.0,1.0,1.05,False,-0.45,0.6
greedy_gain,development:401:FB+FR:strict_masking:0.25:0.20:0:greedy_gain,strict_masking,pi_2,0.25,0.2,0.0,0.0,0.0,0.0,True,0.6,0.6
end_to_end,development:401:FB+FR:strict_masking:0.25:0.20:0:end_to_end,strict_masking,pi_2,0.25,0.2,0.0,0.0,1.0,1.05,False,-0.45,0.6
oracle,development:401:FB+FR:strict_masking:0.25:0.20:0:oracle,strict_masking,pi_2,0.25,0.2,0.0,0.0,0.0,0.0,True,0.6,0.6
qrtc,development:401:FB+FR:strict_masking:0.50:0.00:0:qrtc,strict_masking,pi_2,0.5,0.0,0.0,0.0,0.0,0.0,True,0.6,0.6
random,development:401:FB+FR:strict_masking:0.50:0.00:0:random,strict_masking,pi_2,0.5,0.0,0.0,0.0,1.0,1.1,False,-0.5,0.6
cheapest_first,development:401:FB+FR:strict_masking:0.50:0.00:0:cheapest_first,strict_masking,pi_2,0.5,0.0,0.0,0.0,1.0,0.8999999999999999,False,-0.3,0.6
highest_stage_posterior,development:401:FB+FR:strict_masking:0.50:0.00:0:highest_stage_posterior,strict_masking,pi_2,0.5,0.0,0.0,0.0,1.0,1.05,False,-0.45,0.6
greedy_gain,development:401:FB+FR:strict_masking:0.50:0.00:0:greedy_gain,strict_masking,pi_2,0.5,0.0,0.0,0.0,0.0,0.0,True,0.6,0.6
end_to_end,development:401:FB+FR:strict_masking:0.50:0.00:0:end_to_end,strict_masking,pi_2,0.5,0.0,0.0,0.0,1.0,1.05,False,-0.45,0.6
oracle,development:401:FB+FR:strict_masking:0.50:0.00:0:oracle,strict_masking,pi_2,0.5,0.0,0.0,0.0,0.0,0.0,True,0.6,0.6
qrtc,development:401:FB+FR:strict_masking:0.50:0.05:0:qrtc,strict_masking,pi_2,0.5,0.05,0.0,0.0,0.0,0.0,True,0.6,0.6
random,development:401:FB+FR:strict_masking:0.50:0.05:0:random,strict_masking,pi_2,0.5,0.05,0.0,0.0,1.0,0.8999999999999999,False,-0.3,0.6
cheapest_first,development:401:FB+FR:strict_masking:0.50:0.05:0:cheapest_first,strict_masking,pi_2,0.5,0.05,0.0,0.0,1.0,0.8999999999999999,False,-0.3,0.6
highest_stage_posterior,development:401:FB+FR:strict_masking:0.50:0.05:0:highest_stage_posterior,strict_masking,pi_2,0.5,0.05,0.0,0.0,1.0,1.05,False,-0.45,0.6
greedy_gain,development:401:FB+FR:strict_masking:0.50:0.05:0:greedy_gain,strict_masking,pi_2,0.5,0.05,0.0,0.0,0.0,0.0,True,0.6,0.6
end_to_end,development:401:FB+FR:strict_masking:0.50:0.05:0:end_to_end,strict_masking,pi_2,0.5,0.05,0.0,0.0,1.0,1.05,False,-0.45,0.6
oracle,development:401:FB+FR:strict_masking:0.50:0.05:0:oracle,strict_masking,pi_2,0.5,0.05,0.0,0.0,0.0,0.0,True,0.6,0.6
qrtc,development:401:FB+FR:strict_masking:0.50:0.10:0:qrtc,strict_masking,pi_2,0.5,0.1,0.0,0.0,0.0,0.0,True,0.6,0.6
random,development:401:FB+FR:strict_masking:0.50:0.10:0:random,strict_masking,pi_2,0.5,0.1,0.0,0.0,1.0,1.0,False,-0.4,0.6
cheapest_first,development:401:FB+FR:strict_masking:0.50:0.10:0:cheapest_first,strict_masking,pi_2,0.5,0.1,0.0,0.0,1.0,0.8999999999999999,False,-0.3,0.6
highest_stage_posterior,development:401:FB+FR:strict_masking:0.50:0.10:0:highest_stage_posterior,strict_masking,pi_2,0.5,0.1,0.0,0.0,1.0,1.05,False,-0.45,0.6
greedy_gain,development:401:FB+FR:strict_masking:0.50:0.10:0:greedy_gain,strict_masking,pi_2,0.5,0.1,0.0,0.0,0.0,0.0,True,0.6,0.6
end_to_end,development:401:FB+FR:strict_masking:0.50:0.10:0:end_to_end,strict_masking,pi_2,0.5,0.1,0.0,0.0,1.0,1.05,False,-0.45,0.6
oracle,development:401:FB+FR:strict_masking:0.50:0.10:0:oracle,strict_masking,pi_2,0.5,0.1,0.0,0.0,0.0,0.0,True,0.6,0.6
qrtc,development:401:FB+FR:strict_masking:0.50:0.20:0:qrtc,strict_masking,pi_2,0.5,0.2,0.0,0.0,0.0,0.0,True,0.6,0.6
random,development:401:FB+FR:strict_masking:0.50:0.20:0:random,strict_masking,pi_2,0.5,0.2,0.0,0.0,1.0,1.1,False,-0.5,0.6
cheapest_first,development:401:FB+FR:strict_masking:0.50:0.20:0:cheapest_first,strict_masking,pi_2,0.5,0.2,0.0,0.0,1.0,0.8999999999999999,False,-0.3,0.6
highest_stage_posterior,development:401:FB+FR:strict_masking:0.50:0.20:0:highest_stage_posterior,strict_masking,pi_2,0.5,0.2,0.0,0.0,1.0,1.05,False,-0.45,0.6
greedy_gain,development:401:FB+FR:strict_masking:0.50:0.20:0:greedy_gain,strict_masking,pi_2,0.5,0.2,0.0,0.0,0.0,0.0,True,0.6,0.6
end_to_end,development:401:FB+FR:strict_masking:0.50:0.20:0:end_to_end,strict_masking,pi_2,0.5,0.2,0.0,0.0,1.0,1.05,False,-0.45,0.6
oracle,development:401:FB+FR:strict_masking:0.50:0.20:0:oracle,strict_masking,pi_2,0.5,0.2,0.0,0.0,0.0,0.0,True,0.6,0.6
qrtc,development:401:FB+FR:strict_masking:0.75:0.00:0:qrtc,strict_masking,pi_2,0.75,0.0,0.0,0.0,0.0,0.0,True,0.6,0.6
random,development:401:FB+FR:strict_masking:0.75:0.00:0:random,strict_masking,pi_2,0.75,0.0,0.0,0.0,1.0,0.95,False,-0.35,0.6
cheapest_first,development:401:FB+FR:strict_masking:0.75:0.00:0:cheapest_first,strict_masking,pi_2,0.75,0.0,0.0,0.0,1.0,0.8999999999999999,False,-0.3,0.6
highest_stage_posterior,development:401:FB+FR:strict_masking:0.75:0.00:0:highest_stage_posterior,strict_masking,pi_2,0.75,0.0,0.0,0.0,1.0,1.05,False,-0.45,0.6
greedy_gain,development:401:FB+FR:strict_masking:0.75:0.00:0:greedy_gain,strict_masking,pi_2,0.75,0.0,0.0,0.0,0.0,0.0,True,0.6,0.6
end_to_end,development:401:FB+FR:strict_masking:0.75:0.00:0:end_to_end,strict_masking,pi_2,0.75,0.0,0.0,0.0,1.0,1.05,False,-0.45,0.6
oracle,development:401:FB+FR:strict_masking:0.75:0.00:0:oracle,strict_masking,pi_2,0.75,0.0,0.0,0.0,0.0,0.0,True,0.6,0.6
qrtc,development:401:FB+FR:strict_masking:0.75:0.05:0:qrtc,strict_masking,pi_2,0.75,0.05,0.0,0.0,0.0,0.0,True,0.6,0.6
random,development:401:FB+FR:strict_masking:0.75:0.05:0:random,strict_masking,pi_2,0.75,0.05,0.0,0.0,1.0,1.05,False,-0.45,0.6
cheapest_first,development:401:FB+FR:strict_masking:0.75:0.05:0:cheapest_first,strict_masking,pi_2,0.75,0.05,0.0,0.0,1.0,0.8999999999999999,False,-0.3,0.6
highest_stage_posterior,development:401:FB+FR:strict_masking:0.75:0.05:0:highest_stage_posterior,strict_masking,pi_2,0.75,0.05,0.0,0.0,1.0,1.05,False,-0.45,0.6
greedy_gain,development:401:FB+FR:strict_masking:0.75:0.05:0:greedy_gain,strict_masking,pi_2,0.75,0.05,0.0,0.0,0.0,0.0,True,0.6,0.6
end_to_end,development:401:FB+FR:strict_masking:0.75:0.05:0:end_to_end,strict_masking,pi_2,0.75,0.05,0.0,0.0,1.0,1.05,False,-0.45,0.6
oracle,development:401:FB+FR:strict_masking:0.75:0.05:0:oracle,strict_masking,pi_2,0.75,0.05,0.0,0.0,0.0,0.0,True,0.6,0.6
qrtc,development:401:FB+FR:strict_masking:0.75:0.10:0:qrtc,strict_masking,pi_2,0.75,0.1,0.0,0.0,0.0,0.0,True,0.6,0.6
random,development:401:FB+FR:strict_masking:0.75:0.10:0:random,strict_masking,pi_2,0.75,0.1,0.0,0.0,1.0,0.8999999999999999,False,-0.3,0.6
cheapest_first,development:401:FB+FR:strict_masking:0.75:0.10:0:cheapest_first,strict_masking,pi_2,0.75,0.1,0.0,0.0,1.0,0.8999999999999999,False,-0.3,0.6
highest_stage_posterior,development:401:FB+FR:strict_masking:0.75:0.10:0:highest_stage_posterior,strict_masking,pi_2,0.75,0.1,0.0,0.0,1.0,1.05,False,-0.45,0.6
greedy_gain,development:401:FB+FR:strict_masking:0.75:0.10:0:greedy_gain,strict_masking,pi_2,0.75,0.1,0.0,0.0,0.0,0.0,True,0.6,0.6
end_to_end,development:401:FB+FR:strict_masking:0.75:0.10:0:end_to_end,strict_masking,pi_2,0.75,0.1,0.0,0.0,1.0,1.05,False,-0.45,0.6
oracle,development:401:FB+FR:strict_masking:0.75:0.10:0:oracle,strict_masking,pi_2,0.75,0.1,0.0,0.0,0.0,0.0,True,0.6,0.6
qrtc,development:401:FB+FR:strict_masking:0.75:0.20:0:qrtc,strict_masking,pi_2,0.75,0.2,0.0,0.0,0.0,0.0,True,0.6,0.6
random,development:401:FB+FR:strict_masking:0.75:0.20:0:random,strict_masking,pi_2,0.75,0.2,0.0,0.0,1.0,1.1,False,-0.5,0.6
cheapest_first,development:401:FB+FR:strict_masking:0.75:0.20:0:cheapest_first,strict_masking,pi_2,0.75,0.2,0.0,0.0,1.0,0.8999999999999999,False,-0.3,0.6
highest_stage_posterior,development:401:FB+FR:strict_masking:0.75:0.20:0:highest_stage_posterior,strict_masking,pi_2,0.75,0.2,0.0,0.0,1.0,1.05,False,-0.45,0.6
greedy_gain,development:401:FB+FR:strict_masking:0.75:0.20:0:greedy_gain,strict_masking,pi_2,0.75,0.2,0.0,0.0,0.0,0.0,True,0.6,0.6
end_to_end,development:401:FB+FR:strict_masking:0.75:0.20:0:end_to_end,strict_masking,pi_2,0.75,0.2,0.0,0.0,1.0,1.05,False,-0.45,0.6
oracle,development:401:FB+FR:strict_masking:0.75:0.20:0:oracle,strict_masking,pi_2,0.75,0.2,0.0,0.0,0.0,0.0,True,0.6,0.6
qrtc,development:401:FB+FR:strict_masking:1.00:0.00:0:qrtc,strict_masking,pi_2,1.0,0.0,0.0,0.0,0.0,0.0,True,0.6,0.6
random,development:401:FB+FR:strict_masking:1.00:0.00:0:random,strict_masking,pi_2,1.0,0.0,0.0,0.0,1.0,0.8999999999999999,False,-0.3,0.6
cheapest_first,development:401:FB+FR:strict_masking:1.00:0.00:0:cheapest_first,strict_masking,pi_2,1.0,0.0,0.0,0.0,1.0,0.8999999999999999,False,-0.3,0.6
highest_stage_posterior,development:401:FB+FR:strict_masking:1.00:0.00:0:highest_stage_posterior,strict_masking,pi_2,1.0,0.0,0.0,0.0,1.0,1.05,False,-0.45,0.6
greedy_gain,development:401:FB+FR:strict_masking:1.00:0.00:0:greedy_gain,strict_masking,pi_2,1.0,0.0,0.0,0.0,0.0,0.0,True,0.6,0.6
end_to_end,development:401:FB+FR:strict_masking:1.00:0.00:0:end_to_end,strict_masking,pi_2,1.0,0.0,0.0,0.0,1.0,1.05,False,-0.45,0.6
oracle,development:401:FB+FR:strict_masking:1.00:0.00:0:oracle,strict_masking,pi_2,1.0,0.0,0.0,0.0,0.0,0.0,True,0.6,0.6
qrtc,development:401:FB+FR:strict_masking:1.00:0.05:0:qrtc,strict_masking,pi_2,1.0,0.05,0.0,0.0,0.0,0.0,True,0.6,0.6
random,development:401:FB+FR:strict_masking:1.00:0.05:0:random,strict_masking,pi_2,1.0,0.05,0.0,0.0,1.0,1.0,False,-0.4,0.6
cheapest_first,development:401:FB+FR:strict_masking:1.00:0.05:0:cheapest_first,strict_masking,pi_2,1.0,0.05,0.0,0.0,1.0,0.8999999999999999,False,-0.3,0.6
highest_stage_posterior,development:401:FB+FR:strict_masking:1.00:0.05:0:highest_stage_posterior,strict_masking,pi_2,1.0,0.05,0.0,0.0,1.0,1.05,False,-0.45,0.6
greedy_gain,development:401:FB+FR:strict_masking:1.00:0.05:0:greedy_gain,strict_masking,pi_2,1.0,0.05,0.0,0.0,0.0,0.0,True,0.6,0.6
end_to_end,development:401:FB+FR:strict_masking:1.00:0.05:0:end_to_end,strict_masking,pi_2,1.0,0.05,0.0,0.0,1.0,1.05,False,-0.45,0.6
oracle,development:401:FB+FR:strict_masking:1.00:0.05:0:oracle,strict_masking,pi_2,1.0,0.05,0.0,0.0,0.0,0.0,True,0.6,0.6
qrtc,development:401:FB+FR:strict_masking:1.00:0.10:0:qrtc,strict_masking,pi_2,1.0,0.1,0.0,0.0,0.0,0.0,True,0.6,0.6
random,development:401:FB+FR:strict_masking:1.00:0.10:0:random,strict_masking,pi_2,1.0,0.1,0.0,0.0,1.0,1.05,False,-0.45,0.6
cheapest_first,development:401:FB+FR:strict_masking:1.00:0.10:0:cheapest_first,strict_masking,pi_2,1.0,0.1,0.0,0.0,1.0,0.8999999999999999,False,-0.3,0.6
highest_stage_posterior,development:401:FB+FR:strict_masking:1.00:0.10:0:highest_stage_posterior,strict_masking,pi_2,1.0,0.1,0.0,0.0,1.0,1.05,False,-0.45,0.6
greedy_gain,development:401:FB+FR:strict_masking:1.00:0.10:0:greedy_gain,strict_masking,pi_2,1.0,0.1,0.0,0.0,0.0,0.0,True,0.6,0.6
end_to_end,development:401:FB+FR:strict_masking:1.00:0.10:0:end_to_end,strict_masking,pi_2,1.0,0.1,0.0,0.0,1.0,1.05,False,-0.45,0.6
oracle,development:401:FB+FR:strict_masking:1.00:0.10:0:oracle,strict_masking,pi_2,1.0,0.1,0.0,0.0,0.0,0.0,True,0.6,0.6
qrtc,development:401:FB+FR:strict_masking:1.00:0.20:0:qrtc,strict_masking,pi_2,1.0,0.2,0.0,0.0,0.0,0.0,True,0.6,0.6
random,development:401:FB+FR:strict_masking:1.00:0.20:0:random,strict_masking,pi_2,1.0,0.2,0.0,0.0,1.0,0.8999999999999999,False,-0.3,0.6
cheapest_first,development:401:FB+FR:strict_masking:1.00:0.20:0:cheapest_first,strict_masking,pi_2,1.0,0.2,0.0,0.0,1.0,0.8999999999999999,False,-0.3,0.6
highest_stage_posterior,development:401:FB+FR:strict_masking:1.00:0.20:0:highest_stage_posterior,strict_masking,pi_2,1.0,0.2,0.0,0.0,1.0,1.05,False,-0.45,0.6
greedy_gain,development:401:FB+FR:strict_masking:1.00:0.20:0:greedy_gain,strict_masking,pi_2,1.0,0.2,0.0,0.0,0.0,0.0,True,0.6,0.6
end_to_end,development:401:FB+FR:strict_masking:1.00:0.20:0:end_to_end,strict_masking,pi_2,1.0,0.2,0.0,0.0,1.0,1.05,False,-0.45,0.6
oracle,development:401:FB+FR:strict_masking:1.00:0.20:0:oracle,strict_masking,pi_2,1.0,0.2,0.0,0.0,0.0,0.0,True,0.6,0.6
qrtc,development:401:FB+FR:soft_masking:0.25:0.00:0:qrtc,soft_masking,pi_2,0.25,0.0,0.0,0.0,0.0,0.20000000000000007,True,0.6,0.8
random,development:401:FB+FR:soft_masking:0.25:0.00:0:random,soft_masking,pi_2,0.25,0.0,0.0,0.0,0.0,0.0,True,0.8,0.8
cheapest_first,development:401:FB+FR:soft_masking:0.25:0.00:0:cheapest_first,soft_masking,pi_2,0.25,0.0,0.0,0.0,1.0,1.1,False,-0.3,0.8
highest_stage_posterior,development:401:FB+FR:soft_masking:0.25:0.00:0:highest_stage_posterior,soft_masking,pi_2,0.25,0.0,0.0,0.0,0.0,0.0,True,0.8,0.8
greedy_gain,development:401:FB+FR:soft_masking:0.25:0.00:0:greedy_gain,soft_masking,pi_2,0.25,0.0,0.0,0.0,0.0,0.0,True,0.8,0.8
end_to_end,development:401:FB+FR:soft_masking:0.25:0.00:0:end_to_end,soft_masking,pi_2,0.25,0.0,0.0,0.0,0.0,0.0,True,0.8,0.8
oracle,development:401:FB+FR:soft_masking:0.25:0.00:0:oracle,soft_masking,pi_2,0.25,0.0,0.0,0.0,0.0,0.0,True,0.8,0.8
qrtc,development:401:FB+FR:soft_masking:0.25:0.05:0:qrtc,soft_masking,pi_2,0.25,0.05,0.0,0.0,0.0,0.20000000000000007,True,0.6,0.8
random,development:401:FB+FR:soft_masking:0.25:0.05:0:random,soft_masking,pi_2,0.25,0.05,0.0,0.0,1.0,1.15,False,-0.35,0.8
cheapest_first,development:401:FB+FR:soft_masking:0.25:0.05:0:cheapest_first,soft_masking,pi_2,0.25,0.05,0.0,0.0,1.0,1.1,False,-0.3,0.8
highest_stage_posterior,development:401:FB+FR:soft_masking:0.25:0.05:0:highest_stage_posterior,soft_masking,pi_2,0.25,0.05,0.0,0.0,0.0,0.0,True,0.8,0.8
greedy_gain,development:401:FB+FR:soft_masking:0.25:0.05:0:greedy_gain,soft_masking,pi_2,0.25,0.05,0.0,0.0,0.0,0.0,True,0.8,0.8
end_to_end,development:401:FB+FR:soft_masking:0.25:0.05:0:end_to_end,soft_masking,pi_2,0.25,0.05,0.0,0.0,0.0,0.0,True,0.8,0.8
oracle,development:401:FB+FR:soft_masking:0.25:0.05:0:oracle,soft_masking,pi_2,0.25,0.05,0.0,0.0,0.0,0.0,True,0.8,0.8
qrtc,development:401:FB+FR:soft_masking:0.25:0.10:0:qrtc,soft_masking,pi_2,0.25,0.1,0.0,0.0,0.0,0.20000000000000007,True,0.6,0.8
random,development:401:FB+FR:soft_masking:0.25:0.10:0:random,soft_masking,pi_2,0.25,0.1,0.0,0.0,0.0,0.0,True,0.8,0.8
cheapest_first,development:401:FB+FR:soft_masking:0.25:0.10:0:cheapest_first,soft_masking,pi_2,0.25,0.1,0.0,0.0,1.0,1.1,False,-0.3,0.8
highest_stage_posterior,development:401:FB+FR:soft_masking:0.25:0.10:0:highest_stage_posterior,soft_masking,pi_2,0.25,0.1,0.0,0.0,0.0,0.0,True,0.8,0.8
greedy_gain,development:401:FB+FR:soft_masking:0.25:0.10:0:greedy_gain,soft_masking,pi_2,0.25,0.1,0.0,0.0,0.0,0.0,True,0.8,0.8
end_to_end,development:401:FB+FR:soft_masking:0.25:0.10:0:end_to_end,soft_masking,pi_2,0.25,0.1,0.0,0.0,0.0,0.0,True,0.8,0.8
oracle,development:401:FB+FR:soft_masking:0.25:0.10:0:oracle,soft_masking,pi_2,0.25,0.1,0.0,0.0,0.0,0.0,True,0.8,0.8
qrtc,development:401:FB+FR:soft_masking:0.25:0.20:0:qrtc,soft_masking,pi_2,0.25,0.2,0.0,0.0,0.0,0.20000000000000007,True,0.6,0.8
random,development:401:FB+FR:soft_masking:0.25:0.20:0:random,soft_masking,pi_2,0.25,0.2,0.0,0.0,0.0,0.0,True,0.8,0.8
cheapest_first,development:401:FB+FR:soft_masking:0.25:0.20:0:cheapest_first,soft_masking,pi_2,0.25,0.2,0.0,0.0,1.0,1.1,False,-0.3,0.8
highest_stage_posterior,development:401:FB+FR:soft_masking:0.25:0.20:0:highest_stage_posterior,soft_masking,pi_2,0.25,0.2,0.0,0.0,0.0,0.0,True,0.8,0.8
greedy_gain,development:401:FB+FR:soft_masking:0.25:0.20:0:greedy_gain,soft_masking,pi_2,0.25,0.2,0.0,0.0,0.0,0.0,True,0.8,0.8
end_to_end,development:401:FB+FR:soft_masking:0.25:0.20:0:end_to_end,soft_masking,pi_2,0.25,0.2,0.0,0.0,0.0,0.0,True,0.8,0.8
oracle,development:401:FB+FR:soft_masking:0.25:0.20:0:oracle,soft_masking,pi_2,0.25,0.2,0.0,0.0,0.0,0.0,True,0.8,0.8
qrtc,development:401:FB+FR:soft_masking:0.50:0.00:0:qrtc,soft_masking,pi_2,0.5,0.0,0.0,0.0,0.0,0.20000000000000007,True,0.6,0.8
random,development:401:FB+FR:soft_masking:0.50:0.00:0:random,soft_masking,pi_2,0.5,0.0,0.0,0.0,1.0,1.3,False,-0.5,0.8
cheapest_first,development:401:FB+FR:soft_masking:0.50:0.00:0:cheapest_first,soft_masking,pi_2,0.5,0.0,0.0,0.0,1.0,1.1,False,-0.3,0.8
highest_stage_posterior,development:401:FB+FR:soft_masking:0.50:0.00:0:highest_stage_posterior,soft_masking,pi_2,0.5,0.0,0.0,0.0,0.0,0.0,True,0.8,0.8
greedy_gain,development:401:FB+FR:soft_masking:0.50:0.00:0:greedy_gain,soft_masking,pi_2,0.5,0.0,0.0,0.0,0.0,0.0,True,0.8,0.8
end_to_end,development:401:FB+FR:soft_masking:0.50:0.00:0:end_to_end,soft_masking,pi_2,0.5,0.0,0.0,0.0,0.0,0.0,True,0.8,0.8
oracle,development:401:FB+FR:soft_masking:0.50:0.00:0:oracle,soft_masking,pi_2,0.5,0.0,0.0,0.0,0.0,0.0,True,0.8,0.8
qrtc,development:401:FB+FR:soft_masking:0.50:0.05:0:qrtc,soft_masking,pi_2,0.5,0.05,0.0,0.0,0.0,0.20000000000000007,True,0.6,0.8
random,development:401:FB+FR:soft_masking:0.50:0.05:0:random,soft_masking,pi_2,0.5,0.05,0.0,0.0,1.0,1.1,False,-0.3,0.8
cheapest_first,development:401:FB+FR:soft_masking:0.50:0.05:0:cheapest_first,soft_masking,pi_2,0.5,0.05,0.0,0.0,1.0,1.1,False,-0.3,0.8
highest_stage_posterior,development:401:FB+FR:soft_masking:0.50:0.05:0:highest_stage_posterior,soft_masking,pi_2,0.5,0.05,0.0,0.0,0.0,0.0,True,0.8,0.8
greedy_gain,development:401:FB+FR:soft_masking:0.50:0.05:0:greedy_gain,soft_masking,pi_2,0.5,0.05,0.0,0.0,0.0,0.0,True,0.8,0.8
end_to_end,development:401:FB+FR:soft_masking:0.50:0.05:0:end_to_end,soft_masking,pi_2,0.5,0.05,0.0,0.0,0.0,0.0,True,0.8,0.8
oracle,development:401:FB+FR:soft_masking:0.50:0.05:0:oracle,soft_masking,pi_2,0.5,0.05,0.0,0.0,0.0,0.0,True,0.8,0.8
qrtc,development:401:FB+FR:soft_masking:0.50:0.10:0:qrtc,soft_masking,pi_2,0.5,0.1,0.0,0.0,0.0,0.20000000000000007,True,0.6,0.8
random,development:401:FB+FR:soft_masking:0.50:0.10:0:random,soft_masking,pi_2,0.5,0.1,0.0,0.0,1.0,1.2000000000000002,False,-0.4,0.8
cheapest_first,development:401:FB+FR:soft_masking:0.50:0.10:0:cheapest_first,soft_masking,pi_2,0.5,0.1,0.0,0.0,1.0,1.1,False,-0.3,0.8
highest_stage_posterior,development:401:FB+FR:soft_masking:0.50:0.10:0:highest_stage_posterior,soft_masking,pi_2,0.5,0.1,0.0,0.0,0.0,0.0,True,0.8,0.8
greedy_gain,development:401:FB+FR:soft_masking:0.50:0.10:0:greedy_gain,soft_masking,pi_2,0.5,0.1,0.0,0.0,0.0,0.0,True,0.8,0.8
end_to_end,development:401:FB+FR:soft_masking:0.50:0.10:0:end_to_end,soft_masking,pi_2,0.5,0.1,0.0,0.0,0.0,0.0,True,0.8,0.8
oracle,development:401:FB+FR:soft_masking:0.50:0.10:0:oracle,soft_masking,pi_2,0.5,0.1,0.0,0.0,0.0,0.0,True,0.8,0.8
qrtc,development:401:FB+FR:soft_masking:0.50:0.20:0:qrtc,soft_masking,pi_2,0.5,0.2,0.0,0.0,0.0,0.20000000000000007,True,0.6,0.8
random,development:401:FB+FR:soft_masking:0.50:0.20:0:random,soft_masking,pi_2,0.5,0.2,0.0,0.0,1.0,1.3,False,-0.5,0.8
cheapest_first,development:401:FB+FR:soft_masking:0.50:0.20:0:cheapest_first,soft_masking,pi_2,0.5,0.2,0.0,0.0,1.0,1.1,False,-0.3,0.8
highest_stage_posterior,development:401:FB+FR:soft_masking:0.50:0.20:0:highest_stage_posterior,soft_masking,pi_2,0.5,0.2,0.0,0.0,0.0,0.0,True,0.8,0.8
greedy_gain,development:401:FB+FR:soft_masking:0.50:0.20:0:greedy_gain,soft_masking,pi_2,0.5,0.2,0.0,0.0,0.0,0.0,True,0.8,0.8
end_to_end,development:401:FB+FR:soft_masking:0.50:0.20:0:end_to_end,soft_masking,pi_2,0.5,0.2,0.0,0.0,0.0,0.0,True,0.8,0.8
oracle,development:401:FB+FR:soft_masking:0.50:0.20:0:oracle,soft_masking,pi_2,0.5,0.2,0.0,0.0,0.0,0.0,True,0.8,0.8
qrtc,development:401:FB+FR:soft_masking:0.75:0.00:0:qrtc,soft_masking,pi_2,0.75,0.0,0.0,0.0,0.0,0.20000000000000007,True,0.6,0.8
random,development:401:FB+FR:soft_masking:0.75:0.00:0:random,soft_masking,pi_2,0.75,0.0,0.0,0.0,1.0,1.15,False,-0.35,0.8
cheapest_first,development:401:FB+FR:soft_masking:0.75:0.00:0:cheapest_first,soft_masking,pi_2,0.75,0.0,0.0,0.0,1.0,1.1,False,-0.3,0.8
highest_stage_posterior,development:401:FB+FR:soft_masking:0.75:0.00:0:highest_stage_posterior,soft_masking,pi_2,0.75,0.0,0.0,0.0,0.0,0.0,True,0.8,0.8
greedy_gain,development:401:FB+FR:soft_masking:0.75:0.00:0:greedy_gain,soft_masking,pi_2,0.75,0.0,0.0,0.0,0.0,0.0,True,0.8,0.8
end_to_end,development:401:FB+FR:soft_masking:0.75:0.00:0:end_to_end,soft_masking,pi_2,0.75,0.0,0.0,0.0,0.0,0.0,True,0.8,0.8
oracle,development:401:FB+FR:soft_masking:0.75:0.00:0:oracle,soft_masking,pi_2,0.75,0.0,0.0,0.0,0.0,0.0,True,0.8,0.8
qrtc,development:401:FB+FR:soft_masking:0.75:0.05:0:qrtc,soft_masking,pi_2,0.75,0.05,0.0,0.0,0.0,0.20000000000000007,True,0.6,0.8
random,development:401:FB+FR:soft_masking:0.75:0.05:0:random,soft_masking,pi_2,0.75,0.05,0.0,0.0,0.0,0.0,True,0.8,0.8
cheapest_first,development:401:FB+FR:soft_masking:0.75:0.05:0:cheapest_first,soft_masking,pi_2,0.75,0.05,0.0,0.0,1.0,1.1,False,-0.3,0.8
highest_stage_posterior,development:401:FB+FR:soft_masking:0.75:0.05:0:highest_stage_posterior,soft_masking,pi_2,0.75,0.05,0.0,0.0,0.0,0.0,True,0.8,0.8
greedy_gain,development:401:FB+FR:soft_masking:0.75:0.05:0:greedy_gain,soft_masking,pi_2,0.75,0.05,0.0,0.0,0.0,0.0,True,0.8,0.8
end_to_end,development:401:FB+FR:soft_masking:0.75:0.05:0:end_to_end,soft_masking,pi_2,0.75,0.05,0.0,0.0,0.0,0.0,True,0.8,0.8
oracle,development:401:FB+FR:soft_masking:0.75:0.05:0:oracle,soft_masking,pi_2,0.75,0.05,0.0,0.0,0.0,0.0,True,0.8,0.8
qrtc,development:401:FB+FR:soft_masking:0.75:0.10:0:qrtc,soft_masking,pi_2,0.75,0.1,0.0,0.0,0.0,0.20000000000000007,True,0.6,0.8
random,development:401:FB+FR:soft_masking:0.75:0.10:0:random,soft_masking,pi_2,0.75,0.1,0.0,0.0,1.0,1.1,False,-0.3,0.8
cheapest_first,development:401:FB+FR:soft_masking:0.75:0.10:0:cheapest_first,soft_masking,pi_2,0.75,0.1,0.0,0.0,1.0,1.1,False,-0.3,0.8
highest_stage_posterior,development:401:FB+FR:soft_masking:0.75:0.10:0:highest_stage_posterior,soft_masking,pi_2,0.75,0.1,0.0,0.0,0.0,0.0,True,0.8,0.8
greedy_gain,development:401:FB+FR:soft_masking:0.75:0.10:0:greedy_gain,soft_masking,pi_2,0.75,0.1,0.0,0.0,0.0,0.0,True,0.8,0.8
end_to_end,development:401:FB+FR:soft_masking:0.75:0.10:0:end_to_end,soft_masking,pi_2,0.75,0.1,0.0,0.0,0.0,0.0,True,0.8,0.8
oracle,development:401:FB+FR:soft_masking:0.75:0.10:0:oracle,soft_masking,pi_2,0.75,0.1,0.0,0.0,0.0,0.0,True,0.8,0.8
qrtc,development:401:FB+FR:soft_masking:0.75:0.20:0:qrtc,soft_masking,pi_2,0.75,0.2,0.0,0.0,0.0,0.20000000000000007,True,0.6,0.8
random,development:401:FB+FR:soft_masking:0.75:0.20:0:random,soft_masking,pi_2,0.75,0.2,0.0,0.0,1.0,1.3,False,-0.5,0.8
cheapest_first,development:401:FB+FR:soft_masking:0.75:0.20:0:cheapest_first,soft_masking,pi_2,0.75,0.2,0.0,0.0,1.0,1.1,False,-0.3,0.8
highest_stage_posterior,development:401:FB+FR:soft_masking:0.75:0.20:0:highest_stage_posterior,soft_masking,pi_2,0.75,0.2,0.0,0.0,0.0,0.0,True,0.8,0.8
greedy_gain,development:401:FB+FR:soft_masking:0.75:0.20:0:greedy_gain,soft_masking,pi_2,0.75,0.2,0.0,0.0,0.0,0.0,True,0.8,0.8
end_to_end,development:401:FB+FR:soft_masking:0.75:0.20:0:end_to_end,soft_masking,pi_2,0.75,0.2,0.0,0.0,0.0,0.0,True,0.8,0.8
oracle,development:401:FB+FR:soft_masking:0.75:0.20:0:oracle,soft_masking,pi_2,0.75,0.2,0.0,0.0,0.0,0.0,True,0.8,0.8
qrtc,development:401:FB+FR:soft_masking:1.00:0.00:0:qrtc,soft_masking,pi_2,1.0,0.0,0.0,0.0,0.0,0.20000000000000007,True,0.6,0.8
random,development:401:FB+FR:soft_masking:1.00:0.00:0:random,soft_masking,pi_2,1.0,0.0,0.0,0.0,1.0,1.1,False,-0.3,0.8
cheapest_first,development:401:FB+FR:soft_masking:1.00:0.00:0:cheapest_first,soft_masking,pi_2,1.0,0.0,0.0,0.0,1.0,1.1,False,-0.3,0.8
highest_stage_posterior,development:401:FB+FR:soft_masking:1.00:0.00:0:highest_stage_posterior,soft_masking,pi_2,1.0,0.0,0.0,0.0,0.0,0.0,True,0.8,0.8
greedy_gain,development:401:FB+FR:soft_masking:1.00:0.00:0:greedy_gain,soft_masking,pi_2,1.0,0.0,0.0,0.0,0.0,0.0,True,0.8,0.8
end_to_end,development:401:FB+FR:soft_masking:1.00:0.00:0:end_to_end,soft_masking,pi_2,1.0,0.0,0.0,0.0,0.0,0.0,True,0.8,0.8
oracle,development:401:FB+FR:soft_masking:1.00:0.00:0:oracle,soft_masking,pi_2,1.0,0.0,0.0,0.0,0.0,0.0,True,0.8,0.8
qrtc,development:401:FB+FR:soft_masking:1.00:0.05:0:qrtc,soft_masking,pi_2,1.0,0.05,0.0,0.0,0.0,0.20000000000000007,True,0.6,0.8
random,development:401:FB+FR:soft_masking:1.00:0.05:0:random,soft_masking,pi_2,1.0,0.05,0.0,0.0,1.0,1.2000000000000002,False,-0.4,0.8
cheapest_first,development:401:FB+FR:soft_masking:1.00:0.05:0:cheapest_first,soft_masking,pi_2,1.0,0.05,0.0,0.0,1.0,1.1,False,-0.3,0.8
highest_stage_posterior,development:401:FB+FR:soft_masking:1.00:0.05:0:highest_stage_posterior,soft_masking,pi_2,1.0,0.05,0.0,0.0,0.0,0.0,True,0.8,0.8
greedy_gain,development:401:FB+FR:soft_masking:1.00:0.05:0:greedy_gain,soft_masking,pi_2,1.0,0.05,0.0,0.0,0.0,0.0,True,0.8,0.8
end_to_end,development:401:FB+FR:soft_masking:1.00:0.05:0:end_to_end,soft_masking,pi_2,1.0,0.05,0.0,0.0,0.0,0.0,True,0.8,0.8
oracle,development:401:FB+FR:soft_masking:1.00:0.05:0:oracle,soft_masking,pi_2,1.0,0.05,0.0,0.0,0.0,0.0,True,0.8,0.8
qrtc,development:401:FB+FR:soft_masking:1.00:0.10:0:qrtc,soft_masking,pi_2,1.0,0.1,0.0,0.0,0.0,0.20000000000000007,True,0.6,0.8
random,development:401:FB+FR:soft_masking:1.00:0.10:0:random,soft_masking,pi_2,1.0,0.1,0.0,0.0,0.0,0.0,True,0.8,0.8
cheapest_first,development:401:FB+FR:soft_masking:1.00:0.10:0:cheapest_first,soft_masking,pi_2,1.0,0.1,0.0,0.0,1.0,1.1,False,-0.3,0.8
highest_stage_posterior,development:401:FB+FR:soft_masking:1.00:0.10:0:highest_stage_posterior,soft_masking,pi_2,1.0,0.1,0.0,0.0,0.0,0.0,True,0.8,0.8
greedy_gain,development:401:FB+FR:soft_masking:1.00:0.10:0:greedy_gain,soft_masking,pi_2,1.0,0.1,0.0,0.0,0.0,0.0,True,0.8,0.8
end_to_end,development:401:FB+FR:soft_masking:1.00:0.10:0:end_to_end,soft_masking,pi_2,1.0,0.1,0.0,0.0,0.0,0.0,True,0.8,0.8
oracle,development:401:FB+FR:soft_masking:1.00:0.10:0:oracle,soft_masking,pi_2,1.0,0.1,0.0,0.0,0.0,0.0,True,0.8,0.8
qrtc,development:401:FB+FR:soft_masking:1.00:0.20:0:qrtc,soft_masking,pi_2,1.0,0.2,0.0,0.0,0.0,0.20000000000000007,True,0.6,0.8
random,development:401:FB+FR:soft_masking:1.00:0.20:0:random,soft_masking,pi_2,1.0,0.2,0.0,0.0,1.0,1.1,False,-0.3,0.8
cheapest_first,development:401:FB+FR:soft_masking:1.00:0.20:0:cheapest_first,soft_masking,pi_2,1.0,0.2,0.0,0.0,1.0,1.1,False,-0.3,0.8
highest_stage_posterior,development:401:FB+FR:soft_masking:1.00:0.20:0:highest_stage_posterior,soft_masking,pi_2,1.0,0.2,0.0,0.0,0.0,0.0,True,0.8,0.8
greedy_gain,development:401:FB+FR:soft_masking:1.00:0.20:0:greedy_gain,soft_masking,pi_2,1.0,0.2,0.0,0.0,0.0,0.0,True,0.8,0.8
end_to_end,development:401:FB+FR:soft_masking:1.00:0.20:0:end_to_end,soft_masking,pi_2,1.0,0.2,0.0,0.0,0.0,0.0,True,0.8,0.8
oracle,development:401:FB+FR:soft_masking:1.00:0.20:0:oracle,soft_masking,pi_2,1.0,0.2,0.0,0.0,0.0,0.0,True,0.8,0.8
qrtc,development:401:FB+FR:independent:0.25:0.00:0:qrtc,independent,pi_2,0.25,0.0,0.0,0.0,0.0,0.0,True,0.8,0.8
random,development:401:FB+FR:independent:0.25:0.00:0:random,independent,pi_2,0.25,0.0,0.0,0.0,0.0,0.0,True,0.8,0.8
cheapest_first,development:401:FB+FR:independent:0.25:0.00:0:cheapest_first,independent,pi_2,0.25,0.0,0.0,0.0,1.0,1.1,False,-0.3,0.8
highest_stage_posterior,development:401:FB+FR:independent:0.25:0.00:0:highest_stage_posterior,independent,pi_2,0.25,0.0,0.0,0.0,0.0,0.0,True,0.8,0.8
greedy_gain,development:401:FB+FR:independent:0.25:0.00:0:greedy_gain,independent,pi_2,0.25,0.0,0.0,0.0,0.0,0.0,True,0.8,0.8
end_to_end,development:401:FB+FR:independent:0.25:0.00:0:end_to_end,independent,pi_2,0.25,0.0,0.0,0.0,0.0,0.0,True,0.8,0.8
oracle,development:401:FB+FR:independent:0.25:0.00:0:oracle,independent,pi_2,0.25,0.0,0.0,0.0,0.0,0.0,True,0.8,0.8
qrtc,development:401:FB+FR:independent:0.25:0.05:0:qrtc,independent,pi_2,0.25,0.05,0.0,0.0,0.0,0.0,True,0.8,0.8
random,development:401:FB+FR:independent:0.25:0.05:0:random,independent,pi_2,0.25,0.05,0.0,0.0,1.0,1.15,False,-0.35,0.8
cheapest_first,development:401:FB+FR:independent:0.25:0.05:0:cheapest_first,independent,pi_2,0.25,0.05,0.0,0.0,1.0,1.1,False,-0.3,0.8
highest_stage_posterior,development:401:FB+FR:independent:0.25:0.05:0:highest_stage_posterior,independent,pi_2,0.25,0.05,0.0,0.0,0.0,0.0,True,0.8,0.8
greedy_gain,development:401:FB+FR:independent:0.25:0.05:0:greedy_gain,independent,pi_2,0.25,0.05,0.0,0.0,0.0,0.0,True,0.8,0.8
end_to_end,development:401:FB+FR:independent:0.25:0.05:0:end_to_end,independent,pi_2,0.25,0.05,0.0,0.0,0.0,0.0,True,0.8,0.8
oracle,development:401:FB+FR:independent:0.25:0.05:0:oracle,independent,pi_2,0.25,0.05,0.0,0.0,0.0,0.0,True,0.8,0.8
qrtc,development:401:FB+FR:independent:0.25:0.10:0:qrtc,independent,pi_2,0.25,0.1,0.0,0.0,0.0,0.0,True,0.8,0.8
random,development:401:FB+FR:independent:0.25:0.10:0:random,independent,pi_2,0.25,0.1,0.0,0.0,0.0,0.0,True,0.8,0.8
cheapest_first,development:401:FB+FR:independent:0.25:0.10:0:cheapest_first,independent,pi_2,0.25,0.1,0.0,0.0,1.0,1.1,False,-0.3,0.8
highest_stage_posterior,development:401:FB+FR:independent:0.25:0.10:0:highest_stage_posterior,independent,pi_2,0.25,0.1,0.0,0.0,0.0,0.0,True,0.8,0.8
greedy_gain,development:401:FB+FR:independent:0.25:0.10:0:greedy_gain,independent,pi_2,0.25,0.1,0.0,0.0,0.0,0.0,True,0.8,0.8
end_to_end,development:401:FB+FR:independent:0.25:0.10:0:end_to_end,independent,pi_2,0.25,0.1,0.0,0.0,0.0,0.0,True,0.8,0.8
oracle,development:401:FB+FR:independent:0.25:0.10:0:oracle,independent,pi_2,0.25,0.1,0.0,0.0,0.0,0.0,True,0.8,0.8
qrtc,development:401:FB+FR:independent:0.25:0.20:0:qrtc,independent,pi_2,0.25,0.2,0.0,0.0,0.0,0.0,True,0.8,0.8
random,development:401:FB+FR:independent:0.25:0.20:0:random,independent,pi_2,0.25,0.2,0.0,0.0,0.0,0.0,True,0.8,0.8
cheapest_first,development:401:FB+FR:independent:0.25:0.20:0:cheapest_first,independent,pi_2,0.25,0.2,0.0,0.0,1.0,1.1,False,-0.3,0.8
highest_stage_posterior,development:401:FB+FR:independent:0.25:0.20:0:highest_stage_posterior,independent,pi_2,0.25,0.2,0.0,0.0,0.0,0.0,True,0.8,0.8
greedy_gain,development:401:FB+FR:independent:0.25:0.20:0:greedy_gain,independent,pi_2,0.25,0.2,0.0,0.0,0.0,0.0,True,0.8,0.8
end_to_end,development:401:FB+FR:independent:0.25:0.20:0:end_to_end,independent,pi_2,0.25,0.2,0.0,0.0,0.0,0.0,True,0.8,0.8
oracle,development:401:FB+FR:independent:0.25:0.20:0:oracle,independent,pi_2,0.25,0.2,0.0,0.0,0.0,0.0,True,0.8,0.8
qrtc,development:401:FB+FR:independent:0.50:0.00:0:qrtc,independent,pi_2,0.5,0.0,0.0,0.0,0.0,0.0,True,0.8,0.8
random,development:401:FB+FR:independent:0.50:0.00:0:random,independent,pi_2,0.5,0.0,0.0,0.0,1.0,1.3,False,-0.5,0.8
cheapest_first,development:401:FB+FR:independent:0.50:0.00:0:cheapest_first,independent,pi_2,0.5,0.0,0.0,0.0,1.0,1.1,False,-0.3,0.8
highest_stage_posterior,development:401:FB+FR:independent:0.50:0.00:0:highest_stage_posterior,independent,pi_2,0.5,0.0,0.0,0.0,0.0,0.0,True,0.8,0.8
greedy_gain,development:401:FB+FR:independent:0.50:0.00:0:greedy_gain,independent,pi_2,0.5,0.0,0.0,0.0,0.0,0.0,True,0.8,0.8
end_to_end,development:401:FB+FR:independent:0.50:0.00:0:end_to_end,independent,pi_2,0.5,0.0,0.0,0.0,0.0,0.0,True,0.8,0.8
oracle,development:401:FB+FR:independent:0.50:0.00:0:oracle,independent,pi_2,0.5,0.0,0.0,0.0,0.0,0.0,True,0.8,0.8
qrtc,development:401:FB+FR:independent:0.50:0.05:0:qrtc,independent,pi_2,0.5,0.05,0.0,0.0,0.0,0.0,True,0.8,0.8
random,development:401:FB+FR:independent:0.50:0.05:0:random,independent,pi_2,0.5,0.05,0.0,0.0,1.0,1.1,False,-0.3,0.8
cheapest_first,development:401:FB+FR:independent:0.50:0.05:0:cheapest_first,independent,pi_2,0.5,0.05,0.0,0.0,1.0,1.1,False,-0.3,0.8
highest_stage_posterior,development:401:FB+FR:independent:0.50:0.05:0:highest_stage_posterior,independent,pi_2,0.5,0.05,0.0,0.0,0.0,0.0,True,0.8,0.8
greedy_gain,development:401:FB+FR:independent:0.50:0.05:0:greedy_gain,independent,pi_2,0.5,0.05,0.0,0.0,0.0,0.0,True,0.8,0.8
end_to_end,development:401:FB+FR:independent:0.50:0.05:0:end_to_end,independent,pi_2,0.5,0.05,0.0,0.0,0.0,0.0,True,0.8,0.8
oracle,development:401:FB+FR:independent:0.50:0.05:0:oracle,independent,pi_2,0.5,0.05,0.0,0.0,0.0,0.0,True,0.8,0.8
qrtc,development:401:FB+FR:independent:0.50:0.10:0:qrtc,independent,pi_2,0.5,0.1,0.0,0.0,0.0,0.0,True,0.8,0.8
random,development:401:FB+FR:independent:0.50:0.10:0:random,independent,pi_2,0.5,0.1,0.0,0.0,1.0,1.2000000000000002,False,-0.4,0.8
cheapest_first,development:401:FB+FR:independent:0.50:0.10:0:cheapest_first,independent,pi_2,0.5,0.1,0.0,0.0,1.0,1.1,False,-0.3,0.8
highest_stage_posterior,development:401:FB+FR:independent:0.50:0.10:0:highest_stage_posterior,independent,pi_2,0.5,0.1,0.0,0.0,0.0,0.0,True,0.8,0.8
greedy_gain,development:401:FB+FR:independent:0.50:0.10:0:greedy_gain,independent,pi_2,0.5,0.1,0.0,0.0,0.0,0.0,True,0.8,0.8
end_to_end,development:401:FB+FR:independent:0.50:0.10:0:end_to_end,independent,pi_2,0.5,0.1,0.0,0.0,0.0,0.0,True,0.8,0.8
oracle,development:401:FB+FR:independent:0.50:0.10:0:oracle,independent,pi_2,0.5,0.1,0.0,0.0,0.0,0.0,True,0.8,0.8
qrtc,development:401:FB+FR:independent:0.50:0.20:0:qrtc,independent,pi_2,0.5,0.2,0.0,0.0,0.0,0.0,True,0.8,0.8
random,development:401:FB+FR:independent:0.50:0.20:0:random,independent,pi_2,0.5,0.2,0.0,0.0,1.0,1.3,False,-0.5,0.8
cheapest_first,development:401:FB+FR:independent:0.50:0.20:0:cheapest_first,independent,pi_2,0.5,0.2,0.0,0.0,1.0,1.1,False,-0.3,0.8
highest_stage_posterior,development:401:FB+FR:independent:0.50:0.20:0:highest_stage_posterior,independent,pi_2,0.5,0.2,0.0,0.0,0.0,0.0,True,0.8,0.8
greedy_gain,development:401:FB+FR:independent:0.50:0.20:0:greedy_gain,independent,pi_2,0.5,0.2,0.0,0.0,0.0,0.0,True,0.8,0.8
end_to_end,development:401:FB+FR:independent:0.50:0.20:0:end_to_end,independent,pi_2,0.5,0.2,0.0,0.0,0.0,0.0,True,0.8,0.8
oracle,development:401:FB+FR:independent:0.50:0.20:0:oracle,independent,pi_2,0.5,0.2,0.0,0.0,0.0,0.0,True,0.8,0.8
qrtc,development:401:FB+FR:independent:0.75:0.00:0:qrtc,independent,pi_2,0.75,0.0,0.0,0.0,0.0,0.0,True,0.8,0.8
random,development:401:FB+FR:independent:0.75:0.00:0:random,independent,pi_2,0.75,0.0,0.0,0.0,1.0,1.15,False,-0.35,0.8
cheapest_first,development:401:FB+FR:independent:0.75:0.00:0:cheapest_first,independent,pi_2,0.75,0.0,0.0,0.0,1.0,1.1,False,-0.3,0.8
highest_stage_posterior,development:401:FB+FR:independent:0.75:0.00:0:highest_stage_posterior,independent,pi_2,0.75,0.0,0.0,0.0,0.0,0.0,True,0.8,0.8
greedy_gain,development:401:FB+FR:independent:0.75:0.00:0:greedy_gain,independent,pi_2,0.75,0.0,0.0,0.0,0.0,0.0,True,0.8,0.8
end_to_end,development:401:FB+FR:independent:0.75:0.00:0:end_to_end,independent,pi_2,0.75,0.0,0.0,0.0,0.0,0.0,True,0.8,0.8
oracle,development:401:FB+FR:independent:0.75:0.00:0:oracle,independent,pi_2,0.75,0.0,0.0,0.0,0.0,0.0,True,0.8,0.8
qrtc,development:401:FB+FR:independent:0.75:0.05:0:qrtc,independent,pi_2,0.75,0.05,0.0,0.0,0.0,0.0,True,0.8,0.8
random,development:401:FB+FR:independent:0.75:0.05:0:random,independent,pi_2,0.75,0.05,0.0,0.0,0.0,0.0,True,0.8,0.8
cheapest_first,development:401:FB+FR:independent:0.75:0.05:0:cheapest_first,independent,pi_2,0.75,0.05,0.0,0.0,1.0,1.1,False,-0.3,0.8
highest_stage_posterior,development:401:FB+FR:independent:0.75:0.05:0:highest_stage_posterior,independent,pi_2,0.75,0.05,0.0,0.0,0.0,0.0,True,0.8,0.8
greedy_gain,development:401:FB+FR:independent:0.75:0.05:0:greedy_gain,independent,pi_2,0.75,0.05,0.0,0.0,0.0,0.0,True,0.8,0.8
end_to_end,development:401:FB+FR:independent:0.75:0.05:0:end_to_end,independent,pi_2,0.75,0.05,0.0,0.0,0.0,0.0,True,0.8,0.8
oracle,development:401:FB+FR:independent:0.75:0.05:0:oracle,independent,pi_2,0.75,0.05,0.0,0.0,0.0,0.0,True,0.8,0.8
qrtc,development:401:FB+FR:independent:0.75:0.10:0:qrtc,independent,pi_2,0.75,0.1,0.0,0.0,0.0,0.0,True,0.8,0.8
random,development:401:FB+FR:independent:0.75:0.10:0:random,independent,pi_2,0.75,0.1,0.0,0.0,1.0,1.1,False,-0.3,0.8
cheapest_first,development:401:FB+FR:independent:0.75:0.10:0:cheapest_first,independent,pi_2,0.75,0.1,0.0,0.0,1.0,1.1,False,-0.3,0.8
highest_stage_posterior,development:401:FB+FR:independent:0.75:0.10:0:highest_stage_posterior,independent,pi_2,0.75,0.1,0.0,0.0,0.0,0.0,True,0.8,0.8
greedy_gain,development:401:FB+FR:independent:0.75:0.10:0:greedy_gain,independent,pi_2,0.75,0.1,0.0,0.0,0.0,0.0,True,0.8,0.8
end_to_end,development:401:FB+FR:independent:0.75:0.10:0:end_to_end,independent,pi_2,0.75,0.1,0.0,0.0,0.0,0.0,True,0.8,0.8
oracle,development:401:FB+FR:independent:0.75:0.10:0:oracle,independent,pi_2,0.75,0.1,0.0,0.0,0.0,0.0,True,0.8,0.8
qrtc,development:401:FB+FR:independent:0.75:0.20:0:qrtc,independent,pi_2,0.75,0.2,0.0,0.0,0.0,0.0,True,0.8,0.8
random,development:401:FB+FR:independent:0.75:0.20:0:random,independent,pi_2,0.75,0.2,0.0,0.0,1.0,1.3,False,-0.5,0.8
cheapest_first,development:401:FB+FR:independent:0.75:0.20:0:cheapest_first,independent,pi_2,0.75,0.2,0.0,0.0,1.0,1.1,False,-0.3,0.8
highest_stage_posterior,development:401:FB+FR:independent:0.75:0.20:0:highest_stage_posterior,independent,pi_2,0.75,0.2,0.0,0.0,0.0,0.0,True,0.8,0.8
greedy_gain,development:401:FB+FR:independent:0.75:0.20:0:greedy_gain,independent,pi_2,0.75,0.2,0.0,0.0,0.0,0.0,True,0.8,0.8
end_to_end,development:401:FB+FR:independent:0.75:0.20:0:end_to_end,independent,pi_2,0.75,0.2,0.0,0.0,0.0,0.0,True,0.8,0.8
oracle,development:401:FB+FR:independent:0.75:0.20:0:oracle,independent,pi_2,0.75,0.2,0.0,0.0,0.0,0.0,True,0.8,0.8
qrtc,development:401:FB+FR:independent:1.00:0.00:0:qrtc,independent,pi_2,1.0,0.0,0.0,0.0,0.0,0.0,True,0.8,0.8
random,development:401:FB+FR:independent:1.00:0.00:0:random,independent,pi_2,1.0,0.0,0.0,0.0,1.0,1.1,False,-0.3,0.8
cheapest_first,development:401:FB+FR:independent:1.00:0.00:0:cheapest_first,independent,pi_2,1.0,0.0,0.0,0.0,1.0,1.1,False,-0.3,0.8
highest_stage_posterior,development:401:FB+FR:independent:1.00:0.00:0:highest_stage_posterior,independent,pi_2,1.0,0.0,0.0,0.0,0.0,0.0,True,0.8,0.8
greedy_gain,development:401:FB+FR:independent:1.00:0.00:0:greedy_gain,independent,pi_2,1.0,0.0,0.0,0.0,0.0,0.0,True,0.8,0.8
end_to_end,development:401:FB+FR:independent:1.00:0.00:0:end_to_end,independent,pi_2,1.0,0.0,0.0,0.0,0.0,0.0,True,0.8,0.8
oracle,development:401:FB+FR:independent:1.00:0.00:0:oracle,independent,pi_2,1.0,0.0,0.0,0.0,0.0,0.0,True,0.8,0.8
qrtc,development:401:FB+FR:independent:1.00:0.05:0:qrtc,independent,pi_2,1.0,0.05,0.0,0.0,0.0,0.0,True,0.8,0.8
random,development:401:FB+FR:independent:1.00:0.05:0:random,independent,pi_2,1.0,0.05,0.0,0.0,1.0,1.2000000000000002,False,-0.4,0.8
cheapest_first,development:401:FB+FR:independent:1.00:0.05:0:cheapest_first,independent,pi_2,1.0,0.05,0.0,0.0,1.0,1.1,False,-0.3,0.8
highest_stage_posterior,development:401:FB+FR:independent:1.00:0.05:0:highest_stage_posterior,independent,pi_2,1.0,0.05,0.0,0.0,0.0,0.0,True,0.8,0.8
greedy_gain,development:401:FB+FR:independent:1.00:0.05:0:greedy_gain,independent,pi_2,1.0,0.05,0.0,0.0,0.0,0.0,True,0.8,0.8
end_to_end,development:401:FB+FR:independent:1.00:0.05:0:end_to_end,independent,pi_2,1.0,0.05,0.0,0.0,0.0,0.0,True,0.8,0.8
oracle,development:401:FB+FR:independent:1.00:0.05:0:oracle,independent,pi_2,1.0,0.05,0.0,0.0,0.0,0.0,True,0.8,0.8
qrtc,development:401:FB+FR:independent:1.00:0.10:0:qrtc,independent,pi_2,1.0,0.1,0.0,0.0,0.0,0.0,True,0.8,0.8
random,development:401:FB+FR:independent:1.00:0.10:0:random,independent,pi_2,1.0,0.1,0.0,0.0,0.0,0.0,True,0.8,0.8
cheapest_first,development:401:FB+FR:independent:1.00:0.10:0:cheapest_first,independent,pi_2,1.0,0.1,0.0,0.0,1.0,1.1,False,-0.3,0.8
highest_stage_posterior,development:401:FB+FR:independent:1.00:0.10:0:highest_stage_posterior,independent,pi_2,1.0,0.1,0.0,0.0,0.0,0.0,True,0.8,0.8
greedy_gain,development:401:FB+FR:independent:1.00:0.10:0:greedy_gain,independent,pi_2,1.0,0.1,0.0,0.0,0.0,0.0,True,0.8,0.8
end_to_end,development:401:FB+FR:independent:1.00:0.10:0:end_to_end,independent,pi_2,1.0,0.1,0.0,0.0,0.0,0.0,True,0.8,0.8
oracle,development:401:FB+FR:independent:1.00:0.10:0:oracle,independent,pi_2,1.0,0.1,0.0,0.0,0.0,0.0,True,0.8,0.8
qrtc,development:401:FB+FR:independent:1.00:0.20:0:qrtc,independent,pi_2,1.0,0.2,0.0,0.0,0.0,0.0,True,0.8,0.8
random,development:401:FB+FR:independent:1.00:0.20:0:random,independent,pi_2,1.0,0.2,0.0,0.0,1.0,1.1,False,-0.3,0.8
cheapest_first,development:401:FB+FR:independent:1.00:0.20:0:cheapest_first,independent,pi_2,1.0,0.2,0.0,0.0,1.0,1.1,False,-0.3,0.8
highest_stage_posterior,development:401:FB+FR:independent:1.00:0.20:0:highest_stage_posterior,independent,pi_2,1.0,0.2,0.0,0.0,0.0,0.0,True,0.8,0.8
greedy_gain,development:401:FB+FR:independent:1.00:0.20:0:greedy_gain,independent,pi_2,1.0,0.2,0.0,0.0,0.0,0.0,True,0.8,0.8
end_to_end,development:401:FB+FR:independent:1.00:0.20:0:end_to_end,independent,pi_2,1.0,0.2,0.0,0.0,0.0,0.0,True,0.8,0.8
oracle,development:401:FB+FR:independent:1.00:0.20:0:oracle,independent,pi_2,1.0,0.2,0.0,0.0,0.0,0.0,True,0.8,0.8
qrtc,development:401:FB+FR:synergistic:0.25:0.00:0:qrtc,synergistic,pi_2,0.25,0.0,0.0,0.0,0.0,0.0,True,0.8,0.8
random,development:401:FB+FR:synergistic:0.25:0.00:0:random,synergistic,pi_2,0.25,0.0,0.0,0.0,0.0,0.0,True,0.8,0.8
cheapest_first,development:401:FB+FR:synergistic:0.25:0.00:0:cheapest_first,synergistic,pi_2,0.25,0.0,0.0,0.0,1.0,1.1,False,-0.3,0.8
highest_stage_posterior,development:401:FB+FR:synergistic:0.25:0.00:0:highest_stage_posterior,synergistic,pi_2,0.25,0.0,0.0,0.0,0.0,0.0,True,0.8,0.8
greedy_gain,development:401:FB+FR:synergistic:0.25:0.00:0:greedy_gain,synergistic,pi_2,0.25,0.0,0.0,0.0,0.0,0.0,True,0.8,0.8
end_to_end,development:401:FB+FR:synergistic:0.25:0.00:0:end_to_end,synergistic,pi_2,0.25,0.0,0.0,0.0,0.0,0.0,True,0.8,0.8
oracle,development:401:FB+FR:synergistic:0.25:0.00:0:oracle,synergistic,pi_2,0.25,0.0,0.0,0.0,0.0,0.0,True,0.8,0.8
qrtc,development:401:FB+FR:synergistic:0.25:0.05:0:qrtc,synergistic,pi_2,0.25,0.05,0.0,0.0,0.0,0.0,True,0.8,0.8
random,development:401:FB+FR:synergistic:0.25:0.05:0:random,synergistic,pi_2,0.25,0.05,0.0,0.0,1.0,1.15,False,-0.35,0.8
cheapest_first,development:401:FB+FR:synergistic:0.25:0.05:0:cheapest_first,synergistic,pi_2,0.25,0.05,0.0,0.0,1.0,1.1,False,-0.3,0.8
highest_stage_posterior,development:401:FB+FR:synergistic:0.25:0.05:0:highest_stage_posterior,synergistic,pi_2,0.25,0.05,0.0,0.0,0.0,0.0,True,0.8,0.8
greedy_gain,development:401:FB+FR:synergistic:0.25:0.05:0:greedy_gain,synergistic,pi_2,0.25,0.05,0.0,0.0,0.0,0.0,True,0.8,0.8
end_to_end,development:401:FB+FR:synergistic:0.25:0.05:0:end_to_end,synergistic,pi_2,0.25,0.05,0.0,0.0,0.0,0.0,True,0.8,0.8
oracle,development:401:FB+FR:synergistic:0.25:0.05:0:oracle,synergistic,pi_2,0.25,0.05,0.0,0.0,0.0,0.0,True,0.8,0.8
qrtc,development:401:FB+FR:synergistic:0.25:0.10:0:qrtc,synergistic,pi_2,0.25,0.1,0.0,0.0,0.0,0.0,True,0.8,0.8
random,development:401:FB+FR:synergistic:0.25:0.10:0:random,synergistic,pi_2,0.25,0.1,0.0,0.0,0.0,0.0,True,0.8,0.8
cheapest_first,development:401:FB+FR:synergistic:0.25:0.10:0:cheapest_first,synergistic,pi_2,0.25,0.1,0.0,0.0,1.0,1.1,False,-0.3,0.8
highest_stage_posterior,development:401:FB+FR:synergistic:0.25:0.10:0:highest_stage_posterior,synergistic,pi_2,0.25,0.1,0.0,0.0,0.0,0.0,True,0.8,0.8
greedy_gain,development:401:FB+FR:synergistic:0.25:0.10:0:greedy_gain,synergistic,pi_2,0.25,0.1,0.0,0.0,0.0,0.0,True,0.8,0.8
end_to_end,development:401:FB+FR:synergistic:0.25:0.10:0:end_to_end,synergistic,pi_2,0.25,0.1,0.0,0.0,0.0,0.0,True,0.8,0.8
oracle,development:401:FB+FR:synergistic:0.25:0.10:0:oracle,synergistic,pi_2,0.25,0.1,0.0,0.0,0.0,0.0,True,0.8,0.8
qrtc,development:401:FB+FR:synergistic:0.25:0.20:0:qrtc,synergistic,pi_2,0.25,0.2,0.0,0.0,0.0,0.0,True,0.8,0.8
random,development:401:FB+FR:synergistic:0.25:0.20:0:random,synergistic,pi_2,0.25,0.2,0.0,0.0,0.0,0.0,True,0.8,0.8
cheapest_first,development:401:FB+FR:synergistic:0.25:0.20:0:cheapest_first,synergistic,pi_2,0.25,0.2,0.0,0.0,1.0,1.1,False,-0.3,0.8
highest_stage_posterior,development:401:FB+FR:synergistic:0.25:0.20:0:highest_stage_posterior,synergistic,pi_2,0.25,0.2,0.0,0.0,0.0,0.0,True,0.8,0.8
greedy_gain,development:401:FB+FR:synergistic:0.25:0.20:0:greedy_gain,synergistic,pi_2,0.25,0.2,0.0,0.0,0.0,0.0,True,0.8,0.8
end_to_end,development:401:FB+FR:synergistic:0.25:0.20:0:end_to_end,synergistic,pi_2,0.25,0.2,0.0,0.0,0.0,0.0,True,0.8,0.8
oracle,development:401:FB+FR:synergistic:0.25:0.20:0:oracle,synergistic,pi_2,0.25,0.2,0.0,0.0,0.0,0.0,True,0.8,0.8
qrtc,development:401:FB+FR:synergistic:0.50:0.00:0:qrtc,synergistic,pi_2,0.5,0.0,0.0,0.0,0.0,0.0,True,0.8,0.8
random,development:401:FB+FR:synergistic:0.50:0.00:0:random,synergistic,pi_2,0.5,0.0,0.0,0.0,1.0,1.3,False,-0.5,0.8
cheapest_first,development:401:FB+FR:synergistic:0.50:0.00:0:cheapest_first,synergistic,pi_2,0.5,0.0,0.0,0.0,1.0,1.1,False,-0.3,0.8
highest_stage_posterior,development:401:FB+FR:synergistic:0.50:0.00:0:highest_stage_posterior,synergistic,pi_2,0.5,0.0,0.0,0.0,0.0,0.0,True,0.8,0.8
greedy_gain,development:401:FB+FR:synergistic:0.50:0.00:0:greedy_gain,synergistic,pi_2,0.5,0.0,0.0,0.0,0.0,0.0,True,0.8,0.8
end_to_end,development:401:FB+FR:synergistic:0.50:0.00:0:end_to_end,synergistic,pi_2,0.5,0.0,0.0,0.0,0.0,0.0,True,0.8,0.8
oracle,development:401:FB+FR:synergistic:0.50:0.00:0:oracle,synergistic,pi_2,0.5,0.0,0.0,0.0,0.0,0.0,True,0.8,0.8
qrtc,development:401:FB+FR:synergistic:0.50:0.05:0:qrtc,synergistic,pi_2,0.5,0.05,0.0,0.0,0.0,0.0,True,0.8,0.8
random,development:401:FB+FR:synergistic:0.50:0.05:0:random,synergistic,pi_2,0.5,0.05,0.0,0.0,1.0,1.1,False,-0.3,0.8
cheapest_first,development:401:FB+FR:synergistic:0.50:0.05:0:cheapest_first,synergistic,pi_2,0.5,0.05,0.0,0.0,1.0,1.1,False,-0.3,0.8
highest_stage_posterior,development:401:FB+FR:synergistic:0.50:0.05:0:highest_stage_posterior,synergistic,pi_2,0.5,0.05,0.0,0.0,0.0,0.0,True,0.8,0.8
greedy_gain,development:401:FB+FR:synergistic:0.50:0.05:0:greedy_gain,synergistic,pi_2,0.5,0.05,0.0,0.0,0.0,0.0,True,0.8,0.8
end_to_end,development:401:FB+FR:synergistic:0.50:0.05:0:end_to_end,synergistic,pi_2,0.5,0.05,0.0,0.0,0.0,0.0,True,0.8,0.8
oracle,development:401:FB+FR:synergistic:0.50:0.05:0:oracle,synergistic,pi_2,0.5,0.05,0.0,0.0,0.0,0.0,True,0.8,0.8
qrtc,development:401:FB+FR:synergistic:0.50:0.10:0:qrtc,synergistic,pi_2,0.5,0.1,0.0,0.0,0.0,0.0,True,0.8,0.8
random,development:401:FB+FR:synergistic:0.50:0.10:0:random,synergistic,pi_2,0.5,0.1,0.0,0.0,1.0,1.2000000000000002,False,-0.4,0.8
cheapest_first,development:401:FB+FR:synergistic:0.50:0.10:0:cheapest_first,synergistic,pi_2,0.5,0.1,0.0,0.0,1.0,1.1,False,-0.3,0.8
highest_stage_posterior,development:401:FB+FR:synergistic:0.50:0.10:0:highest_stage_posterior,synergistic,pi_2,0.5,0.1,0.0,0.0,0.0,0.0,True,0.8,0.8
greedy_gain,development:401:FB+FR:synergistic:0.50:0.10:0:greedy_gain,synergistic,pi_2,0.5,0.1,0.0,0.0,0.0,0.0,True,0.8,0.8
end_to_end,development:401:FB+FR:synergistic:0.50:0.10:0:end_to_end,synergistic,pi_2,0.5,0.1,0.0,0.0,0.0,0.0,True,0.8,0.8
oracle,development:401:FB+FR:synergistic:0.50:0.10:0:oracle,synergistic,pi_2,0.5,0.1,0.0,0.0,0.0,0.0,True,0.8,0.8
qrtc,development:401:FB+FR:synergistic:0.50:0.20:0:qrtc,synergistic,pi_2,0.5,0.2,0.0,0.0,0.0,0.0,True,0.8,0.8
random,development:401:FB+FR:synergistic:0.50:0.20:0:random,synergistic,pi_2,0.5,0.2,0.0,0.0,1.0,1.3,False,-0.5,0.8
cheapest_first,development:401:FB+FR:synergistic:0.50:0.20:0:cheapest_first,synergistic,pi_2,0.5,0.2,0.0,0.0,1.0,1.1,False,-0.3,0.8
highest_stage_posterior,development:401:FB+FR:synergistic:0.50:0.20:0:highest_stage_posterior,synergistic,pi_2,0.5,0.2,0.0,0.0,0.0,0.0,True,0.8,0.8
greedy_gain,development:401:FB+FR:synergistic:0.50:0.20:0:greedy_gain,synergistic,pi_2,0.5,0.2,0.0,0.0,0.0,0.0,True,0.8,0.8
end_to_end,development:401:FB+FR:synergistic:0.50:0.20:0:end_to_end,synergistic,pi_2,0.5,0.2,0.0,0.0,0.0,0.0,True,0.8,0.8
oracle,development:401:FB+FR:synergistic:0.50:0.20:0:oracle,synergistic,pi_2,0.5,0.2,0.0,0.0,0.0,0.0,True,0.8,0.8
qrtc,development:401:FB+FR:synergistic:0.75:0.00:0:qrtc,synergistic,pi_2,0.75,0.0,0.0,0.0,0.0,0.0,True,0.8,0.8
random,development:401:FB+FR:synergistic:0.75:0.00:0:random,synergistic,pi_2,0.75,0.0,0.0,0.0,1.0,1.15,False,-0.35,0.8
cheapest_first,development:401:FB+FR:synergistic:0.75:0.00:0:cheapest_first,synergistic,pi_2,0.75,0.0,0.0,0.0,1.0,1.1,False,-0.3,0.8
highest_stage_posterior,development:401:FB+FR:synergistic:0.75:0.00:0:highest_stage_posterior,synergistic,pi_2,0.75,0.0,0.0,0.0,0.0,0.0,True,0.8,0.8
greedy_gain,development:401:FB+FR:synergistic:0.75:0.00:0:greedy_gain,synergistic,pi_2,0.75,0.0,0.0,0.0,0.0,0.0,True,0.8,0.8
end_to_end,development:401:FB+FR:synergistic:0.75:0.00:0:end_to_end,synergistic,pi_2,0.75,0.0,0.0,0.0,0.0,0.0,True,0.8,0.8
oracle,development:401:FB+FR:synergistic:0.75:0.00:0:oracle,synergistic,pi_2,0.75,0.0,0.0,0.0,0.0,0.0,True,0.8,0.8
qrtc,development:401:FB+FR:synergistic:0.75:0.05:0:qrtc,synergistic,pi_2,0.75,0.05,0.0,0.0,0.0,0.0,True,0.8,0.8
random,development:401:FB+FR:synergistic:0.75:0.05:0:random,synergistic,pi_2,0.75,0.05,0.0,0.0,0.0,0.0,True,0.8,0.8
cheapest_first,development:401:FB+FR:synergistic:0.75:0.05:0:cheapest_first,synergistic,pi_2,0.75,0.05,0.0,0.0,1.0,1.1,False,-0.3,0.8
highest_stage_posterior,development:401:FB+FR:synergistic:0.75:0.05:0:highest_stage_posterior,synergistic,pi_2,0.75,0.05,0.0,0.0,0.0,0.0,True,0.8,0.8
greedy_gain,development:401:FB+FR:synergistic:0.75:0.05:0:greedy_gain,synergistic,pi_2,0.75,0.05,0.0,0.0,0.0,0.0,True,0.8,0.8
end_to_end,development:401:FB+FR:synergistic:0.75:0.05:0:end_to_end,synergistic,pi_2,0.75,0.05,0.0,0.0,0.0,0.0,True,0.8,0.8
oracle,development:401:FB+FR:synergistic:0.75:0.05:0:oracle,synergistic,pi_2,0.75,0.05,0.0,0.0,0.0,0.0,True,0.8,0.8
qrtc,development:401:FB+FR:synergistic:0.75:0.10:0:qrtc,synergistic,pi_2,0.75,0.1,0.0,0.0,0.0,0.0,True,0.8,0.8
random,development:401:FB+FR:synergistic:0.75:0.10:0:random,synergistic,pi_2,0.75,0.1,0.0,0.0,1.0,1.1,False,-0.3,0.8
cheapest_first,development:401:FB+FR:synergistic:0.75:0.10:0:cheapest_first,synergistic,pi_2,0.75,0.1,0.0,0.0,1.0,1.1,False,-0.3,0.8
highest_stage_posterior,development:401:FB+FR:synergistic:0.75:0.10:0:highest_stage_posterior,synergistic,pi_2,0.75,0.1,0.0,0.0,0.0,0.0,True,0.8,0.8
greedy_gain,development:401:FB+FR:synergistic:0.75:0.10:0:greedy_gain,synergistic,pi_2,0.75,0.1,0.0,0.0,0.0,0.0,True,0.8,0.8
end_to_end,development:401:FB+FR:synergistic:0.75:0.10:0:end_to_end,synergistic,pi_2,0.75,0.1,0.0,0.0,0.0,0.0,True,0.8,0.8
oracle,development:401:FB+FR:synergistic:0.75:0.10:0:oracle,synergistic,pi_2,0.75,0.1,0.0,0.0,0.0,0.0,True,0.8,0.8
qrtc,development:401:FB+FR:synergistic:0.75:0.20:0:qrtc,synergistic,pi_2,0.75,0.2,0.0,0.0,0.0,0.0,True,0.8,0.8
random,development:401:FB+FR:synergistic:0.75:0.20:0:random,synergistic,pi_2,0.75,0.2,0.0,0.0,1.0,1.3,False,-0.5,0.8
cheapest_first,development:401:FB+FR:synergistic:0.75:0.20:0:cheapest_first,synergistic,pi_2,0.75,0.2,0.0,0.0,1.0,1.1,False,-0.3,0.8
highest_stage_posterior,development:401:FB+FR:synergistic:0.75:0.20:0:highest_stage_posterior,synergistic,pi_2,0.75,0.2,0.0,0.0,0.0,0.0,True,0.8,0.8
greedy_gain,development:401:FB+FR:synergistic:0.75:0.20:0:greedy_gain,synergistic,pi_2,0.75,0.2,0.0,0.0,0.0,0.0,True,0.8,0.8
end_to_end,development:401:FB+FR:synergistic:0.75:0.20:0:end_to_end,synergistic,pi_2,0.75,0.2,0.0,0.0,0.0,0.0,True,0.8,0.8
oracle,development:401:FB+FR:synergistic:0.75:0.20:0:oracle,synergistic,pi_2,0.75,0.2,0.0,0.0,0.0,0.0,True,0.8,0.8
qrtc,development:401:FB+FR:synergistic:1.00:0.00:0:qrtc,synergistic,pi_2,1.0,0.0,0.0,0.0,0.0,0.0,True,0.8,0.8
random,development:401:FB+FR:synergistic:1.00:0.00:0:random,synergistic,pi_2,1.0,0.0,0.0,0.0,1.0,1.1,False,-0.3,0.8
cheapest_first,development:401:FB+FR:synergistic:1.00:0.00:0:cheapest_first,synergistic,pi_2,1.0,0.0,0.0,0.0,1.0,1.1,False,-0.3,0.8
highest_stage_posterior,development:401:FB+FR:synergistic:1.00:0.00:0:highest_stage_posterior,synergistic,pi_2,1.0,0.0,0.0,0.0,0.0,0.0,True,0.8,0.8
greedy_gain,development:401:FB+FR:synergistic:1.00:0.00:0:greedy_gain,synergistic,pi_2,1.0,0.0,0.0,0.0,0.0,0.0,True,0.8,0.8
end_to_end,development:401:FB+FR:synergistic:1.00:0.00:0:end_to_end,synergistic,pi_2,1.0,0.0,0.0,0.0,0.0,0.0,True,0.8,0.8
oracle,development:401:FB+FR:synergistic:1.00:0.00:0:oracle,synergistic,pi_2,1.0,0.0,0.0,0.0,0.0,0.0,True,0.8,0.8
qrtc,development:401:FB+FR:synergistic:1.00:0.05:0:qrtc,synergistic,pi_2,1.0,0.05,0.0,0.0,0.0,0.0,True,0.8,0.8
random,development:401:FB+FR:synergistic:1.00:0.05:0:random,synergistic,pi_2,1.0,0.05,0.0,0.0,1.0,1.2000000000000002,False,-0.4,0.8
cheapest_first,development:401:FB+FR:synergistic:1.00:0.05:0:cheapest_first,synergistic,pi_2,1.0,0.05,0.0,0.0,1.0,1.1,False,-0.3,0.8
highest_stage_posterior,development:401:FB+FR:synergistic:1.00:0.05:0:highest_stage_posterior,synergistic,pi_2,1.0,0.05,0.0,0.0,0.0,0.0,True,0.8,0.8
greedy_gain,development:401:FB+FR:synergistic:1.00:0.05:0:greedy_gain,synergistic,pi_2,1.0,0.05,0.0,0.0,0.0,0.0,True,0.8,0.8
end_to_end,development:401:FB+FR:synergistic:1.00:0.05:0:end_to_end,synergistic,pi_2,1.0,0.05,0.0,0.0,0.0,0.0,True,0.8,0.8
oracle,development:401:FB+FR:synergistic:1.00:0.05:0:oracle,synergistic,pi_2,1.0,0.05,0.0,0.0,0.0,0.0,True,0.8,0.8
qrtc,development:401:FB+FR:synergistic:1.00:0.10:0:qrtc,synergistic,pi_2,1.0,0.1,0.0,0.0,0.0,0.0,True,0.8,0.8
random,development:401:FB+FR:synergistic:1.00:0.10:0:random,synergistic,pi_2,1.0,0.1,0.0,0.0,0.0,0.0,True,0.8,0.8
cheapest_first,development:401:FB+FR:synergistic:1.00:0.10:0:cheapest_first,synergistic,pi_2,1.0,0.1,0.0,0.0,1.0,1.1,False,-0.3,0.8
highest_stage_posterior,development:401:FB+FR:synergistic:1.00:0.10:0:highest_stage_posterior,synergistic,pi_2,1.0,0.1,0.0,0.0,0.0,0.0,True,0.8,0.8
greedy_gain,development:401:FB+FR:synergistic:1.00:0.10:0:greedy_gain,synergistic,pi_2,1.0,0.1,0.0,0.0,0.0,0.0,True,0.8,0.8
end_to_end,development:401:FB+FR:synergistic:1.00:0.10:0:end_to_end,synergistic,pi_2,1.0,0.1,0.0,0.0,0.0,0.0,True,0.8,0.8
oracle,development:401:FB+FR:synergistic:1.00:0.10:0:oracle,synergistic,pi_2,1.0,0.1,0.0,0.0,0.0,0.0,True,0.8,0.8
qrtc,development:401:FB+FR:synergistic:1.00:0.20:0:qrtc,synergistic,pi_2,1.0,0.2,0.0,0.0,0.0,0.0,True,0.8,0.8
random,development:401:FB+FR:synergistic:1.00:0.20:0:random,synergistic,pi_2,1.0,0.2,0.0,0.0,1.0,1.1,False,-0.3,0.8
cheapest_first,development:401:FB+FR:synergistic:1.00:0.20:0:cheapest_first,synergistic,pi_2,1.0,0.2,0.0,0.0,1.0,1.1,False,-0.3,0.8
highest_stage_posterior,development:401:FB+FR:synergistic:1.00:0.20:0:highest_stage_posterior,synergistic,pi_2,1.0,0.2,0.0,0.0,0.0,0.0,True,0.8,0.8
greedy_gain,development:401:FB+FR:synergistic:1.00:0.20:0:greedy_gain,synergistic,pi_2,1.0,0.2,0.0,0.0,0.0,0.0,True,0.8,0.8
end_to_end,development:401:FB+FR:synergistic:1.00:0.20:0:end_to_end,synergistic,pi_2,1.0,0.2,0.0,0.0,0.0,0.0,True,0.8,0.8
oracle,development:401:FB+FR:synergistic:1.00:0.20:0:oracle,synergistic,pi_2,1.0,0.2,0.0,0.0,0.0,0.0,True,0.8,0.8
qrtc,development:402:FG+FW:strict_masking:0.25:0.00:0:qrtc,strict_masking,pi_1,0.25,0.0,0.0,0.0,0.0,0.0,True,0.6499999999999999,0.6499999999999999
random,development:402:FG+FW:strict_masking:0.25:0.00:0:random,strict_masking,pi_1,0.25,0.0,0.0,0.0,1.0,1.0999999999999999,False,-0.45,0.6499999999999999
cheapest_first,development:402:FG+FW:strict_masking:0.25:0.00:0:cheapest_first,strict_masking,pi_1,0.25,0.0,0.0,0.0,1.0,0.95,False,-0.3,0.6499999999999999
highest_stage_posterior,development:402:FG+FW:strict_masking:0.25:0.00:0:highest_stage_posterior,strict_masking,pi_1,0.25,0.0,0.0,0.0,1.0,1.15,False,-0.5,0.6499999999999999
greedy_gain,development:402:FG+FW:strict_masking:0.25:0.00:0:greedy_gain,strict_masking,pi_1,0.25,0.0,0.0,0.0,0.0,0.0,True,0.6499999999999999,0.6499999999999999
end_to_end,development:402:FG+FW:strict_masking:0.25:0.00:0:end_to_end,strict_masking,pi_1,0.25,0.0,0.0,0.0,1.0,0.9999999999999999,False,-0.35,0.6499999999999999
oracle,development:402:FG+FW:strict_masking:0.25:0.00:0:oracle,strict_masking,pi_1,0.25,0.0,0.0,0.0,0.0,0.0,True,0.6499999999999999,0.6499999999999999
qrtc,development:402:FG+FW:strict_masking:0.25:0.05:0:qrtc,strict_masking,pi_1,0.25,0.05,0.0,0.0,0.0,0.0,True,0.6499999999999999,0.6499999999999999
random,development:402:FG+FW:strict_masking:0.25:0.05:0:random,strict_masking,pi_1,0.25,0.05,0.0,0.0,1.0,1.0499999999999998,False,-0.4,0.6499999999999999
cheapest_first,development:402:FG+FW:strict_masking:0.25:0.05:0:cheapest_first,strict_masking,pi_1,0.25,0.05,0.0,0.0,1.0,0.95,False,-0.3,0.6499999999999999
highest_stage_posterior,development:402:FG+FW:strict_masking:0.25:0.05:0:highest_stage_posterior,strict_masking,pi_1,0.25,0.05,0.0,0.0,1.0,1.15,False,-0.5,0.6499999999999999
greedy_gain,development:402:FG+FW:strict_masking:0.25:0.05:0:greedy_gain,strict_masking,pi_1,0.25,0.05,0.0,0.0,0.0,0.0,True,0.6499999999999999,0.6499999999999999
end_to_end,development:402:FG+FW:strict_masking:0.25:0.05:0:end_to_end,strict_masking,pi_1,0.25,0.05,0.0,0.0,1.0,0.9999999999999999,False,-0.35,0.6499999999999999
oracle,development:402:FG+FW:strict_masking:0.25:0.05:0:oracle,strict_masking,pi_1,0.25,0.05,0.0,0.0,0.0,0.0,True,0.6499999999999999,0.6499999999999999
qrtc,development:402:FG+FW:strict_masking:0.25:0.10:0:qrtc,strict_masking,pi_1,0.25,0.1,0.0,0.0,0.0,0.0,True,0.6499999999999999,0.6499999999999999
random,development:402:FG+FW:strict_masking:0.25:0.10:0:random,strict_masking,pi_1,0.25,0.1,0.0,0.0,1.0,0.9999999999999999,False,-0.35,0.6499999999999999
cheapest_first,development:402:FG+FW:strict_masking:0.25:0.10:0:cheapest_first,strict_masking,pi_1,0.25,0.1,0.0,0.0,1.0,0.95,False,-0.3,0.6499999999999999
highest_stage_posterior,development:402:FG+FW:strict_masking:0.25:0.10:0:highest_stage_posterior,strict_masking,pi_1,0.25,0.1,0.0,0.0,1.0,1.15,False,-0.5,0.6499999999999999
greedy_gain,development:402:FG+FW:strict_masking:0.25:0.10:0:greedy_gain,strict_masking,pi_1,0.25,0.1,0.0,0.0,0.0,0.0,True,0.6499999999999999,0.6499999999999999
end_to_end,development:402:FG+FW:strict_masking:0.25:0.10:0:end_to_end,strict_masking,pi_1,0.25,0.1,0.0,0.0,1.0,0.9999999999999999,False,-0.35,0.6499999999999999
oracle,development:402:FG+FW:strict_masking:0.25:0.10:0:oracle,strict_masking,pi_1,0.25,0.1,0.0,0.0,0.0,0.0,True,0.6499999999999999,0.6499999999999999
qrtc,development:402:FG+FW:strict_masking:0.25:0.20:0:qrtc,strict_masking,pi_1,0.25,0.2,0.0,0.0,0.0,0.0,True,0.6499999999999999,0.6499999999999999
random,development:402:FG+FW:strict_masking:0.25:0.20:0:random,strict_masking,pi_1,0.25,0.2,0.0,0.0,1.0,1.0999999999999999,False,-0.45,0.6499999999999999
cheapest_first,development:402:FG+FW:strict_masking:0.25:0.20:0:cheapest_first,strict_masking,pi_1,0.25,0.2,0.0,0.0,1.0,0.95,False,-0.3,0.6499999999999999
highest_stage_posterior,development:402:FG+FW:strict_masking:0.25:0.20:0:highest_stage_posterior,strict_masking,pi_1,0.25,0.2,0.0,0.0,1.0,1.15,False,-0.5,0.6499999999999999
greedy_gain,development:402:FG+FW:strict_masking:0.25:0.20:0:greedy_gain,strict_masking,pi_1,0.25,0.2,0.0,0.0,0.0,0.0,True,0.6499999999999999,0.6499999999999999
end_to_end,development:402:FG+FW:strict_masking:0.25:0.20:0:end_to_end,strict_masking,pi_1,0.25,0.2,0.0,0.0,1.0,0.9999999999999999,False,-0.35,0.6499999999999999
oracle,development:402:FG+FW:strict_masking:0.25:0.20:0:oracle,strict_masking,pi_1,0.25,0.2,0.0,0.0,0.0,0.0,True,0.6499999999999999,0.6499999999999999
qrtc,development:402:FG+FW:strict_masking:0.50:0.00:0:qrtc,strict_masking,pi_1,0.5,0.0,0.0,0.0,0.0,0.0,True,0.6499999999999999,0.6499999999999999
random,development:402:FG+FW:strict_masking:0.50:0.00:0:random,strict_masking,pi_1,0.5,0.0,0.0,0.0,1.0,1.0999999999999999,False,-0.45,0.6499999999999999
cheapest_first,development:402:FG+FW:strict_masking:0.50:0.00:0:cheapest_first,strict_masking,pi_1,0.5,0.0,0.0,0.0,1.0,0.95,False,-0.3,0.6499999999999999
highest_stage_posterior,development:402:FG+FW:strict_masking:0.50:0.00:0:highest_stage_posterior,strict_masking,pi_1,0.5,0.0,0.0,0.0,1.0,1.15,False,-0.5,0.6499999999999999
greedy_gain,development:402:FG+FW:strict_masking:0.50:0.00:0:greedy_gain,strict_masking,pi_1,0.5,0.0,0.0,0.0,0.0,0.0,True,0.6499999999999999,0.6499999999999999
end_to_end,development:402:FG+FW:strict_masking:0.50:0.00:0:end_to_end,strict_masking,pi_1,0.5,0.0,0.0,0.0,1.0,0.9999999999999999,False,-0.35,0.6499999999999999
oracle,development:402:FG+FW:strict_masking:0.50:0.00:0:oracle,strict_masking,pi_1,0.5,0.0,0.0,0.0,0.0,0.0,True,0.6499999999999999,0.6499999999999999
qrtc,development:402:FG+FW:strict_masking:0.50:0.05:0:qrtc,strict_masking,pi_1,0.5,0.05,0.0,0.0,0.0,0.0,True,0.6499999999999999,0.6499999999999999
random,development:402:FG+FW:strict_masking:0.50:0.05:0:random,strict_masking,pi_1,0.5,0.05,0.0,0.0,1.0,1.0499999999999998,False,-0.4,0.6499999999999999
cheapest_first,development:402:FG+FW:strict_masking:0.50:0.05:0:cheapest_first,strict_masking,pi_1,0.5,0.05,0.0,0.0,1.0,0.95,False,-0.3,0.6499999999999999
highest_stage_posterior,development:402:FG+FW:strict_masking:0.50:0.05:0:highest_stage_posterior,strict_masking,pi_1,0.5,0.05,0.0,0.0,1.0,1.15,False,-0.5,0.6499999999999999
greedy_gain,development:402:FG+FW:strict_masking:0.50:0.05:0:greedy_gain,strict_masking,pi_1,0.5,0.05,0.0,0.0,0.0,0.0,True,0.6499999999999999,0.6499999999999999
end_to_end,development:402:FG+FW:strict_masking:0.50:0.05:0:end_to_end,strict_masking,pi_1,0.5,0.05,0.0,0.0,1.0,0.9999999999999999,False,-0.35,0.6499999999999999
oracle,development:402:FG+FW:strict_masking:0.50:0.05:0:oracle,strict_masking,pi_1,0.5,0.05,0.0,0.0,0.0,0.0,True,0.6499999999999999,0.6499999999999999
qrtc,development:402:FG+FW:strict_masking:0.50:0.10:0:qrtc,strict_masking,pi_1,0.5,0.1,0.0,0.0,0.0,0.0,True,0.6499999999999999,0.6499999999999999
random,development:402:FG+FW:strict_masking:0.50:0.10:0:random,strict_masking,pi_1,0.5,0.1,0.0,0.0,1.0,1.15,False,-0.5,0.6499999999999999
cheapest_first,development:402:FG+FW:strict_masking:0.50:0.10:0:cheapest_first,strict_masking,pi_1,0.5,0.1,0.0,0.0,1.0,0.95,False,-0.3,0.6499999999999999
highest_stage_posterior,development:402:FG+FW:strict_masking:0.50:0.10:0:highest_stage_posterior,strict_masking,pi_1,0.5,0.1,0.0,0.0,1.0,1.15,False,-0.5,0.6499999999999999
greedy_gain,development:402:FG+FW:strict_masking:0.50:0.10:0:greedy_gain,strict_masking,pi_1,0.5,0.1,0.0,0.0,0.0,0.0,True,0.6499999999999999,0.6499999999999999
end_to_end,development:402:FG+FW:strict_masking:0.50:0.10:0:end_to_end,strict_masking,pi_1,0.5,0.1,0.0,0.0,1.0,0.9999999999999999,False,-0.35,0.6499999999999999
oracle,development:402:FG+FW:strict_masking:0.50:0.10:0:oracle,strict_masking,pi_1,0.5,0.1,0.0,0.0,0.0,0.0,True,0.6499999999999999,0.6499999999999999
qrtc,development:402:FG+FW:strict_masking:0.50:0.20:0:qrtc,strict_masking,pi_1,0.5,0.2,0.0,0.0,0.0,0.0,True,0.6499999999999999,0.6499999999999999
random,development:402:FG+FW:strict_masking:0.50:0.20:0:random,strict_masking,pi_1,0.5,0.2,0.0,0.0,1.0,1.0999999999999999,False,-0.45,0.6499999999999999
cheapest_first,development:402:FG+FW:strict_masking:0.50:0.20:0:cheapest_first,strict_masking,pi_1,0.5,0.2,0.0,0.0,1.0,0.95,False,-0.3,0.6499999999999999
highest_stage_posterior,development:402:FG+FW:strict_masking:0.50:0.20:0:highest_stage_posterior,strict_masking,pi_1,0.5,0.2,0.0,0.0,1.0,1.15,False,-0.5,0.6499999999999999
greedy_gain,development:402:FG+FW:strict_masking:0.50:0.20:0:greedy_gain,strict_masking,pi_1,0.5,0.2,0.0,0.0,0.0,0.0,True,0.6499999999999999,0.6499999999999999
end_to_end,development:402:FG+FW:strict_masking:0.50:0.20:0:end_to_end,strict_masking,pi_1,0.5,0.2,0.0,0.0,1.0,0.9999999999999999,False,-0.35,0.6499999999999999
oracle,development:402:FG+FW:strict_masking:0.50:0.20:0:oracle,strict_masking,pi_1,0.5,0.2,0.0,0.0,0.0,0.0,True,0.6499999999999999,0.6499999999999999
qrtc,development:402:FG+FW:strict_masking:0.75:0.00:0:qrtc,strict_masking,pi_1,0.75,0.0,0.0,0.0,0.0,0.0,True,0.6499999999999999,0.6499999999999999
random,development:402:FG+FW:strict_masking:0.75:0.00:0:random,strict_masking,pi_1,0.75,0.0,0.0,0.0,1.0,1.0499999999999998,False,-0.4,0.6499999999999999
cheapest_first,development:402:FG+FW:strict_masking:0.75:0.00:0:cheapest_first,strict_masking,pi_1,0.75,0.0,0.0,0.0,1.0,0.95,False,-0.3,0.6499999999999999
highest_stage_posterior,development:402:FG+FW:strict_masking:0.75:0.00:0:highest_stage_posterior,strict_masking,pi_1,0.75,0.0,0.0,0.0,1.0,1.15,False,-0.5,0.6499999999999999
greedy_gain,development:402:FG+FW:strict_masking:0.75:0.00:0:greedy_gain,strict_masking,pi_1,0.75,0.0,0.0,0.0,0.0,0.0,True,0.6499999999999999,0.6499999999999999
end_to_end,development:402:FG+FW:strict_masking:0.75:0.00:0:end_to_end,strict_masking,pi_1,0.75,0.0,0.0,0.0,1.0,0.9999999999999999,False,-0.35,0.6499999999999999
oracle,development:402:FG+FW:strict_masking:0.75:0.00:0:oracle,strict_masking,pi_1,0.75,0.0,0.0,0.0,0.0,0.0,True,0.6499999999999999,0.6499999999999999
qrtc,development:402:FG+FW:strict_masking:0.75:0.05:0:qrtc,strict_masking,pi_1,0.75,0.05,0.0,0.0,0.0,0.0,True,0.6499999999999999,0.6499999999999999
random,development:402:FG+FW:strict_masking:0.75:0.05:0:random,strict_masking,pi_1,0.75,0.05,0.0,0.0,1.0,0.9999999999999999,False,-0.35,0.6499999999999999
cheapest_first,development:402:FG+FW:strict_masking:0.75:0.05:0:cheapest_first,strict_masking,pi_1,0.75,0.05,0.0,0.0,1.0,0.95,False,-0.3,0.6499999999999999
highest_stage_posterior,development:402:FG+FW:strict_masking:0.75:0.05:0:highest_stage_posterior,strict_masking,pi_1,0.75,0.05,0.0,0.0,1.0,1.15,False,-0.5,0.6499999999999999
greedy_gain,development:402:FG+FW:strict_masking:0.75:0.05:0:greedy_gain,strict_masking,pi_1,0.75,0.05,0.0,0.0,0.0,0.0,True,0.6499999999999999,0.6499999999999999
end_to_end,development:402:FG+FW:strict_masking:0.75:0.05:0:end_to_end,strict_masking,pi_1,0.75,0.05,0.0,0.0,1.0,0.9999999999999999,False,-0.35,0.6499999999999999
oracle,development:402:FG+FW:strict_masking:0.75:0.05:0:oracle,strict_masking,pi_1,0.75,0.05,0.0,0.0,0.0,0.0,True,0.6499999999999999,0.6499999999999999
qrtc,development:402:FG+FW:strict_masking:0.75:0.10:0:qrtc,strict_masking,pi_1,0.75,0.1,0.0,0.0,0.0,0.0,True,0.6499999999999999,0.6499999999999999
random,development:402:FG+FW:strict_masking:0.75:0.10:0:random,strict_masking,pi_1,0.75,0.1,0.0,0.0,1.0,0.9999999999999999,False,-0.35,0.6499999999999999
cheapest_first,development:402:FG+FW:strict_masking:0.75:0.10:0:cheapest_first,strict_masking,pi_1,0.75,0.1,0.0,0.0,1.0,0.95,False,-0.3,0.6499999999999999
highest_stage_posterior,development:402:FG+FW:strict_masking:0.75:0.10:0:highest_stage_posterior,strict_masking,pi_1,0.75,0.1,0.0,0.0,1.0,1.15,False,-0.5,0.6499999999999999
greedy_gain,development:402:FG+FW:strict_masking:0.75:0.10:0:greedy_gain,strict_masking,pi_1,0.75,0.1,0.0,0.0,0.0,0.0,True,0.6499999999999999,0.6499999999999999
end_to_end,development:402:FG+FW:strict_masking:0.75:0.10:0:end_to_end,strict_masking,pi_1,0.75,0.1,0.0,0.0,1.0,0.9999999999999999,False,-0.35,0.6499999999999999
oracle,development:402:FG+FW:strict_masking:0.75:0.10:0:oracle,strict_masking,pi_1,0.75,0.1,0.0,0.0,0.0,0.0,True,0.6499999999999999,0.6499999999999999
qrtc,development:402:FG+FW:strict_masking:0.75:0.20:0:qrtc,strict_masking,pi_1,0.75,0.2,0.0,0.0,0.0,0.0,True,0.6499999999999999,0.6499999999999999
random,development:402:FG+FW:strict_masking:0.75:0.20:0:random,strict_masking,pi_1,0.75,0.2,0.0,0.0,1.0,0.95,False,-0.3,0.6499999999999999
cheapest_first,development:402:FG+FW:strict_masking:0.75:0.20:0:cheapest_first,strict_masking,pi_1,0.75,0.2,0.0,0.0,1.0,0.95,False,-0.3,0.6499999999999999
highest_stage_posterior,development:402:FG+FW:strict_masking:0.75:0.20:0:highest_stage_posterior,strict_masking,pi_1,0.75,0.2,0.0,0.0,1.0,1.15,False,-0.5,0.6499999999999999
greedy_gain,development:402:FG+FW:strict_masking:0.75:0.20:0:greedy_gain,strict_masking,pi_1,0.75,0.2,0.0,0.0,0.0,0.0,True,0.6499999999999999,0.6499999999999999
end_to_end,development:402:FG+FW:strict_masking:0.75:0.20:0:end_to_end,strict_masking,pi_1,0.75,0.2,0.0,0.0,1.0,0.9999999999999999,False,-0.35,0.6499999999999999
oracle,development:402:FG+FW:strict_masking:0.75:0.20:0:oracle,strict_masking,pi_1,0.75,0.2,0.0,0.0,0.0,0.0,True,0.6499999999999999,0.6499999999999999
qrtc,development:402:FG+FW:strict_masking:1.00:0.00:0:qrtc,strict_masking,pi_1,1.0,0.0,0.0,0.0,0.0,0.0,True,0.6499999999999999,0.6499999999999999
random,development:402:FG+FW:strict_masking:1.00:0.00:0:random,strict_masking,pi_1,1.0,0.0,0.0,0.0,1.0,1.0499999999999998,False,-0.4,0.6499999999999999
cheapest_first,development:402:FG+FW:strict_masking:1.00:0.00:0:cheapest_first,strict_masking,pi_1,1.0,0.0,0.0,0.0,1.0,0.95,False,-0.3,0.6499999999999999
highest_stage_posterior,development:402:FG+FW:strict_masking:1.00:0.00:0:highest_stage_posterior,strict_masking,pi_1,1.0,0.0,0.0,0.0,1.0,1.15,False,-0.5,0.6499999999999999
greedy_gain,development:402:FG+FW:strict_masking:1.00:0.00:0:greedy_gain,strict_masking,pi_1,1.0,0.0,0.0,0.0,0.0,0.0,True,0.6499999999999999,0.6499999999999999
end_to_end,development:402:FG+FW:strict_masking:1.00:0.00:0:end_to_end,strict_masking,pi_1,1.0,0.0,0.0,0.0,1.0,0.9999999999999999,False,-0.35,0.6499999999999999
oracle,development:402:FG+FW:strict_masking:1.00:0.00:0:oracle,strict_masking,pi_1,1.0,0.0,0.0,0.0,0.0,0.0,True,0.6499999999999999,0.6499999999999999
qrtc,development:402:FG+FW:strict_masking:1.00:0.05:0:qrtc,strict_masking,pi_1,1.0,0.05,0.0,0.0,0.0,0.0,True,0.6499999999999999,0.6499999999999999
random,development:402:FG+FW:strict_masking:1.00:0.05:0:random,strict_masking,pi_1,1.0,0.05,0.0,0.0,1.0,1.15,False,-0.5,0.6499999999999999
cheapest_first,development:402:FG+FW:strict_masking:1.00:0.05:0:cheapest_first,strict_masking,pi_1,1.0,0.05,0.0,0.0,1.0,0.95,False,-0.3,0.6499999999999999
highest_stage_posterior,development:402:FG+FW:strict_masking:1.00:0.05:0:highest_stage_posterior,strict_masking,pi_1,1.0,0.05,0.0,0.0,1.0,1.15,False,-0.5,0.6499999999999999
greedy_gain,development:402:FG+FW:strict_masking:1.00:0.05:0:greedy_gain,strict_masking,pi_1,1.0,0.05,0.0,0.0,0.0,0.0,True,0.6499999999999999,0.6499999999999999
end_to_end,development:402:FG+FW:strict_masking:1.00:0.05:0:end_to_end,strict_masking,pi_1,1.0,0.05,0.0,0.0,1.0,0.9999999999999999,False,-0.35,0.6499999999999999
oracle,development:402:FG+FW:strict_masking:1.00:0.05:0:oracle,strict_masking,pi_1,1.0,0.05,0.0,0.0,0.0,0.0,True,0.6499999999999999,0.6499999999999999
qrtc,development:402:FG+FW:strict_masking:1.00:0.10:0:qrtc,strict_masking,pi_1,1.0,0.1,0.0,0.0,0.0,0.0,True,0.6499999999999999,0.6499999999999999
random,development:402:FG+FW:strict_masking:1.00:0.10:0:random,strict_masking,pi_1,1.0,0.1,0.0,0.0,1.0,0.9999999999999999,False,-0.35,0.6499999999999999
cheapest_first,development:402:FG+FW:strict_masking:1.00:0.10:0:cheapest_first,strict_masking,pi_1,1.0,0.1,0.0,0.0,1.0,0.95,False,-0.3,0.6499999999999999
highest_stage_posterior,development:402:FG+FW:strict_masking:1.00:0.10:0:highest_stage_posterior,strict_masking,pi_1,1.0,0.1,0.0,0.0,1.0,1.15,False,-0.5,0.6499999999999999
greedy_gain,development:402:FG+FW:strict_masking:1.00:0.10:0:greedy_gain,strict_masking,pi_1,1.0,0.1,0.0,0.0,0.0,0.0,True,0.6499999999999999,0.6499999999999999
end_to_end,development:402:FG+FW:strict_masking:1.00:0.10:0:end_to_end,strict_masking,pi_1,1.0,0.1,0.0,0.0,1.0,0.9999999999999999,False,-0.35,0.6499999999999999
oracle,development:402:FG+FW:strict_masking:1.00:0.10:0:oracle,strict_masking,pi_1,1.0,0.1,0.0,0.0,0.0,0.0,True,0.6499999999999999,0.6499999999999999
qrtc,development:402:FG+FW:strict_masking:1.00:0.20:0:qrtc,strict_masking,pi_1,1.0,0.2,0.0,0.0,0.0,0.0,True,0.6499999999999999,0.6499999999999999
random,development:402:FG+FW:strict_masking:1.00:0.20:0:random,strict_masking,pi_1,1.0,0.2,0.0,0.0,1.0,0.95,False,-0.3,0.6499999999999999
cheapest_first,development:402:FG+FW:strict_masking:1.00:0.20:0:cheapest_first,strict_masking,pi_1,1.0,0.2,0.0,0.0,1.0,0.95,False,-0.3,0.6499999999999999
highest_stage_posterior,development:402:FG+FW:strict_masking:1.00:0.20:0:highest_stage_posterior,strict_masking,pi_1,1.0,0.2,0.0,0.0,1.0,1.15,False,-0.5,0.6499999999999999
greedy_gain,development:402:FG+FW:strict_masking:1.00:0.20:0:greedy_gain,strict_masking,pi_1,1.0,0.2,0.0,0.0,0.0,0.0,True,0.6499999999999999,0.6499999999999999
end_to_end,development:402:FG+FW:strict_masking:1.00:0.20:0:end_to_end,strict_masking,pi_1,1.0,0.2,0.0,0.0,1.0,0.9999999999999999,False,-0.35,0.6499999999999999
oracle,development:402:FG+FW:strict_masking:1.00:0.20:0:oracle,strict_masking,pi_1,1.0,0.2,0.0,0.0,0.0,0.0,True,0.6499999999999999,0.6499999999999999
qrtc,development:402:FG+FW:soft_masking:0.25:0.00:0:qrtc,soft_masking,pi_1,0.25,0.0,0.0,0.0,0.0,0.2500000000000001,True,0.6499999999999999,0.9
random,development:402:FG+FW:soft_masking:0.25:0.00:0:random,soft_masking,pi_1,0.25,0.0,0.0,0.0,1.0,1.35,False,-0.45,0.9
cheapest_first,development:402:FG+FW:soft_masking:0.25:0.00:0:cheapest_first,soft_masking,pi_1,0.25,0.0,0.0,0.0,1.0,1.2,False,-0.3,0.9
highest_stage_posterior,development:402:FG+FW:soft_masking:0.25:0.00:0:highest_stage_posterior,soft_masking,pi_1,0.25,0.0,0.0,0.0,0.0,0.15000000000000002,True,0.75,0.9
greedy_gain,development:402:FG+FW:soft_masking:0.25:0.00:0:greedy_gain,soft_masking,pi_1,0.25,0.0,0.0,0.0,0.0,0.15000000000000002,True,0.75,0.9
end_to_end,development:402:FG+FW:soft_masking:0.25:0.00:0:end_to_end,soft_masking,pi_1,0.25,0.0,0.0,0.0,0.0,0.15000000000000002,True,0.75,0.9
oracle,development:402:FG+FW:soft_masking:0.25:0.00:0:oracle,soft_masking,pi_1,0.25,0.0,0.0,0.0,0.0,0.0,True,0.9,0.9
qrtc,development:402:FG+FW:soft_masking:0.25:0.05:0:qrtc,soft_masking,pi_1,0.25,0.05,0.0,0.0,0.0,0.2500000000000001,True,0.6499999999999999,0.9
random,development:402:FG+FW:soft_masking:0.25:0.05:0:random,soft_masking,pi_1,0.25,0.05,0.0,0.0,1.0,1.3,False,-0.4,0.9
cheapest_first,development:402:FG+FW:soft_masking:0.25:0.05:0:cheapest_first,soft_masking,pi_1,0.25,0.05,0.0,0.0,1.0,1.2,False,-0.3,0.9
highest_stage_posterior,development:402:FG+FW:soft_masking:0.25:0.05:0:highest_stage_posterior,soft_masking,pi_1,0.25,0.05,0.0,0.0,0.0,0.15000000000000002,True,0.75,0.9
greedy_gain,development:402:FG+FW:soft_masking:0.25:0.05:0:greedy_gain,soft_masking,pi_1,0.25,0.05,0.0,0.0,0.0,0.15000000000000002,True,0.75,0.9
end_to_end,development:402:FG+FW:soft_masking:0.25:0.05:0:end_to_end,soft_masking,pi_1,0.25,0.05,0.0,0.0,0.0,0.15000000000000002,True,0.75,0.9
oracle,development:402:FG+FW:soft_masking:0.25:0.05:0:oracle,soft_masking,pi_1,0.25,0.05,0.0,0.0,0.0,0.0,True,0.9,0.9
qrtc,development:402:FG+FW:soft_masking:0.25:0.10:0:qrtc,soft_masking,pi_1,0.25,0.1,0.0,0.0,0.0,0.2500000000000001,True,0.6499999999999999,0.9
random,development:402:FG+FW:soft_masking:0.25:0.10:0:random,soft_masking,pi_1,0.25,0.1,0.0,0.0,0.0,0.0,True,0.9,0.9
cheapest_first,development:402:FG+FW:soft_masking:0.25:0.10:0:cheapest_first,soft_masking,pi_1,0.25,0.1,0.0,0.0,1.0,1.2,False,-0.3,0.9
highest_stage_posterior,development:402:FG+FW:soft_masking:0.25:0.10:0:highest_stage_posterior,soft_masking,pi_1,0.25,0.1,0.0,0.0,0.0,0.15000000000000002,True,0.75,0.9
greedy_gain,development:402:FG+FW:soft_masking:0.25:0.10:0:greedy_gain,soft_masking,pi_1,0.25,0.1,0.0,0.0,0.0,0.15000000000000002,True,0.75,0.9
end_to_end,development:402:FG+FW:soft_masking:0.25:0.10:0:end_to_end,soft_masking,pi_1,0.25,0.1,0.0,0.0,0.0,0.15000000000000002,True,0.75,0.9
oracle,development:402:FG+FW:soft_masking:0.25:0.10:0:oracle,soft_masking,pi_1,0.25,0.1,0.0,0.0,0.0,0.0,True,0.9,0.9
qrtc,development:402:FG+FW:soft_masking:0.25:0.20:0:qrtc,soft_masking,pi_1,0.25,0.2,0.0,0.0,0.0,0.2500000000000001,True,0.6499999999999999,0.9
random,development:402:FG+FW:soft_masking:0.25:0.20:0:random,soft_masking,pi_1,0.25,0.2,0.0,0.0,1.0,1.35,False,-0.45,0.9
cheapest_first,development:402:FG+FW:soft_masking:0.25:0.20:0:cheapest_first,soft_masking,pi_1,0.25,0.2,0.0,0.0,1.0,1.2,False,-0.3,0.9
highest_stage_posterior,development:402:FG+FW:soft_masking:0.25:0.20:0:highest_stage_posterior,soft_masking,pi_1,0.25,0.2,0.0,0.0,0.0,0.15000000000000002,True,0.75,0.9
greedy_gain,development:402:FG+FW:soft_masking:0.25:0.20:0:greedy_gain,soft_masking,pi_1,0.25,0.2,0.0,0.0,0.0,0.15000000000000002,True,0.75,0.9
end_to_end,development:402:FG+FW:soft_masking:0.25:0.20:0:end_to_end,soft_masking,pi_1,0.25,0.2,0.0,0.0,0.0,0.15000000000000002,True,0.75,0.9
oracle,development:402:FG+FW:soft_masking:0.25:0.20:0:oracle,soft_masking,pi_1,0.25,0.2,0.0,0.0,0.0,0.0,True,0.9,0.9
qrtc,development:402:FG+FW:soft_masking:0.50:0.00:0:qrtc,soft_masking,pi_1,0.5,0.0,0.0,0.0,0.0,0.2500000000000001,True,0.6499999999999999,0.9
random,development:402:FG+FW:soft_masking:0.50:0.00:0:random,soft_masking,pi_1,0.5,0.0,0.0,0.0,1.0,1.35,False,-0.45,0.9
cheapest_first,development:402:FG+FW:soft_masking:0.50:0.00:0:cheapest_first,soft_masking,pi_1,0.5,0.0,0.0,0.0,1.0,1.2,False,-0.3,0.9
highest_stage_posterior,development:402:FG+FW:soft_masking:0.50:0.00:0:highest_stage_posterior,soft_masking,pi_1,0.5,0.0,0.0,0.0,0.0,0.15000000000000002,True,0.75,0.9
greedy_gain,development:402:FG+FW:soft_masking:0.50:0.00:0:greedy_gain,soft_masking,pi_1,0.5,0.0,0.0,0.0,0.0,0.15000000000000002,True,0.75,0.9
end_to_end,development:402:FG+FW:soft_masking:0.50:0.00:0:end_to_end,soft_masking,pi_1,0.5,0.0,0.0,0.0,0.0,0.15000000000000002,True,0.75,0.9
oracle,development:402:FG+FW:soft_masking:0.50:0.00:0:oracle,soft_masking,pi_1,0.5,0.0,0.0,0.0,0.0,0.0,True,0.9,0.9
qrtc,development:402:FG+FW:soft_masking:0.50:0.05:0:qrtc,soft_masking,pi_1,0.5,0.05,0.0,0.0,0.0,0.2500000000000001,True,0.6499999999999999,0.9
random,development:402:FG+FW:soft_masking:0.50:0.05:0:random,soft_masking,pi_1,0.5,0.05,0.0,0.0,1.0,1.3,False,-0.4,0.9
cheapest_first,development:402:FG+FW:soft_masking:0.50:0.05:0:cheapest_first,soft_masking,pi_1,0.5,0.05,0.0,0.0,1.0,1.2,False,-0.3,0.9
highest_stage_posterior,development:402:FG+FW:soft_masking:0.50:0.05:0:highest_stage_posterior,soft_masking,pi_1,0.5,0.05,0.0,0.0,0.0,0.15000000000000002,True,0.75,0.9
greedy_gain,development:402:FG+FW:soft_masking:0.50:0.05:0:greedy_gain,soft_masking,pi_1,0.5,0.05,0.0,0.0,0.0,0.15000000000000002,True,0.75,0.9
end_to_end,development:402:FG+FW:soft_masking:0.50:0.05:0:end_to_end,soft_masking,pi_1,0.5,0.05,0.0,0.0,0.0,0.15000000000000002,True,0.75,0.9
oracle,development:402:FG+FW:soft_masking:0.50:0.05:0:oracle,soft_masking,pi_1,0.5,0.05,0.0,0.0,0.0,0.0,True,0.9,0.9
qrtc,development:402:FG+FW:soft_masking:0.50:0.10:0:qrtc,soft_masking,pi_1,0.5,0.1,0.0,0.0,0.0,0.2500000000000001,True,0.6499999999999999,0.9
random,development:402:FG+FW:soft_masking:0.50:0.10:0:random,soft_masking,pi_1,0.5,0.1,0.0,0.0,0.0,0.15000000000000002,True,0.75,0.9
cheapest_first,development:402:FG+FW:soft_masking:0.50:0.10:0:cheapest_first,soft_masking,pi_1,0.5,0.1,0.0,0.0,1.0,1.2,False,-0.3,0.9
highest_stage_posterior,development:402:FG+FW:soft_masking:0.50:0.10:0:highest_stage_posterior,soft_masking,pi_1,0.5,0.1,0.0,0.0,0.0,0.15000000000000002,True,0.75,0.9
greedy_gain,development:402:FG+FW:soft_masking:0.50:0.10:0:greedy_gain,soft_masking,pi_1,0.5,0.1,0.0,0.0,0.0,0.15000000000000002,True,0.75,0.9
end_to_end,development:402:FG+FW:soft_masking:0.50:0.10:0:end_to_end,soft_masking,pi_1,0.5,0.1,0.0,0.0,0.0,0.15000000000000002,True,0.75,0.9
oracle,development:402:FG+FW:soft_masking:0.50:0.10:0:oracle,soft_masking,pi_1,0.5,0.1,0.0,0.0,0.0,0.0,True,0.9,0.9
qrtc,development:402:FG+FW:soft_masking:0.50:0.20:0:qrtc,soft_masking,pi_1,0.5,0.2,0.0,0.0,0.0,0.2500000000000001,True,0.6499999999999999,0.9
random,development:402:FG+FW:soft_masking:0.50:0.20:0:random,soft_masking,pi_1,0.5,0.2,0.0,0.0,1.0,1.35,False,-0.45,0.9
cheapest_first,development:402:FG+FW:soft_masking:0.50:0.20:0:cheapest_first,soft_masking,pi_1,0.5,0.2,0.0,0.0,1.0,1.2,False,-0.3,0.9
highest_stage_posterior,development:402:FG+FW:soft_masking:0.50:0.20:0:highest_stage_posterior,soft_masking,pi_1,0.5,0.2,0.0,0.0,0.0,0.15000000000000002,True,0.75,0.9
greedy_gain,development:402:FG+FW:soft_masking:0.50:0.20:0:greedy_gain,soft_masking,pi_1,0.5,0.2,0.0,0.0,0.0,0.15000000000000002,True,0.75,0.9
end_to_end,development:402:FG+FW:soft_masking:0.50:0.20:0:end_to_end,soft_masking,pi_1,0.5,0.2,0.0,0.0,0.0,0.15000000000000002,True,0.75,0.9
oracle,development:402:FG+FW:soft_masking:0.50:0.20:0:oracle,soft_masking,pi_1,0.5,0.2,0.0,0.0,0.0,0.0,True,0.9,0.9
qrtc,development:402:FG+FW:soft_masking:0.75:0.00:0:qrtc,soft_masking,pi_1,0.75,0.0,0.0,0.0,0.0,0.2500000000000001,True,0.6499999999999999,0.9
random,development:402:FG+FW:soft_masking:0.75:0.00:0:random,soft_masking,pi_1,0.75,0.0,0.0,0.0,1.0,1.3,False,-0.4,0.9
cheapest_first,development:402:FG+FW:soft_masking:0.75:0.00:0:cheapest_first,soft_masking,pi_1,0.75,0.0,0.0,0.0,1.0,1.2,False,-0.3,0.9
highest_stage_posterior,development:402:FG+FW:soft_masking:0.75:0.00:0:highest_stage_posterior,soft_masking,pi_1,0.75,0.0,0.0,0.0,0.0,0.15000000000000002,True,0.75,0.9
greedy_gain,development:402:FG+FW:soft_masking:0.75:0.00:0:greedy_gain,soft_masking,pi_1,0.75,0.0,0.0,0.0,0.0,0.15000000000000002,True,0.75,0.9
end_to_end,development:402:FG+FW:soft_masking:0.75:0.00:0:end_to_end,soft_masking,pi_1,0.75,0.0,0.0,0.0,0.0,0.15000000000000002,True,0.75,0.9
oracle,development:402:FG+FW:soft_masking:0.75:0.00:0:oracle,soft_masking,pi_1,0.75,0.0,0.0,0.0,0.0,0.0,True,0.9,0.9
qrtc,development:402:FG+FW:soft_masking:0.75:0.05:0:qrtc,soft_masking,pi_1,0.75,0.05,0.0,0.0,0.0,0.2500000000000001,True,0.6499999999999999,0.9
random,development:402:FG+FW:soft_masking:0.75:0.05:0:random,soft_masking,pi_1,0.75,0.05,0.0,0.0,0.0,0.0,True,0.9,0.9
cheapest_first,development:402:FG+FW:soft_masking:0.75:0.05:0:cheapest_first,soft_masking,pi_1,0.75,0.05,0.0,0.0,1.0,1.2,False,-0.3,0.9
highest_stage_posterior,development:402:FG+FW:soft_masking:0.75:0.05:0:highest_stage_posterior,soft_masking,pi_1,0.75,0.05,0.0,0.0,0.0,0.15000000000000002,True,0.75,0.9
greedy_gain,development:402:FG+FW:soft_masking:0.75:0.05:0:greedy_gain,soft_masking,pi_1,0.75,0.05,0.0,0.0,0.0,0.15000000000000002,True,0.75,0.9
end_to_end,development:402:FG+FW:soft_masking:0.75:0.05:0:end_to_end,soft_masking,pi_1,0.75,0.05,0.0,0.0,0.0,0.15000000000000002,True,0.75,0.9
oracle,development:402:FG+FW:soft_masking:0.75:0.05:0:oracle,soft_masking,pi_1,0.75,0.05,0.0,0.0,0.0,0.0,True,0.9,0.9
qrtc,development:402:FG+FW:soft_masking:0.75:0.10:0:qrtc,soft_masking,pi_1,0.75,0.1,0.0,0.0,0.0,0.2500000000000001,True,0.6499999999999999,0.9
random,development:402:FG+FW:soft_masking:0.75:0.10:0:random,soft_masking,pi_1,0.75,0.1,0.0,0.0,0.0,0.0,True,0.9,0.9
cheapest_first,development:402:FG+FW:soft_masking:0.75:0.10:0:cheapest_first,soft_masking,pi_1,0.75,0.1,0.0,0.0,1.0,1.2,False,-0.3,0.9
highest_stage_posterior,development:402:FG+FW:soft_masking:0.75:0.10:0:highest_stage_posterior,soft_masking,pi_1,0.75,0.1,0.0,0.0,0.0,0.15000000000000002,True,0.75,0.9
greedy_gain,development:402:FG+FW:soft_masking:0.75:0.10:0:greedy_gain,soft_masking,pi_1,0.75,0.1,0.0,0.0,0.0,0.15000000000000002,True,0.75,0.9
end_to_end,development:402:FG+FW:soft_masking:0.75:0.10:0:end_to_end,soft_masking,pi_1,0.75,0.1,0.0,0.0,0.0,0.15000000000000002,True,0.75,0.9
oracle,development:402:FG+FW:soft_masking:0.75:0.10:0:oracle,soft_masking,pi_1,0.75,0.1,0.0,0.0,0.0,0.0,True,0.9,0.9
qrtc,development:402:FG+FW:soft_masking:0.75:0.20:0:qrtc,soft_masking,pi_1,0.75,0.2,0.0,0.0,0.0,0.2500000000000001,True,0.6499999999999999,0.9
random,development:402:FG+FW:soft_masking:0.75:0.20:0:random,soft_masking,pi_1,0.75,0.2,0.0,0.0,1.0,1.2,False,-0.3,0.9
cheapest_first,development:402:FG+FW:soft_masking:0.75:0.20:0:cheapest_first,soft_masking,pi_1,0.75,0.2,0.0,0.0,1.0,1.2,False,-0.3,0.9
highest_stage_posterior,development:402:FG+FW:soft_masking:0.75:0.20:0:highest_stage_posterior,soft_masking,pi_1,0.75,0.2,0.0,0.0,0.0,0.15000000000000002,True,0.75,0.9
greedy_gain,development:402:FG+FW:soft_masking:0.75:0.20:0:greedy_gain,soft_masking,pi_1,0.75,0.2,0.0,0.0,0.0,0.15000000000000002,True,0.75,0.9
end_to_end,development:402:FG+FW:soft_masking:0.75:0.20:0:end_to_end,soft_masking,pi_1,0.75,0.2,0.0,0.0,0.0,0.15000000000000002,True,0.75,0.9
oracle,development:402:FG+FW:soft_masking:0.75:0.20:0:oracle,soft_masking,pi_1,0.75,0.2,0.0,0.0,0.0,0.0,True,0.9,0.9
qrtc,development:402:FG+FW:soft_masking:1.00:0.00:0:qrtc,soft_masking,pi_1,1.0,0.0,0.0,0.0,0.0,0.2500000000000001,True,0.6499999999999999,0.9
random,development:402:FG+FW:soft_masking:1.00:0.00:0:random,soft_masking,pi_1,1.0,0.0,0.0,0.0,1.0,1.3,False,-0.4,0.9
cheapest_first,development:402:FG+FW:soft_masking:1.00:0.00:0:cheapest_first,soft_masking,pi_1,1.0,0.0,0.0,0.0,1.0,1.2,False,-0.3,0.9
highest_stage_posterior,development:402:FG+FW:soft_masking:1.00:0.00:0:highest_stage_posterior,soft_masking,pi_1,1.0,0.0,0.0,0.0,0.0,0.15000000000000002,True,0.75,0.9
greedy_gain,development:402:FG+FW:soft_masking:1.00:0.00:0:greedy_gain,soft_masking,pi_1,1.0,0.0,0.0,0.0,0.0,0.15000000000000002,True,0.75,0.9
end_to_end,development:402:FG+FW:soft_masking:1.00:0.00:0:end_to_end,soft_masking,pi_1,1.0,0.0,0.0,0.0,0.0,0.15000000000000002,True,0.75,0.9
oracle,development:402:FG+FW:soft_masking:1.00:0.00:0:oracle,soft_masking,pi_1,1.0,0.0,0.0,0.0,0.0,0.0,True,0.9,0.9
qrtc,development:402:FG+FW:soft_masking:1.00:0.05:0:qrtc,soft_masking,pi_1,1.0,0.05,0.0,0.0,0.0,0.2500000000000001,True,0.6499999999999999,0.9
random,development:402:FG+FW:soft_masking:1.00:0.05:0:random,soft_masking,pi_1,1.0,0.05,0.0,0.0,0.0,0.15000000000000002,True,0.75,0.9
cheapest_first,development:402:FG+FW:soft_masking:1.00:0.05:0:cheapest_first,soft_masking,pi_1,1.0,0.05,0.0,0.0,1.0,1.2,False,-0.3,0.9
highest_stage_posterior,development:402:FG+FW:soft_masking:1.00:0.05:0:highest_stage_posterior,soft_masking,pi_1,1.0,0.05,0.0,0.0,0.0,0.15000000000000002,True,0.75,0.9
greedy_gain,development:402:FG+FW:soft_masking:1.00:0.05:0:greedy_gain,soft_masking,pi_1,1.0,0.05,0.0,0.0,0.0,0.15000000000000002,True,0.75,0.9
end_to_end,development:402:FG+FW:soft_masking:1.00:0.05:0:end_to_end,soft_masking,pi_1,1.0,0.05,0.0,0.0,0.0,0.15000000000000002,True,0.75,0.9
oracle,development:402:FG+FW:soft_masking:1.00:0.05:0:oracle,soft_masking,pi_1,1.0,0.05,0.0,0.0,0.0,0.0,True,0.9,0.9
qrtc,development:402:FG+FW:soft_masking:1.00:0.10:0:qrtc,soft_masking,pi_1,1.0,0.1,0.0,0.0,0.0,0.2500000000000001,True,0.6499999999999999,0.9
random,development:402:FG+FW:soft_masking:1.00:0.10:0:random,soft_masking,pi_1,1.0,0.1,0.0,0.0,0.0,0.0,True,0.9,0.9
cheapest_first,development:402:FG+FW:soft_masking:1.00:0.10:0:cheapest_first,soft_masking,pi_1,1.0,0.1,0.0,0.0,1.0,1.2,False,-0.3,0.9
highest_stage_posterior,development:402:FG+FW:soft_masking:1.00:0.10:0:highest_stage_posterior,soft_masking,pi_1,1.0,0.1,0.0,0.0,0.0,0.15000000000000002,True,0.75,0.9
greedy_gain,development:402:FG+FW:soft_masking:1.00:0.10:0:greedy_gain,soft_masking,pi_1,1.0,0.1,0.0,0.0,0.0,0.15000000000000002,True,0.75,0.9
end_to_end,development:402:FG+FW:soft_masking:1.00:0.10:0:end_to_end,soft_masking,pi_1,1.0,0.1,0.0,0.0,0.0,0.15000000000000002,True,0.75,0.9
oracle,development:402:FG+FW:soft_masking:1.00:0.10:0:oracle,soft_masking,pi_1,1.0,0.1,0.0,0.0,0.0,0.0,True,0.9,0.9
qrtc,development:402:FG+FW:soft_masking:1.00:0.20:0:qrtc,soft_masking,pi_1,1.0,0.2,0.0,0.0,0.0,0.2500000000000001,True,0.6499999999999999,0.9
random,development:402:FG+FW:soft_masking:1.00:0.20:0:random,soft_masking,pi_1,1.0,0.2,0.0,0.0,1.0,1.2,False,-0.3,0.9
cheapest_first,development:402:FG+FW:soft_masking:1.00:0.20:0:cheapest_first,soft_masking,pi_1,1.0,0.2,0.0,0.0,1.0,1.2,False,-0.3,0.9
highest_stage_posterior,development:402:FG+FW:soft_masking:1.00:0.20:0:highest_stage_posterior,soft_masking,pi_1,1.0,0.2,0.0,0.0,0.0,0.15000000000000002,True,0.75,0.9
greedy_gain,development:402:FG+FW:soft_masking:1.00:0.20:0:greedy_gain,soft_masking,pi_1,1.0,0.2,0.0,0.0,0.0,0.15000000000000002,True,0.75,0.9
end_to_end,development:402:FG+FW:soft_masking:1.00:0.20:0:end_to_end,soft_masking,pi_1,1.0,0.2,0.0,0.0,0.0,0.15000000000000002,True,0.75,0.9
oracle,development:402:FG+FW:soft_masking:1.00:0.20:0:oracle,soft_masking,pi_1,1.0,0.2,0.0,0.0,0.0,0.0,True,0.9,0.9
qrtc,development:402:FG+FW:independent:0.25:0.00:0:qrtc,independent,pi_1,0.25,0.0,0.0,0.0,0.0,0.15000000000000002,True,0.75,0.9
random,development:402:FG+FW:independent:0.25:0.00:0:random,independent,pi_1,0.25,0.0,0.0,0.0,1.0,1.35,False,-0.45,0.9
cheapest_first,development:402:FG+FW:independent:0.25:0.00:0:cheapest_first,independent,pi_1,0.25,0.0,0.0,0.0,1.0,1.2,False,-0.3,0.9
highest_stage_posterior,development:402:FG+FW:independent:0.25:0.00:0:highest_stage_posterior,independent,pi_1,0.25,0.0,0.0,0.0,0.0,0.15000000000000002,True,0.75,0.9
greedy_gain,development:402:FG+FW:independent:0.25:0.00:0:greedy_gain,independent,pi_1,0.25,0.0,0.0,0.0,0.0,0.15000000000000002,True,0.75,0.9
end_to_end,development:402:FG+FW:independent:0.25:0.00:0:end_to_end,independent,pi_1,0.25,0.0,0.0,0.0,0.0,0.15000000000000002,True,0.75,0.9
oracle,development:402:FG+FW:independent:0.25:0.00:0:oracle,independent,pi_1,0.25,0.0,0.0,0.0,0.0,0.0,True,0.9,0.9
qrtc,development:402:FG+FW:independent:0.25:0.05:0:qrtc,independent,pi_1,0.25,0.05,0.0,0.0,0.0,0.15000000000000002,True,0.75,0.9
random,development:402:FG+FW:independent:0.25:0.05:0:random,independent,pi_1,0.25,0.05,0.0,0.0,1.0,1.3,False,-0.4,0.9
cheapest_first,development:402:FG+FW:independent:0.25:0.05:0:cheapest_first,independent,pi_1,0.25,0.05,0.0,0.0,1.0,1.2,False,-0.3,0.9
highest_stage_posterior,development:402:FG+FW:independent:0.25:0.05:0:highest_stage_posterior,independent,pi_1,0.25,0.05,0.0,0.0,0.0,0.15000000000000002,True,0.75,0.9
greedy_gain,development:402:FG+FW:independent:0.25:0.05:0:greedy_gain,independent,pi_1,0.25,0.05,0.0,0.0,0.0,0.15000000000000002,True,0.75,0.9
end_to_end,development:402:FG+FW:independent:0.25:0.05:0:end_to_end,independent,pi_1,0.25,0.05,0.0,0.0,0.0,0.15000000000000002,True,0.75,0.9
oracle,development:402:FG+FW:independent:0.25:0.05:0:oracle,independent,pi_1,0.25,0.05,0.0,0.0,0.0,0.0,True,0.9,0.9
qrtc,development:402:FG+FW:independent:0.25:0.10:0:qrtc,independent,pi_1,0.25,0.1,0.0,0.0,0.0,0.15000000000000002,True,0.75,0.9
random,development:402:FG+FW:independent:0.25:0.10:0:random,independent,pi_1,0.25,0.1,0.0,0.0,0.0,0.0,True,0.9,0.9
cheapest_first,development:402:FG+FW:independent:0.25:0.10:0:cheapest_first,independent,pi_1,0.25,0.1,0.0,0.0,1.0,1.2,False,-0.3,0.9
highest_stage_posterior,development:402:FG+FW:independent:0.25:0.10:0:highest_stage_posterior,independent,pi_1,0.25,0.1,0.0,0.0,0.0,0.15000000000000002,True,0.75,0.9
greedy_gain,development:402:FG+FW:independent:0.25:0.10:0:greedy_gain,independent,pi_1,0.25,0.1,0.0,0.0,0.0,0.15000000000000002,True,0.75,0.9
end_to_end,development:402:FG+FW:independent:0.25:0.10:0:end_to_end,independent,pi_1,0.25,0.1,0.0,0.0,0.0,0.15000000000000002,True,0.75,0.9
oracle,development:402:FG+FW:independent:0.25:0.10:0:oracle,independent,pi_1,0.25,0.1,0.0,0.0,0.0,0.0,True,0.9,0.9
qrtc,development:402:FG+FW:independent:0.25:0.20:0:qrtc,independent,pi_1,0.25,0.2,0.0,0.0,0.0,0.15000000000000002,True,0.75,0.9
random,development:402:FG+FW:independent:0.25:0.20:0:random,independent,pi_1,0.25,0.2,0.0,0.0,1.0,1.35,False,-0.45,0.9
cheapest_first,development:402:FG+FW:independent:0.25:0.20:0:cheapest_first,independent,pi_1,0.25,0.2,0.0,0.0,1.0,1.2,False,-0.3,0.9
highest_stage_posterior,development:402:FG+FW:independent:0.25:0.20:0:highest_stage_posterior,independent,pi_1,0.25,0.2,0.0,0.0,0.0,0.15000000000000002,True,0.75,0.9
greedy_gain,development:402:FG+FW:independent:0.25:0.20:0:greedy_gain,independent,pi_1,0.25,0.2,0.0,0.0,0.0,0.15000000000000002,True,0.75,0.9
end_to_end,development:402:FG+FW:independent:0.25:0.20:0:end_to_end,independent,pi_1,0.25,0.2,0.0,0.0,0.0,0.15000000000000002,True,0.75,0.9
oracle,development:402:FG+FW:independent:0.25:0.20:0:oracle,independent,pi_1,0.25,0.2,0.0,0.0,0.0,0.0,True,0.9,0.9
qrtc,development:402:FG+FW:independent:0.50:0.00:0:qrtc,independent,pi_1,0.5,0.0,0.0,0.0,0.0,0.15000000000000002,True,0.75,0.9
random,development:402:FG+FW:independent:0.50:0.00:0:random,independent,pi_1,0.5,0.0,0.0,0.0,1.0,1.35,False,-0.45,0.9
cheapest_first,development:402:FG+FW:independent:0.50:0.00:0:cheapest_first,independent,pi_1,0.5,0.0,0.0,0.0,1.0,1.2,False,-0.3,0.9
highest_stage_posterior,development:402:FG+FW:independent:0.50:0.00:0:highest_stage_posterior,independent,pi_1,0.5,0.0,0.0,0.0,0.0,0.15000000000000002,True,0.75,0.9
greedy_gain,development:402:FG+FW:independent:0.50:0.00:0:greedy_gain,independent,pi_1,0.5,0.0,0.0,0.0,0.0,0.15000000000000002,True,0.75,0.9
end_to_end,development:402:FG+FW:independent:0.50:0.00:0:end_to_end,independent,pi_1,0.5,0.0,0.0,0.0,0.0,0.15000000000000002,True,0.75,0.9
oracle,development:402:FG+FW:independent:0.50:0.00:0:oracle,independent,pi_1,0.5,0.0,0.0,0.0,0.0,0.0,True,0.9,0.9
qrtc,development:402:FG+FW:independent:0.50:0.05:0:qrtc,independent,pi_1,0.5,0.05,0.0,0.0,0.0,0.15000000000000002,True,0.75,0.9
random,development:402:FG+FW:independent:0.50:0.05:0:random,independent,pi_1,0.5,0.05,0.0,0.0,1.0,1.3,False,-0.4,0.9
cheapest_first,development:402:FG+FW:independent:0.50:0.05:0:cheapest_first,independent,pi_1,0.5,0.05,0.0,0.0,1.0,1.2,False,-0.3,0.9
highest_stage_posterior,development:402:FG+FW:independent:0.50:0.05:0:highest_stage_posterior,independent,pi_1,0.5,0.05,0.0,0.0,0.0,0.15000000000000002,True,0.75,0.9
greedy_gain,development:402:FG+FW:independent:0.50:0.05:0:greedy_gain,independent,pi_1,0.5,0.05,0.0,0.0,0.0,0.15000000000000002,True,0.75,0.9
end_to_end,development:402:FG+FW:independent:0.50:0.05:0:end_to_end,independent,pi_1,0.5,0.05,0.0,0.0,0.0,0.15000000000000002,True,0.75,0.9
oracle,development:402:FG+FW:independent:0.50:0.05:0:oracle,independent,pi_1,0.5,0.05,0.0,0.0,0.0,0.0,True,0.9,0.9
qrtc,development:402:FG+FW:independent:0.50:0.10:0:qrtc,independent,pi_1,0.5,0.1,0.0,0.0,0.0,0.15000000000000002,True,0.75,0.9
random,development:402:FG+FW:independent:0.50:0.10:0:random,independent,pi_1,0.5,0.1,0.0,0.0,0.0,0.15000000000000002,True,0.75,0.9
cheapest_first,development:402:FG+FW:independent:0.50:0.10:0:cheapest_first,independent,pi_1,0.5,0.1,0.0,0.0,1.0,1.2,False,-0.3,0.9
highest_stage_posterior,development:402:FG+FW:independent:0.50:0.10:0:highest_stage_posterior,independent,pi_1,0.5,0.1,0.0,0.0,0.0,0.15000000000000002,True,0.75,0.9
greedy_gain,development:402:FG+FW:independent:0.50:0.10:0:greedy_gain,independent,pi_1,0.5,0.1,0.0,0.0,0.0,0.15000000000000002,True,0.75,0.9
end_to_end,development:402:FG+FW:independent:0.50:0.10:0:end_to_end,independent,pi_1,0.5,0.1,0.0,0.0,0.0,0.15000000000000002,True,0.75,0.9
oracle,development:402:FG+FW:independent:0.50:0.10:0:oracle,independent,pi_1,0.5,0.1,0.0,0.0,0.0,0.0,True,0.9,0.9
qrtc,development:402:FG+FW:independent:0.50:0.20:0:qrtc,independent,pi_1,0.5,0.2,0.0,0.0,0.0,0.15000000000000002,True,0.75,0.9
random,development:402:FG+FW:independent:0.50:0.20:0:random,independent,pi_1,0.5,0.2,0.0,0.0,1.0,1.35,False,-0.45,0.9
cheapest_first,development:402:FG+FW:independent:0.50:0.20:0:cheapest_first,independent,pi_1,0.5,0.2,0.0,0.0,1.0,1.2,False,-0.3,0.9
highest_stage_posterior,development:402:FG+FW:independent:0.50:0.20:0:highest_stage_posterior,independent,pi_1,0.5,0.2,0.0,0.0,0.0,0.15000000000000002,True,0.75,0.9
greedy_gain,development:402:FG+FW:independent:0.50:0.20:0:greedy_gain,independent,pi_1,0.5,0.2,0.0,0.0,0.0,0.15000000000000002,True,0.75,0.9
end_to_end,development:402:FG+FW:independent:0.50:0.20:0:end_to_end,independent,pi_1,0.5,0.2,0.0,0.0,0.0,0.15000000000000002,True,0.75,0.9
oracle,development:402:FG+FW:independent:0.50:0.20:0:oracle,independent,pi_1,0.5,0.2,0.0,0.0,0.0,0.0,True,0.9,0.9
qrtc,development:402:FG+FW:independent:0.75:0.00:0:qrtc,independent,pi_1,0.75,0.0,0.0,0.0,0.0,0.15000000000000002,True,0.75,0.9
random,development:402:FG+FW:independent:0.75:0.00:0:random,independent,pi_1,0.75,0.0,0.0,0.0,1.0,1.3,False,-0.4,0.9
cheapest_first,development:402:FG+FW:independent:0.75:0.00:0:cheapest_first,independent,pi_1,0.75,0.0,0.0,0.0,1.0,1.2,False,-0.3,0.9
highest_stage_posterior,development:402:FG+FW:independent:0.75:0.00:0:highest_stage_posterior,independent,pi_1,0.75,0.0,0.0,0.0,0.0,0.15000000000000002,True,0.75,0.9
greedy_gain,development:402:FG+FW:independent:0.75:0.00:0:greedy_gain,independent,pi_1,0.75,0.0,0.0,0.0,0.0,0.15000000000000002,True,0.75,0.9
end_to_end,development:402:FG+FW:independent:0.75:0.00:0:end_to_end,independent,pi_1,0.75,0.0,0.0,0.0,0.0,0.15000000000000002,True,0.75,0.9
oracle,development:402:FG+FW:independent:0.75:0.00:0:oracle,independent,pi_1,0.75,0.0,0.0,0.0,0.0,0.0,True,0.9,0.9
qrtc,development:402:FG+FW:independent:0.75:0.05:0:qrtc,independent,pi_1,0.75,0.05,0.0,0.0,0.0,0.15000000000000002,True,0.75,0.9
random,development:402:FG+FW:independent:0.75:0.05:0:random,independent,pi_1,0.75,0.05,0.0,0.0,0.0,0.0,True,0.9,0.9
cheapest_first,development:402:FG+FW:independent:0.75:0.05:0:cheapest_first,independent,pi_1,0.75,0.05,0.0,0.0,1.0,1.2,False,-0.3,0.9
highest_stage_posterior,development:402:FG+FW:independent:0.75:0.05:0:highest_stage_posterior,independent,pi_1,0.75,0.05,0.0,0.0,0.0,0.15000000000000002,True,0.75,0.9
greedy_gain,development:402:FG+FW:independent:0.75:0.05:0:greedy_gain,independent,pi_1,0.75,0.05,0.0,0.0,0.0,0.15000000000000002,True,0.75,0.9
end_to_end,development:402:FG+FW:independent:0.75:0.05:0:end_to_end,independent,pi_1,0.75,0.05,0.0,0.0,0.0,0.15000000000000002,True,0.75,0.9
oracle,development:402:FG+FW:independent:0.75:0.05:0:oracle,independent,pi_1,0.75,0.05,0.0,0.0,0.0,0.0,True,0.9,0.9
qrtc,development:402:FG+FW:independent:0.75:0.10:0:qrtc,independent,pi_1,0.75,0.1,0.0,0.0,0.0,0.15000000000000002,True,0.75,0.9
random,development:402:FG+FW:independent:0.75:0.10:0:random,independent,pi_1,0.75,0.1,0.0,0.0,0.0,0.0,True,0.9,0.9
cheapest_first,development:402:FG+FW:independent:0.75:0.10:0:cheapest_first,independent,pi_1,0.75,0.1,0.0,0.0,1.0,1.2,False,-0.3,0.9
highest_stage_posterior,development:402:FG+FW:independent:0.75:0.10:0:highest_stage_posterior,independent,pi_1,0.75,0.1,0.0,0.0,0.0,0.15000000000000002,True,0.75,0.9
greedy_gain,development:402:FG+FW:independent:0.75:0.10:0:greedy_gain,independent,pi_1,0.75,0.1,0.0,0.0,0.0,0.15000000000000002,True,0.75,0.9
end_to_end,development:402:FG+FW:independent:0.75:0.10:0:end_to_end,independent,pi_1,0.75,0.1,0.0,0.0,0.0,0.15000000000000002,True,0.75,0.9
oracle,development:402:FG+FW:independent:0.75:0.10:0:oracle,independent,pi_1,0.75,0.1,0.0,0.0,0.0,0.0,True,0.9,0.9
qrtc,development:402:FG+FW:independent:0.75:0.20:0:qrtc,independent,pi_1,0.75,0.2,0.0,0.0,0.0,0.15000000000000002,True,0.75,0.9
random,development:402:FG+FW:independent:0.75:0.20:0:random,independent,pi_1,0.75,0.2,0.0,0.0,1.0,1.2,False,-0.3,0.9
cheapest_first,development:402:FG+FW:independent:0.75:0.20:0:cheapest_first,independent,pi_1,0.75,0.2,0.0,0.0,1.0,1.2,False,-0.3,0.9
highest_stage_posterior,development:402:FG+FW:independent:0.75:0.20:0:highest_stage_posterior,independent,pi_1,0.75,0.2,0.0,0.0,0.0,0.15000000000000002,True,0.75,0.9
greedy_gain,development:402:FG+FW:independent:0.75:0.20:0:greedy_gain,independent,pi_1,0.75,0.2,0.0,0.0,0.0,0.15000000000000002,True,0.75,0.9
end_to_end,development:402:FG+FW:independent:0.75:0.20:0:end_to_end,independent,pi_1,0.75,0.2,0.0,0.0,0.0,0.15000000000000002,True,0.75,0.9
oracle,development:402:FG+FW:independent:0.75:0.20:0:oracle,independent,pi_1,0.75,0.2,0.0,0.0,0.0,0.0,True,0.9,0.9
qrtc,development:402:FG+FW:independent:1.00:0.00:0:qrtc,independent,pi_1,1.0,0.0,0.0,0.0,0.0,0.15000000000000002,True,0.75,0.9
random,development:402:FG+FW:independent:1.00:0.00:0:random,independent,pi_1,1.0,0.0,0.0,0.0,1.0,1.3,False,-0.4,0.9
cheapest_first,development:402:FG+FW:independent:1.00:0.00:0:cheapest_first,independent,pi_1,1.0,0.0,0.0,0.0,1.0,1.2,False,-0.3,0.9
highest_stage_posterior,development:402:FG+FW:independent:1.00:0.00:0:highest_stage_posterior,independent,pi_1,1.0,0.0,0.0,0.0,0.0,0.15000000000000002,True,0.75,0.9
greedy_gain,development:402:FG+FW:independent:1.00:0.00:0:greedy_gain,independent,pi_1,1.0,0.0,0.0,0.0,0.0,0.15000000000000002,True,0.75,0.9
end_to_end,development:402:FG+FW:independent:1.00:0.00:0:end_to_end,independent,pi_1,1.0,0.0,0.0,0.0,0.0,0.15000000000000002,True,0.75,0.9
oracle,development:402:FG+FW:independent:1.00:0.00:0:oracle,independent,pi_1,1.0,0.0,0.0,0.0,0.0,0.0,True,0.9,0.9
qrtc,development:402:FG+FW:independent:1.00:0.05:0:qrtc,independent,pi_1,1.0,0.05,0.0,0.0,0.0,0.15000000000000002,True,0.75,0.9
random,development:402:FG+FW:independent:1.00:0.05:0:random,independent,pi_1,1.0,0.05,0.0,0.0,0.0,0.15000000000000002,True,0.75,0.9
cheapest_first,development:402:FG+FW:independent:1.00:0.05:0:cheapest_first,independent,pi_1,1.0,0.05,0.0,0.0,1.0,1.2,False,-0.3,0.9
highest_stage_posterior,development:402:FG+FW:independent:1.00:0.05:0:highest_stage_posterior,independent,pi_1,1.0,0.05,0.0,0.0,0.0,0.15000000000000002,True,0.75,0.9
greedy_gain,development:402:FG+FW:independent:1.00:0.05:0:greedy_gain,independent,pi_1,1.0,0.05,0.0,0.0,0.0,0.15000000000000002,True,0.75,0.9
end_to_end,development:402:FG+FW:independent:1.00:0.05:0:end_to_end,independent,pi_1,1.0,0.05,0.0,0.0,0.0,0.15000000000000002,True,0.75,0.9
oracle,development:402:FG+FW:independent:1.00:0.05:0:oracle,independent,pi_1,1.0,0.05,0.0,0.0,0.0,0.0,True,0.9,0.9
qrtc,development:402:FG+FW:independent:1.00:0.10:0:qrtc,independent,pi_1,1.0,0.1,0.0,0.0,0.0,0.15000000000000002,True,0.75,0.9
random,development:402:FG+FW:independent:1.00:0.10:0:random,independent,pi_1,1.0,0.1,0.0,0.0,0.0,0.0,True,0.9,0.9
cheapest_first,development:402:FG+FW:independent:1.00:0.10:0:cheapest_first,independent,pi_1,1.0,0.1,0.0,0.0,1.0,1.2,False,-0.3,0.9
highest_stage_posterior,development:402:FG+FW:independent:1.00:0.10:0:highest_stage_posterior,independent,pi_1,1.0,0.1,0.0,0.0,0.0,0.15000000000000002,True,0.75,0.9
greedy_gain,development:402:FG+FW:independent:1.00:0.10:0:greedy_gain,independent,pi_1,1.0,0.1,0.0,0.0,0.0,0.15000000000000002,True,0.75,0.9
end_to_end,development:402:FG+FW:independent:1.00:0.10:0:end_to_end,independent,pi_1,1.0,0.1,0.0,0.0,0.0,0.15000000000000002,True,0.75,0.9
oracle,development:402:FG+FW:independent:1.00:0.10:0:oracle,independent,pi_1,1.0,0.1,0.0,0.0,0.0,0.0,True,0.9,0.9
qrtc,development:402:FG+FW:independent:1.00:0.20:0:qrtc,independent,pi_1,1.0,0.2,0.0,0.0,0.0,0.15000000000000002,True,0.75,0.9
random,development:402:FG+FW:independent:1.00:0.20:0:random,independent,pi_1,1.0,0.2,0.0,0.0,1.0,1.2,False,-0.3,0.9
cheapest_first,development:402:FG+FW:independent:1.00:0.20:0:cheapest_first,independent,pi_1,1.0,0.2,0.0,0.0,1.0,1.2,False,-0.3,0.9
highest_stage_posterior,development:402:FG+FW:independent:1.00:0.20:0:highest_stage_posterior,independent,pi_1,1.0,0.2,0.0,0.0,0.0,0.15000000000000002,True,0.75,0.9
greedy_gain,development:402:FG+FW:independent:1.00:0.20:0:greedy_gain,independent,pi_1,1.0,0.2,0.0,0.0,0.0,0.15000000000000002,True,0.75,0.9
end_to_end,development:402:FG+FW:independent:1.00:0.20:0:end_to_end,independent,pi_1,1.0,0.2,0.0,0.0,0.0,0.15000000000000002,True,0.75,0.9
oracle,development:402:FG+FW:independent:1.00:0.20:0:oracle,independent,pi_1,1.0,0.2,0.0,0.0,0.0,0.0,True,0.9,0.9
qrtc,development:402:FG+FW:synergistic:0.25:0.00:0:qrtc,synergistic,pi_1,0.25,0.0,0.0,0.0,0.0,0.15000000000000002,True,0.75,0.9
random,development:402:FG+FW:synergistic:0.25:0.00:0:random,synergistic,pi_1,0.25,0.0,0.0,0.0,1.0,1.35,False,-0.45,0.9
cheapest_first,development:402:FG+FW:synergistic:0.25:0.00:0:cheapest_first,synergistic,pi_1,0.25,0.0,0.0,0.0,1.0,1.2,False,-0.3,0.9
highest_stage_posterior,development:402:FG+FW:synergistic:0.25:0.00:0:highest_stage_posterior,synergistic,pi_1,0.25,0.0,0.0,0.0,0.0,0.15000000000000002,True,0.75,0.9
greedy_gain,development:402:FG+FW:synergistic:0.25:0.00:0:greedy_gain,synergistic,pi_1,0.25,0.0,0.0,0.0,0.0,0.15000000000000002,True,0.75,0.9
end_to_end,development:402:FG+FW:synergistic:0.25:0.00:0:end_to_end,synergistic,pi_1,0.25,0.0,0.0,0.0,0.0,0.15000000000000002,True,0.75,0.9
oracle,development:402:FG+FW:synergistic:0.25:0.00:0:oracle,synergistic,pi_1,0.25,0.0,0.0,0.0,0.0,0.0,True,0.9,0.9
qrtc,development:402:FG+FW:synergistic:0.25:0.05:0:qrtc,synergistic,pi_1,0.25,0.05,0.0,0.0,0.0,0.15000000000000002,True,0.75,0.9
random,development:402:FG+FW:synergistic:0.25:0.05:0:random,synergistic,pi_1,0.25,0.05,0.0,0.0,1.0,1.3,False,-0.4,0.9
cheapest_first,development:402:FG+FW:synergistic:0.25:0.05:0:cheapest_first,synergistic,pi_1,0.25,0.05,0.0,0.0,1.0,1.2,False,-0.3,0.9
highest_stage_posterior,development:402:FG+FW:synergistic:0.25:0.05:0:highest_stage_posterior,synergistic,pi_1,0.25,0.05,0.0,0.0,0.0,0.15000000000000002,True,0.75,0.9
greedy_gain,development:402:FG+FW:synergistic:0.25:0.05:0:greedy_gain,synergistic,pi_1,0.25,0.05,0.0,0.0,0.0,0.15000000000000002,True,0.75,0.9
end_to_end,development:402:FG+FW:synergistic:0.25:0.05:0:end_to_end,synergistic,pi_1,0.25,0.05,0.0,0.0,0.0,0.15000000000000002,True,0.75,0.9
oracle,development:402:FG+FW:synergistic:0.25:0.05:0:oracle,synergistic,pi_1,0.25,0.05,0.0,0.0,0.0,0.0,True,0.9,0.9
qrtc,development:402:FG+FW:synergistic:0.25:0.10:0:qrtc,synergistic,pi_1,0.25,0.1,0.0,0.0,0.0,0.15000000000000002,True,0.75,0.9
random,development:402:FG+FW:synergistic:0.25:0.10:0:random,synergistic,pi_1,0.25,0.1,0.0,0.0,0.0,0.0,True,0.9,0.9
cheapest_first,development:402:FG+FW:synergistic:0.25:0.10:0:cheapest_first,synergistic,pi_1,0.25,0.1,0.0,0.0,1.0,1.2,False,-0.3,0.9
highest_stage_posterior,development:402:FG+FW:synergistic:0.25:0.10:0:highest_stage_posterior,synergistic,pi_1,0.25,0.1,0.0,0.0,0.0,0.15000000000000002,True,0.75,0.9
greedy_gain,development:402:FG+FW:synergistic:0.25:0.10:0:greedy_gain,synergistic,pi_1,0.25,0.1,0.0,0.0,0.0,0.15000000000000002,True,0.75,0.9
end_to_end,development:402:FG+FW:synergistic:0.25:0.10:0:end_to_end,synergistic,pi_1,0.25,0.1,0.0,0.0,0.0,0.15000000000000002,True,0.75,0.9
oracle,development:402:FG+FW:synergistic:0.25:0.10:0:oracle,synergistic,pi_1,0.25,0.1,0.0,0.0,0.0,0.0,True,0.9,0.9
qrtc,development:402:FG+FW:synergistic:0.25:0.20:0:qrtc,synergistic,pi_1,0.25,0.2,0.0,0.0,0.0,0.15000000000000002,True,0.75,0.9
random,development:402:FG+FW:synergistic:0.25:0.20:0:random,synergistic,pi_1,0.25,0.2,0.0,0.0,1.0,1.35,False,-0.45,0.9
cheapest_first,development:402:FG+FW:synergistic:0.25:0.20:0:cheapest_first,synergistic,pi_1,0.25,0.2,0.0,0.0,1.0,1.2,False,-0.3,0.9
highest_stage_posterior,development:402:FG+FW:synergistic:0.25:0.20:0:highest_stage_posterior,synergistic,pi_1,0.25,0.2,0.0,0.0,0.0,0.15000000000000002,True,0.75,0.9
greedy_gain,development:402:FG+FW:synergistic:0.25:0.20:0:greedy_gain,synergistic,pi_1,0.25,0.2,0.0,0.0,0.0,0.15000000000000002,True,0.75,0.9
end_to_end,development:402:FG+FW:synergistic:0.25:0.20:0:end_to_end,synergistic,pi_1,0.25,0.2,0.0,0.0,0.0,0.15000000000000002,True,0.75,0.9
oracle,development:402:FG+FW:synergistic:0.25:0.20:0:oracle,synergistic,pi_1,0.25,0.2,0.0,0.0,0.0,0.0,True,0.9,0.9
qrtc,development:402:FG+FW:synergistic:0.50:0.00:0:qrtc,synergistic,pi_1,0.5,0.0,0.0,0.0,0.0,0.15000000000000002,True,0.75,0.9
random,development:402:FG+FW:synergistic:0.50:0.00:0:random,synergistic,pi_1,0.5,0.0,0.0,0.0,1.0,1.35,False,-0.45,0.9
cheapest_first,development:402:FG+FW:synergistic:0.50:0.00:0:cheapest_first,synergistic,pi_1,0.5,0.0,0.0,0.0,1.0,1.2,False,-0.3,0.9
highest_stage_posterior,development:402:FG+FW:synergistic:0.50:0.00:0:highest_stage_posterior,synergistic,pi_1,0.5,0.0,0.0,0.0,0.0,0.15000000000000002,True,0.75,0.9
greedy_gain,development:402:FG+FW:synergistic:0.50:0.00:0:greedy_gain,synergistic,pi_1,0.5,0.0,0.0,0.0,0.0,0.15000000000000002,True,0.75,0.9
end_to_end,development:402:FG+FW:synergistic:0.50:0.00:0:end_to_end,synergistic,pi_1,0.5,0.0,0.0,0.0,0.0,0.15000000000000002,True,0.75,0.9
oracle,development:402:FG+FW:synergistic:0.50:0.00:0:oracle,synergistic,pi_1,0.5,0.0,0.0,0.0,0.0,0.0,True,0.9,0.9
qrtc,development:402:FG+FW:synergistic:0.50:0.05:0:qrtc,synergistic,pi_1,0.5,0.05,0.0,0.0,0.0,0.15000000000000002,True,0.75,0.9
random,development:402:FG+FW:synergistic:0.50:0.05:0:random,synergistic,pi_1,0.5,0.05,0.0,0.0,1.0,1.3,False,-0.4,0.9
cheapest_first,development:402:FG+FW:synergistic:0.50:0.05:0:cheapest_first,synergistic,pi_1,0.5,0.05,0.0,0.0,1.0,1.2,False,-0.3,0.9
highest_stage_posterior,development:402:FG+FW:synergistic:0.50:0.05:0:highest_stage_posterior,synergistic,pi_1,0.5,0.05,0.0,0.0,0.0,0.15000000000000002,True,0.75,0.9
greedy_gain,development:402:FG+FW:synergistic:0.50:0.05:0:greedy_gain,synergistic,pi_1,0.5,0.05,0.0,0.0,0.0,0.15000000000000002,True,0.75,0.9
end_to_end,development:402:FG+FW:synergistic:0.50:0.05:0:end_to_end,synergistic,pi_1,0.5,0.05,0.0,0.0,0.0,0.15000000000000002,True,0.75,0.9
oracle,development:402:FG+FW:synergistic:0.50:0.05:0:oracle,synergistic,pi_1,0.5,0.05,0.0,0.0,0.0,0.0,True,0.9,0.9
qrtc,development:402:FG+FW:synergistic:0.50:0.10:0:qrtc,synergistic,pi_1,0.5,0.1,0.0,0.0,0.0,0.15000000000000002,True,0.75,0.9
random,development:402:FG+FW:synergistic:0.50:0.10:0:random,synergistic,pi_1,0.5,0.1,0.0,0.0,0.0,0.15000000000000002,True,0.75,0.9
cheapest_first,development:402:FG+FW:synergistic:0.50:0.10:0:cheapest_first,synergistic,pi_1,0.5,0.1,0.0,0.0,1.0,1.2,False,-0.3,0.9
highest_stage_posterior,development:402:FG+FW:synergistic:0.50:0.10:0:highest_stage_posterior,synergistic,pi_1,0.5,0.1,0.0,0.0,0.0,0.15000000000000002,True,0.75,0.9
greedy_gain,development:402:FG+FW:synergistic:0.50:0.10:0:greedy_gain,synergistic,pi_1,0.5,0.1,0.0,0.0,0.0,0.15000000000000002,True,0.75,0.9
end_to_end,development:402:FG+FW:synergistic:0.50:0.10:0:end_to_end,synergistic,pi_1,0.5,0.1,0.0,0.0,0.0,0.15000000000000002,True,0.75,0.9
oracle,development:402:FG+FW:synergistic:0.50:0.10:0:oracle,synergistic,pi_1,0.5,0.1,0.0,0.0,0.0,0.0,True,0.9,0.9
qrtc,development:402:FG+FW:synergistic:0.50:0.20:0:qrtc,synergistic,pi_1,0.5,0.2,0.0,0.0,0.0,0.15000000000000002,True,0.75,0.9
random,development:402:FG+FW:synergistic:0.50:0.20:0:random,synergistic,pi_1,0.5,0.2,0.0,0.0,1.0,1.35,False,-0.45,0.9
cheapest_first,development:402:FG+FW:synergistic:0.50:0.20:0:cheapest_first,synergistic,pi_1,0.5,0.2,0.0,0.0,1.0,1.2,False,-0.3,0.9
highest_stage_posterior,development:402:FG+FW:synergistic:0.50:0.20:0:highest_stage_posterior,synergistic,pi_1,0.5,0.2,0.0,0.0,0.0,0.15000000000000002,True,0.75,0.9
greedy_gain,development:402:FG+FW:synergistic:0.50:0.20:0:greedy_gain,synergistic,pi_1,0.5,0.2,0.0,0.0,0.0,0.15000000000000002,True,0.75,0.9
end_to_end,development:402:FG+FW:synergistic:0.50:0.20:0:end_to_end,synergistic,pi_1,0.5,0.2,0.0,0.0,0.0,0.15000000000000002,True,0.75,0.9
oracle,development:402:FG+FW:synergistic:0.50:0.20:0:oracle,synergistic,pi_1,0.5,0.2,0.0,0.0,0.0,0.0,True,0.9,0.9
qrtc,development:402:FG+FW:synergistic:0.75:0.00:0:qrtc,synergistic,pi_1,0.75,0.0,0.0,0.0,0.0,0.15000000000000002,True,0.75,0.9
random,development:402:FG+FW:synergistic:0.75:0.00:0:random,synergistic,pi_1,0.75,0.0,0.0,0.0,1.0,1.3,False,-0.4,0.9
cheapest_first,development:402:FG+FW:synergistic:0.75:0.00:0:cheapest_first,synergistic,pi_1,0.75,0.0,0.0,0.0,1.0,1.2,False,-0.3,0.9
highest_stage_posterior,development:402:FG+FW:synergistic:0.75:0.00:0:highest_stage_posterior,synergistic,pi_1,0.75,0.0,0.0,0.0,0.0,0.15000000000000002,True,0.75,0.9
greedy_gain,development:402:FG+FW:synergistic:0.75:0.00:0:greedy_gain,synergistic,pi_1,0.75,0.0,0.0,0.0,0.0,0.15000000000000002,True,0.75,0.9
end_to_end,development:402:FG+FW:synergistic:0.75:0.00:0:end_to_end,synergistic,pi_1,0.75,0.0,0.0,0.0,0.0,0.15000000000000002,True,0.75,0.9
oracle,development:402:FG+FW:synergistic:0.75:0.00:0:oracle,synergistic,pi_1,0.75,0.0,0.0,0.0,0.0,0.0,True,0.9,0.9
qrtc,development:402:FG+FW:synergistic:0.75:0.05:0:qrtc,synergistic,pi_1,0.75,0.05,0.0,0.0,0.0,0.15000000000000002,True,0.75,0.9
random,development:402:FG+FW:synergistic:0.75:0.05:0:random,synergistic,pi_1,0.75,0.05,0.0,0.0,0.0,0.0,True,0.9,0.9
cheapest_first,development:402:FG+FW:synergistic:0.75:0.05:0:cheapest_first,synergistic,pi_1,0.75,0.05,0.0,0.0,1.0,1.2,False,-0.3,0.9
highest_stage_posterior,development:402:FG+FW:synergistic:0.75:0.05:0:highest_stage_posterior,synergistic,pi_1,0.75,0.05,0.0,0.0,0.0,0.15000000000000002,True,0.75,0.9
greedy_gain,development:402:FG+FW:synergistic:0.75:0.05:0:greedy_gain,synergistic,pi_1,0.75,0.05,0.0,0.0,0.0,0.15000000000000002,True,0.75,0.9
end_to_end,development:402:FG+FW:synergistic:0.75:0.05:0:end_to_end,synergistic,pi_1,0.75,0.05,0.0,0.0,0.0,0.15000000000000002,True,0.75,0.9
oracle,development:402:FG+FW:synergistic:0.75:0.05:0:oracle,synergistic,pi_1,0.75,0.05,0.0,0.0,0.0,0.0,True,0.9,0.9
qrtc,development:402:FG+FW:synergistic:0.75:0.10:0:qrtc,synergistic,pi_1,0.75,0.1,0.0,0.0,0.0,0.15000000000000002,True,0.75,0.9
random,development:402:FG+FW:synergistic:0.75:0.10:0:random,synergistic,pi_1,0.75,0.1,0.0,0.0,0.0,0.0,True,0.9,0.9
cheapest_first,development:402:FG+FW:synergistic:0.75:0.10:0:cheapest_first,synergistic,pi_1,0.75,0.1,0.0,0.0,1.0,1.2,False,-0.3,0.9
highest_stage_posterior,development:402:FG+FW:synergistic:0.75:0.10:0:highest_stage_posterior,synergistic,pi_1,0.75,0.1,0.0,0.0,0.0,0.15000000000000002,True,0.75,0.9
greedy_gain,development:402:FG+FW:synergistic:0.75:0.10:0:greedy_gain,synergistic,pi_1,0.75,0.1,0.0,0.0,0.0,0.15000000000000002,True,0.75,0.9
end_to_end,development:402:FG+FW:synergistic:0.75:0.10:0:end_to_end,synergistic,pi_1,0.75,0.1,0.0,0.0,0.0,0.15000000000000002,True,0.75,0.9
oracle,development:402:FG+FW:synergistic:0.75:0.10:0:oracle,synergistic,pi_1,0.75,0.1,0.0,0.0,0.0,0.0,True,0.9,0.9
qrtc,development:402:FG+FW:synergistic:0.75:0.20:0:qrtc,synergistic,pi_1,0.75,0.2,0.0,0.0,0.0,0.15000000000000002,True,0.75,0.9
random,development:402:FG+FW:synergistic:0.75:0.20:0:random,synergistic,pi_1,0.75,0.2,0.0,0.0,1.0,1.2,False,-0.3,0.9
cheapest_first,development:402:FG+FW:synergistic:0.75:0.20:0:cheapest_first,synergistic,pi_1,0.75,0.2,0.0,0.0,1.0,1.2,False,-0.3,0.9
highest_stage_posterior,development:402:FG+FW:synergistic:0.75:0.20:0:highest_stage_posterior,synergistic,pi_1,0.75,0.2,0.0,0.0,0.0,0.15000000000000002,True,0.75,0.9
greedy_gain,development:402:FG+FW:synergistic:0.75:0.20:0:greedy_gain,synergistic,pi_1,0.75,0.2,0.0,0.0,0.0,0.15000000000000002,True,0.75,0.9
end_to_end,development:402:FG+FW:synergistic:0.75:0.20:0:end_to_end,synergistic,pi_1,0.75,0.2,0.0,0.0,0.0,0.15000000000000002,True,0.75,0.9
oracle,development:402:FG+FW:synergistic:0.75:0.20:0:oracle,synergistic,pi_1,0.75,0.2,0.0,0.0,0.0,0.0,True,0.9,0.9
qrtc,development:402:FG+FW:synergistic:1.00:0.00:0:qrtc,synergistic,pi_1,1.0,0.0,0.0,0.0,0.0,0.15000000000000002,True,0.75,0.9
random,development:402:FG+FW:synergistic:1.00:0.00:0:random,synergistic,pi_1,1.0,0.0,0.0,0.0,1.0,1.3,False,-0.4,0.9
cheapest_first,development:402:FG+FW:synergistic:1.00:0.00:0:cheapest_first,synergistic,pi_1,1.0,0.0,0.0,0.0,1.0,1.2,False,-0.3,0.9
highest_stage_posterior,development:402:FG+FW:synergistic:1.00:0.00:0:highest_stage_posterior,synergistic,pi_1,1.0,0.0,0.0,0.0,0.0,0.15000000000000002,True,0.75,0.9
greedy_gain,development:402:FG+FW:synergistic:1.00:0.00:0:greedy_gain,synergistic,pi_1,1.0,0.0,0.0,0.0,0.0,0.15000000000000002,True,0.75,0.9
end_to_end,development:402:FG+FW:synergistic:1.00:0.00:0:end_to_end,synergistic,pi_1,1.0,0.0,0.0,0.0,0.0,0.15000000000000002,True,0.75,0.9
oracle,development:402:FG+FW:synergistic:1.00:0.00:0:oracle,synergistic,pi_1,1.0,0.0,0.0,0.0,0.0,0.0,True,0.9,0.9
qrtc,development:402:FG+FW:synergistic:1.00:0.05:0:qrtc,synergistic,pi_1,1.0,0.05,0.0,0.0,0.0,0.15000000000000002,True,0.75,0.9
random,development:402:FG+FW:synergistic:1.00:0.05:0:random,synergistic,pi_1,1.0,0.05,0.0,0.0,0.0,0.15000000000000002,True,0.75,0.9
cheapest_first,development:402:FG+FW:synergistic:1.00:0.05:0:cheapest_first,synergistic,pi_1,1.0,0.05,0.0,0.0,1.0,1.2,False,-0.3,0.9
highest_stage_posterior,development:402:FG+FW:synergistic:1.00:0.05:0:highest_stage_posterior,synergistic,pi_1,1.0,0.05,0.0,0.0,0.0,0.15000000000000002,True,0.75,0.9
greedy_gain,development:402:FG+FW:synergistic:1.00:0.05:0:greedy_gain,synergistic,pi_1,1.0,0.05,0.0,0.0,0.0,0.15000000000000002,True,0.75,0.9
end_to_end,development:402:FG+FW:synergistic:1.00:0.05:0:end_to_end,synergistic,pi_1,1.0,0.05,0.0,0.0,0.0,0.15000000000000002,True,0.75,0.9
oracle,development:402:FG+FW:synergistic:1.00:0.05:0:oracle,synergistic,pi_1,1.0,0.05,0.0,0.0,0.0,0.0,True,0.9,0.9
qrtc,development:402:FG+FW:synergistic:1.00:0.10:0:qrtc,synergistic,pi_1,1.0,0.1,0.0,0.0,0.0,0.15000000000000002,True,0.75,0.9
random,development:402:FG+FW:synergistic:1.00:0.10:0:random,synergistic,pi_1,1.0,0.1,0.0,0.0,0.0,0.0,True,0.9,0.9
cheapest_first,development:402:FG+FW:synergistic:1.00:0.10:0:cheapest_first,synergistic,pi_1,1.0,0.1,0.0,0.0,1.0,1.2,False,-0.3,0.9
highest_stage_posterior,development:402:FG+FW:synergistic:1.00:0.10:0:highest_stage_posterior,synergistic,pi_1,1.0,0.1,0.0,0.0,0.0,0.15000000000000002,True,0.75,0.9
greedy_gain,development:402:FG+FW:synergistic:1.00:0.10:0:greedy_gain,synergistic,pi_1,1.0,0.1,0.0,0.0,0.0,0.15000000000000002,True,0.75,0.9
end_to_end,development:402:FG+FW:synergistic:1.00:0.10:0:end_to_end,synergistic,pi_1,1.0,0.1,0.0,0.0,0.0,0.15000000000000002,True,0.75,0.9
oracle,development:402:FG+FW:synergistic:1.00:0.10:0:oracle,synergistic,pi_1,1.0,0.1,0.0,0.0,0.0,0.0,True,0.9,0.9
qrtc,development:402:FG+FW:synergistic:1.00:0.20:0:qrtc,synergistic,pi_1,1.0,0.2,0.0,0.0,0.0,0.15000000000000002,True,0.75,0.9
random,development:402:FG+FW:synergistic:1.00:0.20:0:random,synergistic,pi_1,1.0,0.2,0.0,0.0,1.0,1.2,False,-0.3,0.9
cheapest_first,development:402:FG+FW:synergistic:1.00:0.20:0:cheapest_first,synergistic,pi_1,1.0,0.2,0.0,0.0,1.0,1.2,False,-0.3,0.9
highest_stage_posterior,development:402:FG+FW:synergistic:1.00:0.20:0:highest_stage_posterior,synergistic,pi_1,1.0,0.2,0.0,0.0,0.0,0.15000000000000002,True,0.75,0.9
greedy_gain,development:402:FG+FW:synergistic:1.00:0.20:0:greedy_gain,synergistic,pi_1,1.0,0.2,0.0,0.0,0.0,0.15000000000000002,True,0.75,0.9
end_to_end,development:402:FG+FW:synergistic:1.00:0.20:0:end_to_end,synergistic,pi_1,1.0,0.2,0.0,0.0,0.0,0.15000000000000002,True,0.75,0.9
oracle,development:402:FG+FW:synergistic:1.00:0.20:0:oracle,synergistic,pi_1,1.0,0.2,0.0,0.0,0.0,0.0,True,0.9,0.9
qrtc,development:402:FR+FJ:strict_masking:0.25:0.00:0:qrtc,strict_masking,pi_2,0.25,0.0,0.0,0.0,0.0,0.0,True,0.75,0.75
random,development:402:FR+FJ:strict_masking:0.25:0.00:0:random,strict_masking,pi_2,0.25,0.0,0.0,0.0,1.0,1.2,False,-0.45,0.75
cheapest_first,development:402:FR+FJ:strict_masking:0.25:0.00:0:cheapest_first,strict_masking,pi_2,0.25,0.0,0.0,0.0,1.0,1.05,False,-0.3,0.75
highest_stage_posterior,development:402:FR+FJ:strict_masking:0.25:0.00:0:highest_stage_posterior,strict_masking,pi_2,0.25,0.0,0.0,0.0,1.0,1.2,False,-0.45,0.75
greedy_gain,development:402:FR+FJ:strict_masking:0.25:0.00:0:greedy_gain,strict_masking,pi_2,0.25,0.0,0.0,0.0,0.0,0.0,True,0.75,0.75
end_to_end,development:402:FR+FJ:strict_masking:0.25:0.00:0:end_to_end,strict_masking,pi_2,0.25,0.0,0.0,0.0,1.0,1.05,False,-0.3,0.75
oracle,development:402:FR+FJ:strict_masking:0.25:0.00:0:oracle,strict_masking,pi_2,0.25,0.0,0.0,0.0,0.0,0.0,True,0.75,0.75
qrtc,development:402:FR+FJ:strict_masking:0.25:0.05:0:qrtc,strict_masking,pi_2,0.25,0.05,0.0,0.0,0.0,0.0,True,0.75,0.75
random,development:402:FR+FJ:strict_masking:0.25:0.05:0:random,strict_masking,pi_2,0.25,0.05,0.0,0.0,1.0,1.15,False,-0.4,0.75
cheapest_first,development:402:FR+FJ:strict_masking:0.25:0.05:0:cheapest_first,strict_masking,pi_2,0.25,0.05,0.0,0.0,1.0,1.05,False,-0.3,0.75
highest_stage_posterior,development:402:FR+FJ:strict_masking:0.25:0.05:0:highest_stage_posterior,strict_masking,pi_2,0.25,0.05,0.0,0.0,1.0,1.2,False,-0.45,0.75
greedy_gain,development:402:FR+FJ:strict_masking:0.25:0.05:0:greedy_gain,strict_masking,pi_2,0.25,0.05,0.0,0.0,0.0,0.0,True,0.75,0.75
end_to_end,development:402:FR+FJ:strict_masking:0.25:0.05:0:end_to_end,strict_masking,pi_2,0.25,0.05,0.0,0.0,1.0,1.05,False,-0.3,0.75
oracle,development:402:FR+FJ:strict_masking:0.25:0.05:0:oracle,strict_masking,pi_2,0.25,0.05,0.0,0.0,0.0,0.0,True,0.75,0.75
qrtc,development:402:FR+FJ:strict_masking:0.25:0.10:0:qrtc,strict_masking,pi_2,0.25,0.1,0.0,0.0,0.0,0.0,True,0.75,0.75
random,development:402:FR+FJ:strict_masking:0.25:0.10:0:random,strict_masking,pi_2,0.25,0.1,0.0,0.0,1.0,1.1,False,-0.35,0.75
cheapest_first,development:402:FR+FJ:strict_masking:0.25:0.10:0:cheapest_first,strict_masking,pi_2,0.25,0.1,0.0,0.0,1.0,1.05,False,-0.3,0.75
highest_stage_posterior,development:402:FR+FJ:strict_masking:0.25:0.10:0:highest_stage_posterior,strict_masking,pi_2,0.25,0.1,0.0,0.0,1.0,1.2,False,-0.45,0.75
greedy_gain,development:402:FR+FJ:strict_masking:0.25:0.10:0:greedy_gain,strict_masking,pi_2,0.25,0.1,0.0,0.0,0.0,0.0,True,0.75,0.75
end_to_end,development:402:FR+FJ:strict_masking:0.25:0.10:0:end_to_end,strict_masking,pi_2,0.25,0.1,0.0,0.0,1.0,1.05,False,-0.3,0.75
oracle,development:402:FR+FJ:strict_masking:0.25:0.10:0:oracle,strict_masking,pi_2,0.25,0.1,0.0,0.0,0.0,0.0,True,0.75,0.75
qrtc,development:402:FR+FJ:strict_masking:0.25:0.20:0:qrtc,strict_masking,pi_2,0.25,0.2,0.0,0.0,0.0,0.0,True,0.75,0.75
random,development:402:FR+FJ:strict_masking:0.25:0.20:0:random,strict_masking,pi_2,0.25,0.2,0.0,0.0,1.0,1.2,False,-0.45,0.75
cheapest_first,development:402:FR+FJ:strict_masking:0.25:0.20:0:cheapest_first,strict_masking,pi_2,0.25,0.2,0.0,0.0,1.0,1.05,False,-0.3,0.75
highest_stage_posterior,development:402:FR+FJ:strict_masking:0.25:0.20:0:highest_stage_posterior,strict_masking,pi_2,0.25,0.2,0.0,0.0,1.0,1.2,False,-0.45,0.75
greedy_gain,development:402:FR+FJ:strict_masking:0.25:0.20:0:greedy_gain,strict_masking,pi_2,0.25,0.2,0.0,0.0,0.0,0.0,True,0.75,0.75
end_to_end,development:402:FR+FJ:strict_masking:0.25:0.20:0:end_to_end,strict_masking,pi_2,0.25,0.2,0.0,0.0,1.0,1.05,False,-0.3,0.75
oracle,development:402:FR+FJ:strict_masking:0.25:0.20:0:oracle,strict_masking,pi_2,0.25,0.2,0.0,0.0,0.0,0.0,True,0.75,0.75
qrtc,development:402:FR+FJ:strict_masking:0.50:0.00:0:qrtc,strict_masking,pi_2,0.5,0.0,0.0,0.0,0.0,0.0,True,0.75,0.75
random,development:402:FR+FJ:strict_masking:0.50:0.00:0:random,strict_masking,pi_2,0.5,0.0,0.0,0.0,1.0,1.2,False,-0.45,0.75
cheapest_first,development:402:FR+FJ:strict_masking:0.50:0.00:0:cheapest_first,strict_masking,pi_2,0.5,0.0,0.0,0.0,1.0,1.05,False,-0.3,0.75
highest_stage_posterior,development:402:FR+FJ:strict_masking:0.50:0.00:0:highest_stage_posterior,strict_masking,pi_2,0.5,0.0,0.0,0.0,1.0,1.2,False,-0.45,0.75
greedy_gain,development:402:FR+FJ:strict_masking:0.50:0.00:0:greedy_gain,strict_masking,pi_2,0.5,0.0,0.0,0.0,0.0,0.0,True,0.75,0.75
end_to_end,development:402:FR+FJ:strict_masking:0.50:0.00:0:end_to_end,strict_masking,pi_2,0.5,0.0,0.0,0.0,1.0,1.05,False,-0.3,0.75
oracle,development:402:FR+FJ:strict_masking:0.50:0.00:0:oracle,strict_masking,pi_2,0.5,0.0,0.0,0.0,0.0,0.0,True,0.75,0.75
qrtc,development:402:FR+FJ:strict_masking:0.50:0.05:0:qrtc,strict_masking,pi_2,0.5,0.05,0.0,0.0,0.0,0.0,True,0.75,0.75
random,development:402:FR+FJ:strict_masking:0.50:0.05:0:random,strict_masking,pi_2,0.5,0.05,0.0,0.0,1.0,1.15,False,-0.4,0.75
cheapest_first,development:402:FR+FJ:strict_masking:0.50:0.05:0:cheapest_first,strict_masking,pi_2,0.5,0.05,0.0,0.0,1.0,1.05,False,-0.3,0.75
highest_stage_posterior,development:402:FR+FJ:strict_masking:0.50:0.05:0:highest_stage_posterior,strict_masking,pi_2,0.5,0.05,0.0,0.0,1.0,1.2,False,-0.45,0.75
greedy_gain,development:402:FR+FJ:strict_masking:0.50:0.05:0:greedy_gain,strict_masking,pi_2,0.5,0.05,0.0,0.0,0.0,0.0,True,0.75,0.75
end_to_end,development:402:FR+FJ:strict_masking:0.50:0.05:0:end_to_end,strict_masking,pi_2,0.5,0.05,0.0,0.0,1.0,1.05,False,-0.3,0.75
oracle,development:402:FR+FJ:strict_masking:0.50:0.05:0:oracle,strict_masking,pi_2,0.5,0.05,0.0,0.0,0.0,0.0,True,0.75,0.75
qrtc,development:402:FR+FJ:strict_masking:0.50:0.10:0:qrtc,strict_masking,pi_2,0.5,0.1,0.0,0.0,0.0,0.0,True,0.75,0.75
random,development:402:FR+FJ:strict_masking:0.50:0.10:0:random,strict_masking,pi_2,0.5,0.1,0.0,0.0,1.0,1.25,False,-0.5,0.75
cheapest_first,development:402:FR+FJ:strict_masking:0.50:0.10:0:cheapest_first,strict_masking,pi_2,0.5,0.1,0.0,0.0,1.0,1.05,False,-0.3,0.75
highest_stage_posterior,development:402:FR+FJ:strict_masking:0.50:0.10:0:highest_stage_posterior,strict_masking,pi_2,0.5,0.1,0.0,0.0,1.0,1.2,False,-0.45,0.75
greedy_gain,development:402:FR+FJ:strict_masking:0.50:0.10:0:greedy_gain,strict_masking,pi_2,0.5,0.1,0.0,0.0,0.0,0.0,True,0.75,0.75
end_to_end,development:402:FR+FJ:strict_masking:0.50:0.10:0:end_to_end,strict_masking,pi_2,0.5,0.1,0.0,0.0,1.0,1.05,False,-0.3,0.75
oracle,development:402:FR+FJ:strict_masking:0.50:0.10:0:oracle,strict_masking,pi_2,0.5,0.1,0.0,0.0,0.0,0.0,True,0.75,0.75
qrtc,development:402:FR+FJ:strict_masking:0.50:0.20:0:qrtc,strict_masking,pi_2,0.5,0.2,0.0,0.0,0.0,0.0,True,0.75,0.75
random,development:402:FR+FJ:strict_masking:0.50:0.20:0:random,strict_masking,pi_2,0.5,0.2,0.0,0.0,1.0,1.2,False,-0.45,0.75
cheapest_first,development:402:FR+FJ:strict_masking:0.50:0.20:0:cheapest_first,strict_masking,pi_2,0.5,0.2,0.0,0.0,1.0,1.05,False,-0.3,0.75
highest_stage_posterior,development:402:FR+FJ:strict_masking:0.50:0.20:0:highest_stage_posterior,strict_masking,pi_2,0.5,0.2,0.0,0.0,1.0,1.2,False,-0.45,0.75
greedy_gain,development:402:FR+FJ:strict_masking:0.50:0.20:0:greedy_gain,strict_masking,pi_2,0.5,0.2,0.0,0.0,0.0,0.0,True,0.75,0.75
end_to_end,development:402:FR+FJ:strict_masking:0.50:0.20:0:end_to_end,strict_masking,pi_2,0.5,0.2,0.0,0.0,1.0,1.05,False,-0.3,0.75
oracle,development:402:FR+FJ:strict_masking:0.50:0.20:0:oracle,strict_masking,pi_2,0.5,0.2,0.0,0.0,0.0,0.0,True,0.75,0.75
qrtc,development:402:FR+FJ:strict_masking:0.75:0.00:0:qrtc,strict_masking,pi_2,0.75,0.0,0.0,0.0,0.0,0.0,True,0.75,0.75
random,development:402:FR+FJ:strict_masking:0.75:0.00:0:random,strict_masking,pi_2,0.75,0.0,0.0,0.0,1.0,1.15,False,-0.4,0.75
cheapest_first,development:402:FR+FJ:strict_masking:0.75:0.00:0:cheapest_first,strict_masking,pi_2,0.75,0.0,0.0,0.0,1.0,1.05,False,-0.3,0.75
highest_stage_posterior,development:402:FR+FJ:strict_masking:0.75:0.00:0:highest_stage_posterior,strict_masking,pi_2,0.75,0.0,0.0,0.0,1.0,1.2,False,-0.45,0.75
greedy_gain,development:402:FR+FJ:strict_masking:0.75:0.00:0:greedy_gain,strict_masking,pi_2,0.75,0.0,0.0,0.0,0.0,0.0,True,0.75,0.75
end_to_end,development:402:FR+FJ:strict_masking:0.75:0.00:0:end_to_end,strict_masking,pi_2,0.75,0.0,0.0,0.0,1.0,1.05,False,-0.3,0.75
oracle,development:402:FR+FJ:strict_masking:0.75:0.00:0:oracle,strict_masking,pi_2,0.75,0.0,0.0,0.0,0.0,0.0,True,0.75,0.75
qrtc,development:402:FR+FJ:strict_masking:0.75:0.05:0:qrtc,strict_masking,pi_2,0.75,0.05,0.0,0.0,0.0,0.0,True,0.75,0.75
random,development:402:FR+FJ:strict_masking:0.75:0.05:0:random,strict_masking,pi_2,0.75,0.05,0.0,0.0,1.0,1.1,False,-0.35,0.75
cheapest_first,development:402:FR+FJ:strict_masking:0.75:0.05:0:cheapest_first,strict_masking,pi_2,0.75,0.05,0.0,0.0,1.0,1.05,False,-0.3,0.75
highest_stage_posterior,development:402:FR+FJ:strict_masking:0.75:0.05:0:highest_stage_posterior,strict_masking,pi_2,0.75,0.05,0.0,0.0,1.0,1.2,False,-0.45,0.75
greedy_gain,development:402:FR+FJ:strict_masking:0.75:0.05:0:greedy_gain,strict_masking,pi_2,0.75,0.05,0.0,0.0,0.0,0.0,True,0.75,0.75
end_to_end,development:402:FR+FJ:strict_masking:0.75:0.05:0:end_to_end,strict_masking,pi_2,0.75,0.05,0.0,0.0,1.0,1.05,False,-0.3,0.75
oracle,development:402:FR+FJ:strict_masking:0.75:0.05:0:oracle,strict_masking,pi_2,0.75,0.05,0.0,0.0,0.0,0.0,True,0.75,0.75
qrtc,development:402:FR+FJ:strict_masking:0.75:0.10:0:qrtc,strict_masking,pi_2,0.75,0.1,0.0,0.0,0.0,0.0,True,0.75,0.75
random,development:402:FR+FJ:strict_masking:0.75:0.10:0:random,strict_masking,pi_2,0.75,0.1,0.0,0.0,1.0,1.1,False,-0.35,0.75
cheapest_first,development:402:FR+FJ:strict_masking:0.75:0.10:0:cheapest_first,strict_masking,pi_2,0.75,0.1,0.0,0.0,1.0,1.05,False,-0.3,0.75
highest_stage_posterior,development:402:FR+FJ:strict_masking:0.75:0.10:0:highest_stage_posterior,strict_masking,pi_2,0.75,0.1,0.0,0.0,1.0,1.2,False,-0.45,0.75
greedy_gain,development:402:FR+FJ:strict_masking:0.75:0.10:0:greedy_gain,strict_masking,pi_2,0.75,0.1,0.0,0.0,0.0,0.0,True,0.75,0.75
end_to_end,development:402:FR+FJ:strict_masking:0.75:0.10:0:end_to_end,strict_masking,pi_2,0.75,0.1,0.0,0.0,1.0,1.05,False,-0.3,0.75
oracle,development:402:FR+FJ:strict_masking:0.75:0.10:0:oracle,strict_masking,pi_2,0.75,0.1,0.0,0.0,0.0,0.0,True,0.75,0.75
qrtc,development:402:FR+FJ:strict_masking:0.75:0.20:0:qrtc,strict_masking,pi_2,0.75,0.2,0.0,0.0,0.0,0.0,True,0.75,0.75
random,development:402:FR+FJ:strict_masking:0.75:0.20:0:random,strict_masking,pi_2,0.75,0.2,0.0,0.0,1.0,1.05,False,-0.3,0.75
cheapest_first,development:402:FR+FJ:strict_masking:0.75:0.20:0:cheapest_first,strict_masking,pi_2,0.75,0.2,0.0,0.0,1.0,1.05,False,-0.3,0.75
highest_stage_posterior,development:402:FR+FJ:strict_masking:0.75:0.20:0:highest_stage_posterior,strict_masking,pi_2,0.75,0.2,0.0,0.0,1.0,1.2,False,-0.45,0.75
greedy_gain,development:402:FR+FJ:strict_masking:0.75:0.20:0:greedy_gain,strict_masking,pi_2,0.75,0.2,0.0,0.0,0.0,0.0,True,0.75,0.75
end_to_end,development:402:FR+FJ:strict_masking:0.75:0.20:0:end_to_end,strict_masking,pi_2,0.75,0.2,0.0,0.0,1.0,1.05,False,-0.3,0.75
oracle,development:402:FR+FJ:strict_masking:0.75:0.20:0:oracle,strict_masking,pi_2,0.75,0.2,0.0,0.0,0.0,0.0,True,0.75,0.75
qrtc,development:402:FR+FJ:strict_masking:1.00:0.00:0:qrtc,strict_masking,pi_2,1.0,0.0,0.0,0.0,0.0,0.0,True,0.75,0.75
random,development:402:FR+FJ:strict_masking:1.00:0.00:0:random,strict_masking,pi_2,1.0,0.0,0.0,0.0,1.0,1.15,False,-0.4,0.75
cheapest_first,development:402:FR+FJ:strict_masking:1.00:0.00:0:cheapest_first,strict_masking,pi_2,1.0,0.0,0.0,0.0,1.0,1.05,False,-0.3,0.75
highest_stage_posterior,development:402:FR+FJ:strict_masking:1.00:0.00:0:highest_stage_posterior,strict_masking,pi_2,1.0,0.0,0.0,0.0,1.0,1.2,False,-0.45,0.75
greedy_gain,development:402:FR+FJ:strict_masking:1.00:0.00:0:greedy_gain,strict_masking,pi_2,1.0,0.0,0.0,0.0,0.0,0.0,True,0.75,0.75
end_to_end,development:402:FR+FJ:strict_masking:1.00:0.00:0:end_to_end,strict_masking,pi_2,1.0,0.0,0.0,0.0,1.0,1.05,False,-0.3,0.75
oracle,development:402:FR+FJ:strict_masking:1.00:0.00:0:oracle,strict_masking,pi_2,1.0,0.0,0.0,0.0,0.0,0.0,True,0.75,0.75
qrtc,development:402:FR+FJ:strict_masking:1.00:0.05:0:qrtc,strict_masking,pi_2,1.0,0.05,0.0,0.0,0.0,0.0,True,0.75,0.75
random,development:402:FR+FJ:strict_masking:1.00:0.05:0:random,strict_masking,pi_2,1.0,0.05,0.0,0.0,1.0,1.25,False,-0.5,0.75
cheapest_first,development:402:FR+FJ:strict_masking:1.00:0.05:0:cheapest_first,strict_masking,pi_2,1.0,0.05,0.0,0.0,1.0,1.05,False,-0.3,0.75
highest_stage_posterior,development:402:FR+FJ:strict_masking:1.00:0.05:0:highest_stage_posterior,strict_masking,pi_2,1.0,0.05,0.0,0.0,1.0,1.2,False,-0.45,0.75
greedy_gain,development:402:FR+FJ:strict_masking:1.00:0.05:0:greedy_gain,strict_masking,pi_2,1.0,0.05,0.0,0.0,0.0,0.0,True,0.75,0.75
end_to_end,development:402:FR+FJ:strict_masking:1.00:0.05:0:end_to_end,strict_masking,pi_2,1.0,0.05,0.0,0.0,1.0,1.05,False,-0.3,0.75
oracle,development:402:FR+FJ:strict_masking:1.00:0.05:0:oracle,strict_masking,pi_2,1.0,0.05,0.0,0.0,0.0,0.0,True,0.75,0.75
qrtc,development:402:FR+FJ:strict_masking:1.00:0.10:0:qrtc,strict_masking,pi_2,1.0,0.1,0.0,0.0,0.0,0.0,True,0.75,0.75
random,development:402:FR+FJ:strict_masking:1.00:0.10:0:random,strict_masking,pi_2,1.0,0.1,0.0,0.0,1.0,1.1,False,-0.35,0.75
cheapest_first,development:402:FR+FJ:strict_masking:1.00:0.10:0:cheapest_first,strict_masking,pi_2,1.0,0.1,0.0,0.0,1.0,1.05,False,-0.3,0.75
highest_stage_posterior,development:402:FR+FJ:strict_masking:1.00:0.10:0:highest_stage_posterior,strict_masking,pi_2,1.0,0.1,0.0,0.0,1.0,1.2,False,-0.45,0.75
greedy_gain,development:402:FR+FJ:strict_masking:1.00:0.10:0:greedy_gain,strict_masking,pi_2,1.0,0.1,0.0,0.0,0.0,0.0,True,0.75,0.75
end_to_end,development:402:FR+FJ:strict_masking:1.00:0.10:0:end_to_end,strict_masking,pi_2,1.0,0.1,0.0,0.0,1.0,1.05,False,-0.3,0.75
oracle,development:402:FR+FJ:strict_masking:1.00:0.10:0:oracle,strict_masking,pi_2,1.0,0.1,0.0,0.0,0.0,0.0,True,0.75,0.75
qrtc,development:402:FR+FJ:strict_masking:1.00:0.20:0:qrtc,strict_masking,pi_2,1.0,0.2,0.0,0.0,0.0,0.0,True,0.75,0.75
random,development:402:FR+FJ:strict_masking:1.00:0.20:0:random,strict_masking,pi_2,1.0,0.2,0.0,0.0,1.0,1.05,False,-0.3,0.75
cheapest_first,development:402:FR+FJ:strict_masking:1.00:0.20:0:cheapest_first,strict_masking,pi_2,1.0,0.2,0.0,0.0,1.0,1.05,False,-0.3,0.75
highest_stage_posterior,development:402:FR+FJ:strict_masking:1.00:0.20:0:highest_stage_posterior,strict_masking,pi_2,1.0,0.2,0.0,0.0,1.0,1.2,False,-0.45,0.75
greedy_gain,development:402:FR+FJ:strict_masking:1.00:0.20:0:greedy_gain,strict_masking,pi_2,1.0,0.2,0.0,0.0,0.0,0.0,True,0.75,0.75
end_to_end,development:402:FR+FJ:strict_masking:1.00:0.20:0:end_to_end,strict_masking,pi_2,1.0,0.2,0.0,0.0,1.0,1.05,False,-0.3,0.75
oracle,development:402:FR+FJ:strict_masking:1.00:0.20:0:oracle,strict_masking,pi_2,1.0,0.2,0.0,0.0,0.0,0.0,True,0.75,0.75
qrtc,development:402:FR+FJ:soft_masking:0.25:0.00:0:qrtc,soft_masking,pi_2,0.25,0.0,0.0,0.0,0.0,0.19999999999999996,True,0.75,0.95
random,development:402:FR+FJ:soft_masking:0.25:0.00:0:random,soft_masking,pi_2,0.25,0.0,0.0,0.0,1.0,1.4,False,-0.45,0.95
cheapest_first,development:402:FR+FJ:soft_masking:0.25:0.00:0:cheapest_first,soft_masking,pi_2,0.25,0.0,0.0,0.0,0.0,0.0,True,0.95,0.95
highest_stage_posterior,development:402:FR+FJ:soft_masking:0.25:0.00:0:highest_stage_posterior,soft_masking,pi_2,0.25,0.0,0.0,0.0,0.0,0.1499999999999999,True,0.8,0.95
greedy_gain,development:402:FR+FJ:soft_masking:0.25:0.00:0:greedy_gain,soft_masking,pi_2,0.25,0.0,0.0,0.0,0.0,0.1499999999999999,True,0.8,0.95
end_to_end,development:402:FR+FJ:soft_masking:0.25:0.00:0:end_to_end,soft_masking,pi_2,0.25,0.0,0.0,0.0,0.0,0.1499999999999999,True,0.8,0.95
oracle,development:402:FR+FJ:soft_masking:0.25:0.00:0:oracle,soft_masking,pi_2,0.25,0.0,0.0,0.0,0.0,0.0,True,0.95,0.95
qrtc,development:402:FR+FJ:soft_masking:0.25:0.05:0:qrtc,soft_masking,pi_2,0.25,0.05,0.0,0.0,0.0,0.19999999999999996,True,0.75,0.95
random,development:402:FR+FJ:soft_masking:0.25:0.05:0:random,soft_masking,pi_2,0.25,0.05,0.0,0.0,1.0,1.35,False,-0.4,0.95
cheapest_first,development:402:FR+FJ:soft_masking:0.25:0.05:0:cheapest_first,soft_masking,pi_2,0.25,0.05,0.0,0.0,0.0,0.0,True,0.95,0.95
highest_stage_posterior,development:402:FR+FJ:soft_masking:0.25:0.05:0:highest_stage_posterior,soft_masking,pi_2,0.25,0.05,0.0,0.0,0.0,0.1499999999999999,True,0.8,0.95
greedy_gain,development:402:FR+FJ:soft_masking:0.25:0.05:0:greedy_gain,soft_masking,pi_2,0.25,0.05,0.0,0.0,0.0,0.1499999999999999,True,0.8,0.95
end_to_end,development:402:FR+FJ:soft_masking:0.25:0.05:0:end_to_end,soft_masking,pi_2,0.25,0.05,0.0,0.0,0.0,0.1499999999999999,True,0.8,0.95
oracle,development:402:FR+FJ:soft_masking:0.25:0.05:0:oracle,soft_masking,pi_2,0.25,0.05,0.0,0.0,0.0,0.0,True,0.95,0.95
qrtc,development:402:FR+FJ:soft_masking:0.25:0.10:0:qrtc,soft_masking,pi_2,0.25,0.1,0.0,0.0,0.0,0.19999999999999996,True,0.75,0.95
random,development:402:FR+FJ:soft_masking:0.25:0.10:0:random,soft_masking,pi_2,0.25,0.1,0.0,0.0,1.0,1.2999999999999998,False,-0.35,0.95
cheapest_first,development:402:FR+FJ:soft_masking:0.25:0.10:0:cheapest_first,soft_masking,pi_2,0.25,0.1,0.0,0.0,0.0,0.0,True,0.95,0.95
highest_stage_posterior,development:402:FR+FJ:soft_masking:0.25:0.10:0:highest_stage_posterior,soft_masking,pi_2,0.25,0.1,0.0,0.0,0.0,0.1499999999999999,True,0.8,0.95
greedy_gain,development:402:FR+FJ:soft_masking:0.25:0.10:0:greedy_gain,soft_masking,pi_2,0.25,0.1,0.0,0.0,0.0,0.1499999999999999,True,0.8,0.95
end_to_end,development:402:FR+FJ:soft_masking:0.25:0.10:0:end_to_end,soft_masking,pi_2,0.25,0.1,0.0,0.0,0.0,0.1499999999999999,True,0.8,0.95
oracle,development:402:FR+FJ:soft_masking:0.25:0.10:0:oracle,soft_masking,pi_2,0.25,0.1,0.0,0.0,0.0,0.0,True,0.95,0.95
qrtc,development:402:FR+FJ:soft_masking:0.25:0.20:0:qrtc,soft_masking,pi_2,0.25,0.2,0.0,0.0,0.0,0.19999999999999996,True,0.75,0.95
random,development:402:FR+FJ:soft_masking:0.25:0.20:0:random,soft_masking,pi_2,0.25,0.2,0.0,0.0,0.0,0.1499999999999999,True,0.8,0.95
cheapest_first,development:402:FR+FJ:soft_masking:0.25:0.20:0:cheapest_first,soft_masking,pi_2,0.25,0.2,0.0,0.0,0.0,0.0,True,0.95,0.95
highest_stage_posterior,development:402:FR+FJ:soft_masking:0.25:0.20:0:highest_stage_posterior,soft_masking,pi_2,0.25,0.2,0.0,0.0,0.0,0.1499999999999999,True,0.8,0.95
greedy_gain,development:402:FR+FJ:soft_masking:0.25:0.20:0:greedy_gain,soft_masking,pi_2,0.25,0.2,0.0,0.0,0.0,0.1499999999999999,True,0.8,0.95
end_to_end,development:402:FR+FJ:soft_masking:0.25:0.20:0:end_to_end,soft_masking,pi_2,0.25,0.2,0.0,0.0,0.0,0.1499999999999999,True,0.8,0.95
oracle,development:402:FR+FJ:soft_masking:0.25:0.20:0:oracle,soft_masking,pi_2,0.25,0.2,0.0,0.0,0.0,0.0,True,0.95,0.95
qrtc,development:402:FR+FJ:soft_masking:0.50:0.00:0:qrtc,soft_masking,pi_2,0.5,0.0,0.0,0.0,0.0,0.19999999999999996,True,0.75,0.95
random,development:402:FR+FJ:soft_masking:0.50:0.00:0:random,soft_masking,pi_2,0.5,0.0,0.0,0.0,0.0,0.1499999999999999,True,0.8,0.95
cheapest_first,development:402:FR+FJ:soft_masking:0.50:0.00:0:cheapest_first,soft_masking,pi_2,0.5,0.0,0.0,0.0,0.0,0.0,True,0.95,0.95
highest_stage_posterior,development:402:FR+FJ:soft_masking:0.50:0.00:0:highest_stage_posterior,soft_masking,pi_2,0.5,0.0,0.0,0.0,0.0,0.1499999999999999,True,0.8,0.95
greedy_gain,development:402:FR+FJ:soft_masking:0.50:0.00:0:greedy_gain,soft_masking,pi_2,0.5,0.0,0.0,0.0,0.0,0.1499999999999999,True,0.8,0.95
end_to_end,development:402:FR+FJ:soft_masking:0.50:0.00:0:end_to_end,soft_masking,pi_2,0.5,0.0,0.0,0.0,0.0,0.1499999999999999,True,0.8,0.95
oracle,development:402:FR+FJ:soft_masking:0.50:0.00:0:oracle,soft_masking,pi_2,0.5,0.0,0.0,0.0,0.0,0.0,True,0.95,0.95
qrtc,development:402:FR+FJ:soft_masking:0.50:0.05:0:qrtc,soft_masking,pi_2,0.5,0.05,0.0,0.0,0.0,0.19999999999999996,True,0.75,0.95
random,development:402:FR+FJ:soft_masking:0.50:0.05:0:random,soft_masking,pi_2,0.5,0.05,0.0,0.0,1.0,1.35,False,-0.4,0.95
cheapest_first,development:402:FR+FJ:soft_masking:0.50:0.05:0:cheapest_first,soft_masking,pi_2,0.5,0.05,0.0,0.0,0.0,0.0,True,0.95,0.95
highest_stage_posterior,development:402:FR+FJ:soft_masking:0.50:0.05:0:highest_stage_posterior,soft_masking,pi_2,0.5,0.05,0.0,0.0,0.0,0.1499999999999999,True,0.8,0.95
greedy_gain,development:402:FR+FJ:soft_masking:0.50:0.05:0:greedy_gain,soft_masking,pi_2,0.5,0.05,0.0,0.0,0.0,0.1499999999999999,True,0.8,0.95
end_to_end,development:402:FR+FJ:soft_masking:0.50:0.05:0:end_to_end,soft_masking,pi_2,0.5,0.05,0.0,0.0,0.0,0.1499999999999999,True,0.8,0.95
oracle,development:402:FR+FJ:soft_masking:0.50:0.05:0:oracle,soft_masking,pi_2,0.5,0.05,0.0,0.0,0.0,0.0,True,0.95,0.95
qrtc,development:402:FR+FJ:soft_masking:0.50:0.10:0:qrtc,soft_masking,pi_2,0.5,0.1,0.0,0.0,0.0,0.19999999999999996,True,0.75,0.95
random,development:402:FR+FJ:soft_masking:0.50:0.10:0:random,soft_masking,pi_2,0.5,0.1,0.0,0.0,1.0,1.45,False,-0.5,0.95
cheapest_first,development:402:FR+FJ:soft_masking:0.50:0.10:0:cheapest_first,soft_masking,pi_2,0.5,0.1,0.0,0.0,0.0,0.0,True,0.95,0.95
highest_stage_posterior,development:402:FR+FJ:soft_masking:0.50:0.10:0:highest_stage_posterior,soft_masking,pi_2,0.5,0.1,0.0,0.0,0.0,0.1499999999999999,True,0.8,0.95
greedy_gain,development:402:FR+FJ:soft_masking:0.50:0.10:0:greedy_gain,soft_masking,pi_2,0.5,0.1,0.0,0.0,0.0,0.1499999999999999,True,0.8,0.95
end_to_end,development:402:FR+FJ:soft_masking:0.50:0.10:0:end_to_end,soft_masking,pi_2,0.5,0.1,0.0,0.0,0.0,0.1499999999999999,True,0.8,0.95
oracle,development:402:FR+FJ:soft_masking:0.50:0.10:0:oracle,soft_masking,pi_2,0.5,0.1,0.0,0.0,0.0,0.0,True,0.95,0.95
qrtc,development:402:FR+FJ:soft_masking:0.50:0.20:0:qrtc,soft_masking,pi_2,0.5,0.2,0.0,0.0,0.0,0.19999999999999996,True,0.75,0.95
random,development:402:FR+FJ:soft_masking:0.50:0.20:0:random,soft_masking,pi_2,0.5,0.2,0.0,0.0,1.0,1.4,False,-0.45,0.95
cheapest_first,development:402:FR+FJ:soft_masking:0.50:0.20:0:cheapest_first,soft_masking,pi_2,0.5,0.2,0.0,0.0,0.0,0.0,True,0.95,0.95
highest_stage_posterior,development:402:FR+FJ:soft_masking:0.50:0.20:0:highest_stage_posterior,soft_masking,pi_2,0.5,0.2,0.0,0.0,0.0,0.1499999999999999,True,0.8,0.95
greedy_gain,development:402:FR+FJ:soft_masking:0.50:0.20:0:greedy_gain,soft_masking,pi_2,0.5,0.2,0.0,0.0,0.0,0.1499999999999999,True,0.8,0.95
end_to_end,development:402:FR+FJ:soft_masking:0.50:0.20:0:end_to_end,soft_masking,pi_2,0.5,0.2,0.0,0.0,0.0,0.1499999999999999,True,0.8,0.95
oracle,development:402:FR+FJ:soft_masking:0.50:0.20:0:oracle,soft_masking,pi_2,0.5,0.2,0.0,0.0,0.0,0.0,True,0.95,0.95
qrtc,development:402:FR+FJ:soft_masking:0.75:0.00:0:qrtc,soft_masking,pi_2,0.75,0.0,0.0,0.0,0.0,0.19999999999999996,True,0.75,0.95
random,development:402:FR+FJ:soft_masking:0.75:0.00:0:random,soft_masking,pi_2,0.75,0.0,0.0,0.0,1.0,1.35,False,-0.4,0.95
cheapest_first,development:402:FR+FJ:soft_masking:0.75:0.00:0:cheapest_first,soft_masking,pi_2,0.75,0.0,0.0,0.0,0.0,0.0,True,0.95,0.95
highest_stage_posterior,development:402:FR+FJ:soft_masking:0.75:0.00:0:highest_stage_posterior,soft_masking,pi_2,0.75,0.0,0.0,0.0,0.0,0.1499999999999999,True,0.8,0.95
greedy_gain,development:402:FR+FJ:soft_masking:0.75:0.00:0:greedy_gain,soft_masking,pi_2,0.75,0.0,0.0,0.0,0.0,0.1499999999999999,True,0.8,0.95
end_to_end,development:402:FR+FJ:soft_masking:0.75:0.00:0:end_to_end,soft_masking,pi_2,0.75,0.0,0.0,0.0,0.0,0.1499999999999999,True,0.8,0.95
oracle,development:402:FR+FJ:soft_masking:0.75:0.00:0:oracle,soft_masking,pi_2,0.75,0.0,0.0,0.0,0.0,0.0,True,0.95,0.95
qrtc,development:402:FR+FJ:soft_masking:0.75:0.05:0:qrtc,soft_masking,pi_2,0.75,0.05,0.0,0.0,0.0,0.19999999999999996,True,0.75,0.95
random,development:402:FR+FJ:soft_masking:0.75:0.05:0:random,soft_masking,pi_2,0.75,0.05,0.0,0.0,1.0,1.2999999999999998,False,-0.35,0.95
cheapest_first,development:402:FR+FJ:soft_masking:0.75:0.05:0:cheapest_first,soft_masking,pi_2,0.75,0.05,0.0,0.0,0.0,0.0,True,0.95,0.95
highest_stage_posterior,development:402:FR+FJ:soft_masking:0.75:0.05:0:highest_stage_posterior,soft_masking,pi_2,0.75,0.05,0.0,0.0,0.0,0.1499999999999999,True,0.8,0.95
greedy_gain,development:402:FR+FJ:soft_masking:0.75:0.05:0:greedy_gain,soft_masking,pi_2,0.75,0.05,0.0,0.0,0.0,0.1499999999999999,True,0.8,0.95
end_to_end,development:402:FR+FJ:soft_masking:0.75:0.05:0:end_to_end,soft_masking,pi_2,0.75,0.05,0.0,0.0,0.0,0.1499999999999999,True,0.8,0.95
oracle,development:402:FR+FJ:soft_masking:0.75:0.05:0:oracle,soft_masking,pi_2,0.75,0.05,0.0,0.0,0.0,0.0,True,0.95,0.95
qrtc,development:402:FR+FJ:soft_masking:0.75:0.10:0:qrtc,soft_masking,pi_2,0.75,0.1,0.0,0.0,0.0,0.19999999999999996,True,0.75,0.95
random,development:402:FR+FJ:soft_masking:0.75:0.10:0:random,soft_masking,pi_2,0.75,0.1,0.0,0.0,1.0,1.2999999999999998,False,-0.35,0.95
cheapest_first,development:402:FR+FJ:soft_masking:0.75:0.10:0:cheapest_first,soft_masking,pi_2,0.75,0.1,0.0,0.0,0.0,0.0,True,0.95,0.95
highest_stage_posterior,development:402:FR+FJ:soft_masking:0.75:0.10:0:highest_stage_posterior,soft_masking,pi_2,0.75,0.1,0.0,0.0,0.0,0.1499999999999999,True,0.8,0.95
greedy_gain,development:402:FR+FJ:soft_masking:0.75:0.10:0:greedy_gain,soft_masking,pi_2,0.75,0.1,0.0,0.0,0.0,0.1499999999999999,True,0.8,0.95
end_to_end,development:402:FR+FJ:soft_masking:0.75:0.10:0:end_to_end,soft_masking,pi_2,0.75,0.1,0.0,0.0,0.0,0.1499999999999999,True,0.8,0.95
oracle,development:402:FR+FJ:soft_masking:0.75:0.10:0:oracle,soft_masking,pi_2,0.75,0.1,0.0,0.0,0.0,0.0,True,0.95,0.95
qrtc,development:402:FR+FJ:soft_masking:0.75:0.20:0:qrtc,soft_masking,pi_2,0.75,0.2,0.0,0.0,0.0,0.19999999999999996,True,0.75,0.95
random,development:402:FR+FJ:soft_masking:0.75:0.20:0:random,soft_masking,pi_2,0.75,0.2,0.0,0.0,0.0,0.0,True,0.95,0.95
cheapest_first,development:402:FR+FJ:soft_masking:0.75:0.20:0:cheapest_first,soft_masking,pi_2,0.75,0.2,0.0,0.0,0.0,0.0,True,0.95,0.95
highest_stage_posterior,development:402:FR+FJ:soft_masking:0.75:0.20:0:highest_stage_posterior,soft_masking,pi_2,0.75,0.2,0.0,0.0,0.0,0.1499999999999999,True,0.8,0.95
greedy_gain,development:402:FR+FJ:soft_masking:0.75:0.20:0:greedy_gain,soft_masking,pi_2,0.75,0.2,0.0,0.0,0.0,0.1499999999999999,True,0.8,0.95
end_to_end,development:402:FR+FJ:soft_masking:0.75:0.20:0:end_to_end,soft_masking,pi_2,0.75,0.2,0.0,0.0,0.0,0.1499999999999999,True,0.8,0.95
oracle,development:402:FR+FJ:soft_masking:0.75:0.20:0:oracle,soft_masking,pi_2,0.75,0.2,0.0,0.0,0.0,0.0,True,0.95,0.95
qrtc,development:402:FR+FJ:soft_masking:1.00:0.00:0:qrtc,soft_masking,pi_2,1.0,0.0,0.0,0.0,0.0,0.19999999999999996,True,0.75,0.95
random,development:402:FR+FJ:soft_masking:1.00:0.00:0:random,soft_masking,pi_2,1.0,0.0,0.0,0.0,1.0,1.35,False,-0.4,0.95
cheapest_first,development:402:FR+FJ:soft_masking:1.00:0.00:0:cheapest_first,soft_masking,pi_2,1.0,0.0,0.0,0.0,0.0,0.0,True,0.95,0.95
highest_stage_posterior,development:402:FR+FJ:soft_masking:1.00:0.00:0:highest_stage_posterior,soft_masking,pi_2,1.0,0.0,0.0,0.0,0.0,0.1499999999999999,True,0.8,0.95
greedy_gain,development:402:FR+FJ:soft_masking:1.00:0.00:0:greedy_gain,soft_masking,pi_2,1.0,0.0,0.0,0.0,0.0,0.1499999999999999,True,0.8,0.95
end_to_end,development:402:FR+FJ:soft_masking:1.00:0.00:0:end_to_end,soft_masking,pi_2,1.0,0.0,0.0,0.0,0.0,0.1499999999999999,True,0.8,0.95
oracle,development:402:FR+FJ:soft_masking:1.00:0.00:0:oracle,soft_masking,pi_2,1.0,0.0,0.0,0.0,0.0,0.0,True,0.95,0.95
qrtc,development:402:FR+FJ:soft_masking:1.00:0.05:0:qrtc,soft_masking,pi_2,1.0,0.05,0.0,0.0,0.0,0.19999999999999996,True,0.75,0.95
random,development:402:FR+FJ:soft_masking:1.00:0.05:0:random,soft_masking,pi_2,1.0,0.05,0.0,0.0,1.0,1.45,False,-0.5,0.95
cheapest_first,development:402:FR+FJ:soft_masking:1.00:0.05:0:cheapest_first,soft_masking,pi_2,1.0,0.05,0.0,0.0,0.0,0.0,True,0.95,0.95
highest_stage_posterior,development:402:FR+FJ:soft_masking:1.00:0.05:0:highest_stage_posterior,soft_masking,pi_2,1.0,0.05,0.0,0.0,0.0,0.1499999999999999,True,0.8,0.95
greedy_gain,development:402:FR+FJ:soft_masking:1.00:0.05:0:greedy_gain,soft_masking,pi_2,1.0,0.05,0.0,0.0,0.0,0.1499999999999999,True,0.8,0.95
end_to_end,development:402:FR+FJ:soft_masking:1.00:0.05:0:end_to_end,soft_masking,pi_2,1.0,0.05,0.0,0.0,0.0,0.1499999999999999,True,0.8,0.95
oracle,development:402:FR+FJ:soft_masking:1.00:0.05:0:oracle,soft_masking,pi_2,1.0,0.05,0.0,0.0,0.0,0.0,True,0.95,0.95
qrtc,development:402:FR+FJ:soft_masking:1.00:0.10:0:qrtc,soft_masking,pi_2,1.0,0.1,0.0,0.0,0.0,0.19999999999999996,True,0.75,0.95
random,development:402:FR+FJ:soft_masking:1.00:0.10:0:random,soft_masking,pi_2,1.0,0.1,0.0,0.0,1.0,1.2999999999999998,False,-0.35,0.95
cheapest_first,development:402:FR+FJ:soft_masking:1.00:0.10:0:cheapest_first,soft_masking,pi_2,1.0,0.1,0.0,0.0,0.0,0.0,True,0.95,0.95
highest_stage_posterior,development:402:FR+FJ:soft_masking:1.00:0.10:0:highest_stage_posterior,soft_masking,pi_2,1.0,0.1,0.0,0.0,0.0,0.1499999999999999,True,0.8,0.95
greedy_gain,development:402:FR+FJ:soft_masking:1.00:0.10:0:greedy_gain,soft_masking,pi_2,1.0,0.1,0.0,0.0,0.0,0.1499999999999999,True,0.8,0.95
end_to_end,development:402:FR+FJ:soft_masking:1.00:0.10:0:end_to_end,soft_masking,pi_2,1.0,0.1,0.0,0.0,0.0,0.1499999999999999,True,0.8,0.95
oracle,development:402:FR+FJ:soft_masking:1.00:0.10:0:oracle,soft_masking,pi_2,1.0,0.1,0.0,0.0,0.0,0.0,True,0.95,0.95
qrtc,development:402:FR+FJ:soft_masking:1.00:0.20:0:qrtc,soft_masking,pi_2,1.0,0.2,0.0,0.0,0.0,0.19999999999999996,True,0.75,0.95
random,development:402:FR+FJ:soft_masking:1.00:0.20:0:random,soft_masking,pi_2,1.0,0.2,0.0,0.0,1.0,1.25,False,-0.3,0.95
cheapest_first,development:402:FR+FJ:soft_masking:1.00:0.20:0:cheapest_first,soft_masking,pi_2,1.0,0.2,0.0,0.0,0.0,0.0,True,0.95,0.95
highest_stage_posterior,development:402:FR+FJ:soft_masking:1.00:0.20:0:highest_stage_posterior,soft_masking,pi_2,1.0,0.2,0.0,0.0,0.0,0.1499999999999999,True,0.8,0.95
greedy_gain,development:402:FR+FJ:soft_masking:1.00:0.20:0:greedy_gain,soft_masking,pi_2,1.0,0.2,0.0,0.0,0.0,0.1499999999999999,True,0.8,0.95
end_to_end,development:402:FR+FJ:soft_masking:1.00:0.20:0:end_to_end,soft_masking,pi_2,1.0,0.2,0.0,0.0,0.0,0.1499999999999999,True,0.8,0.95
oracle,development:402:FR+FJ:soft_masking:1.00:0.20:0:oracle,soft_masking,pi_2,1.0,0.2,0.0,0.0,0.0,0.0,True,0.95,0.95
qrtc,development:402:FR+FJ:independent:0.25:0.00:0:qrtc,independent,pi_2,0.25,0.0,0.0,0.0,0.0,0.1499999999999999,True,0.8,0.95
random,development:402:FR+FJ:independent:0.25:0.00:0:random,independent,pi_2,0.25,0.0,0.0,0.0,1.0,1.4,False,-0.45,0.95
cheapest_first,development:402:FR+FJ:independent:0.25:0.00:0:cheapest_first,independent,pi_2,0.25,0.0,0.0,0.0,0.0,0.0,True,0.95,0.95
highest_stage_posterior,development:402:FR+FJ:independent:0.25:0.00:0:highest_stage_posterior,independent,pi_2,0.25,0.0,0.0,0.0,0.0,0.1499999999999999,True,0.8,0.95
greedy_gain,development:402:FR+FJ:independent:0.25:0.00:0:greedy_gain,independent,pi_2,0.25,0.0,0.0,0.0,0.0,0.1499999999999999,True,0.8,0.95
end_to_end,development:402:FR+FJ:independent:0.25:0.00:0:end_to_end,independent,pi_2,0.25,0.0,0.0,0.0,0.0,0.1499999999999999,True,0.8,0.95
oracle,development:402:FR+FJ:independent:0.25:0.00:0:oracle,independent,pi_2,0.25,0.0,0.0,0.0,0.0,0.0,True,0.95,0.95
qrtc,development:402:FR+FJ:independent:0.25:0.05:0:qrtc,independent,pi_2,0.25,0.05,0.0,0.0,0.0,0.1499999999999999,True,0.8,0.95
random,development:402:FR+FJ:independent:0.25:0.05:0:random,independent,pi_2,0.25,0.05,0.0,0.0,1.0,1.35,False,-0.4,0.95
cheapest_first,development:402:FR+FJ:independent:0.25:0.05:0:cheapest_first,independent,pi_2,0.25,0.05,0.0,0.0,0.0,0.0,True,0.95,0.95
highest_stage_posterior,development:402:FR+FJ:independent:0.25:0.05:0:highest_stage_posterior,independent,pi_2,0.25,0.05,0.0,0.0,0.0,0.1499999999999999,True,0.8,0.95
greedy_gain,development:402:FR+FJ:independent:0.25:0.05:0:greedy_gain,independent,pi_2,0.25,0.05,0.0,0.0,0.0,0.1499999999999999,True,0.8,0.95
end_to_end,development:402:FR+FJ:independent:0.25:0.05:0:end_to_end,independent,pi_2,0.25,0.05,0.0,0.0,0.0,0.1499999999999999,True,0.8,0.95
oracle,development:402:FR+FJ:independent:0.25:0.05:0:oracle,independent,pi_2,0.25,0.05,0.0,0.0,0.0,0.0,True,0.95,0.95
qrtc,development:402:FR+FJ:independent:0.25:0.10:0:qrtc,independent,pi_2,0.25,0.1,0.0,0.0,0.0,0.1499999999999999,True,0.8,0.95
random,development:402:FR+FJ:independent:0.25:0.10:0:random,independent,pi_2,0.25,0.1,0.0,0.0,1.0,1.2999999999999998,False,-0.35,0.95
cheapest_first,development:402:FR+FJ:independent:0.25:0.10:0:cheapest_first,independent,pi_2,0.25,0.1,0.0,0.0,0.0,0.0,True,0.95,0.95
highest_stage_posterior,development:402:FR+FJ:independent:0.25:0.10:0:highest_stage_posterior,independent,pi_2,0.25,0.1,0.0,0.0,0.0,0.1499999999999999,True,0.8,0.95
greedy_gain,development:402:FR+FJ:independent:0.25:0.10:0:greedy_gain,independent,pi_2,0.25,0.1,0.0,0.0,0.0,0.1499999999999999,True,0.8,0.95
end_to_end,development:402:FR+FJ:independent:0.25:0.10:0:end_to_end,independent,pi_2,0.25,0.1,0.0,0.0,0.0,0.1499999999999999,True,0.8,0.95
oracle,development:402:FR+FJ:independent:0.25:0.10:0:oracle,independent,pi_2,0.25,0.1,0.0,0.0,0.0,0.0,True,0.95,0.95
qrtc,development:402:FR+FJ:independent:0.25:0.20:0:qrtc,independent,pi_2,0.25,0.2,0.0,0.0,0.0,0.1499999999999999,True,0.8,0.95
random,development:402:FR+FJ:independent:0.25:0.20:0:random,independent,pi_2,0.25,0.2,0.0,0.0,0.0,0.1499999999999999,True,0.8,0.95
cheapest_first,development:402:FR+FJ:independent:0.25:0.20:0:cheapest_first,independent,pi_2,0.25,0.2,0.0,0.0,0.0,0.0,True,0.95,0.95
highest_stage_posterior,development:402:FR+FJ:independent:0.25:0.20:0:highest_stage_posterior,independent,pi_2,0.25,0.2,0.0,0.0,0.0,0.1499999999999999,True,0.8,0.95
greedy_gain,development:402:FR+FJ:independent:0.25:0.20:0:greedy_gain,independent,pi_2,0.25,0.2,0.0,0.0,0.0,0.1499999999999999,True,0.8,0.95
end_to_end,development:402:FR+FJ:independent:0.25:0.20:0:end_to_end,independent,pi_2,0.25,0.2,0.0,0.0,0.0,0.1499999999999999,True,0.8,0.95
oracle,development:402:FR+FJ:independent:0.25:0.20:0:oracle,independent,pi_2,0.25,0.2,0.0,0.0,0.0,0.0,True,0.95,0.95
qrtc,development:402:FR+FJ:independent:0.50:0.00:0:qrtc,independent,pi_2,0.5,0.0,0.0,0.0,0.0,0.1499999999999999,True,0.8,0.95
random,development:402:FR+FJ:independent:0.50:0.00:0:random,independent,pi_2,0.5,0.0,0.0,0.0,0.0,0.1499999999999999,True,0.8,0.95
cheapest_first,development:402:FR+FJ:independent:0.50:0.00:0:cheapest_first,independent,pi_2,0.5,0.0,0.0,0.0,0.0,0.0,True,0.95,0.95
highest_stage_posterior,development:402:FR+FJ:independent:0.50:0.00:0:highest_stage_posterior,independent,pi_2,0.5,0.0,0.0,0.0,0.0,0.1499999999999999,True,0.8,0.95
greedy_gain,development:402:FR+FJ:independent:0.50:0.00:0:greedy_gain,independent,pi_2,0.5,0.0,0.0,0.0,0.0,0.1499999999999999,True,0.8,0.95
end_to_end,development:402:FR+FJ:independent:0.50:0.00:0:end_to_end,independent,pi_2,0.5,0.0,0.0,0.0,0.0,0.1499999999999999,True,0.8,0.95
oracle,development:402:FR+FJ:independent:0.50:0.00:0:oracle,independent,pi_2,0.5,0.0,0.0,0.0,0.0,0.0,True,0.95,0.95
qrtc,development:402:FR+FJ:independent:0.50:0.05:0:qrtc,independent,pi_2,0.5,0.05,0.0,0.0,0.0,0.1499999999999999,True,0.8,0.95
random,development:402:FR+FJ:independent:0.50:0.05:0:random,independent,pi_2,0.5,0.05,0.0,0.0,1.0,1.35,False,-0.4,0.95
cheapest_first,development:402:FR+FJ:independent:0.50:0.05:0:cheapest_first,independent,pi_2,0.5,0.05,0.0,0.0,0.0,0.0,True,0.95,0.95
highest_stage_posterior,development:402:FR+FJ:independent:0.50:0.05:0:highest_stage_posterior,independent,pi_2,0.5,0.05,0.0,0.0,0.0,0.1499999999999999,True,0.8,0.95
greedy_gain,development:402:FR+FJ:independent:0.50:0.05:0:greedy_gain,independent,pi_2,0.5,0.05,0.0,0.0,0.0,0.1499999999999999,True,0.8,0.95
end_to_end,development:402:FR+FJ:independent:0.50:0.05:0:end_to_end,independent,pi_2,0.5,0.05,0.0,0.0,0.0,0.1499999999999999,True,0.8,0.95
oracle,development:402:FR+FJ:independent:0.50:0.05:0:oracle,independent,pi_2,0.5,0.05,0.0,0.0,0.0,0.0,True,0.95,0.95
qrtc,development:402:FR+FJ:independent:0.50:0.10:0:qrtc,independent,pi_2,0.5,0.1,0.0,0.0,0.0,0.1499999999999999,True,0.8,0.95
random,development:402:FR+FJ:independent:0.50:0.10:0:random,independent,pi_2,0.5,0.1,0.0,0.0,1.0,1.45,False,-0.5,0.95
cheapest_first,development:402:FR+FJ:independent:0.50:0.10:0:cheapest_first,independent,pi_2,0.5,0.1,0.0,0.0,0.0,0.0,True,0.95,0.95
highest_stage_posterior,development:402:FR+FJ:independent:0.50:0.10:0:highest_stage_posterior,independent,pi_2,0.5,0.1,0.0,0.0,0.0,0.1499999999999999,True,0.8,0.95
greedy_gain,development:402:FR+FJ:independent:0.50:0.10:0:greedy_gain,independent,pi_2,0.5,0.1,0.0,0.0,0.0,0.1499999999999999,True,0.8,0.95
end_to_end,development:402:FR+FJ:independent:0.50:0.10:0:end_to_end,independent,pi_2,0.5,0.1,0.0,0.0,0.0,0.1499999999999999,True,0.8,0.95
oracle,development:402:FR+FJ:independent:0.50:0.10:0:oracle,independent,pi_2,0.5,0.1,0.0,0.0,0.0,0.0,True,0.95,0.95
qrtc,development:402:FR+FJ:independent:0.50:0.20:0:qrtc,independent,pi_2,0.5,0.2,0.0,0.0,0.0,0.1499999999999999,True,0.8,0.95
random,development:402:FR+FJ:independent:0.50:0.20:0:random,independent,pi_2,0.5,0.2,0.0,0.0,1.0,1.4,False,-0.45,0.95
cheapest_first,development:402:FR+FJ:independent:0.50:0.20:0:cheapest_first,independent,pi_2,0.5,0.2,0.0,0.0,0.0,0.0,True,0.95,0.95
highest_stage_posterior,development:402:FR+FJ:independent:0.50:0.20:0:highest_stage_posterior,independent,pi_2,0.5,0.2,0.0,0.0,0.0,0.1499999999999999,True,0.8,0.95
greedy_gain,development:402:FR+FJ:independent:0.50:0.20:0:greedy_gain,independent,pi_2,0.5,0.2,0.0,0.0,0.0,0.1499999999999999,True,0.8,0.95
end_to_end,development:402:FR+FJ:independent:0.50:0.20:0:end_to_end,independent,pi_2,0.5,0.2,0.0,0.0,0.0,0.1499999999999999,True,0.8,0.95
oracle,development:402:FR+FJ:independent:0.50:0.20:0:oracle,independent,pi_2,0.5,0.2,0.0,0.0,0.0,0.0,True,0.95,0.95
qrtc,development:402:FR+FJ:independent:0.75:0.00:0:qrtc,independent,pi_2,0.75,0.0,0.0,0.0,0.0,0.1499999999999999,True,0.8,0.95
random,development:402:FR+FJ:independent:0.75:0.00:0:random,independent,pi_2,0.75,0.0,0.0,0.0,1.0,1.35,False,-0.4,0.95
cheapest_first,development:402:FR+FJ:independent:0.75:0.00:0:cheapest_first,independent,pi_2,0.75,0.0,0.0,0.0,0.0,0.0,True,0.95,0.95
highest_stage_posterior,development:402:FR+FJ:independent:0.75:0.00:0:highest_stage_posterior,independent,pi_2,0.75,0.0,0.0,0.0,0.0,0.1499999999999999,True,0.8,0.95
greedy_gain,development:402:FR+FJ:independent:0.75:0.00:0:greedy_gain,independent,pi_2,0.75,0.0,0.0,0.0,0.0,0.1499999999999999,True,0.8,0.95
end_to_end,development:402:FR+FJ:independent:0.75:0.00:0:end_to_end,independent,pi_2,0.75,0.0,0.0,0.0,0.0,0.1499999999999999,True,0.8,0.95
oracle,development:402:FR+FJ:independent:0.75:0.00:0:oracle,independent,pi_2,0.75,0.0,0.0,0.0,0.0,0.0,True,0.95,0.95
qrtc,development:402:FR+FJ:independent:0.75:0.05:0:qrtc,independent,pi_2,0.75,0.05,0.0,0.0,0.0,0.1499999999999999,True,0.8,0.95
random,development:402:FR+FJ:independent:0.75:0.05:0:random,independent,pi_2,0.75,0.05,0.0,0.0,1.0,1.2999999999999998,False,-0.35,0.95
cheapest_first,development:402:FR+FJ:independent:0.75:0.05:0:cheapest_first,independent,pi_2,0.75,0.05,0.0,0.0,0.0,0.0,True,0.95,0.95
highest_stage_posterior,development:402:FR+FJ:independent:0.75:0.05:0:highest_stage_posterior,independent,pi_2,0.75,0.05,0.0,0.0,0.0,0.1499999999999999,True,0.8,0.95
greedy_gain,development:402:FR+FJ:independent:0.75:0.05:0:greedy_gain,independent,pi_2,0.75,0.05,0.0,0.0,0.0,0.1499999999999999,True,0.8,0.95
end_to_end,development:402:FR+FJ:independent:0.75:0.05:0:end_to_end,independent,pi_2,0.75,0.05,0.0,0.0,0.0,0.1499999999999999,True,0.8,0.95
oracle,development:402:FR+FJ:independent:0.75:0.05:0:oracle,independent,pi_2,0.75,0.05,0.0,0.0,0.0,0.0,True,0.95,0.95
qrtc,development:402:FR+FJ:independent:0.75:0.10:0:qrtc,independent,pi_2,0.75,0.1,0.0,0.0,0.0,0.1499999999999999,True,0.8,0.95
random,development:402:FR+FJ:independent:0.75:0.10:0:random,independent,pi_2,0.75,0.1,0.0,0.0,1.0,1.2999999999999998,False,-0.35,0.95
cheapest_first,development:402:FR+FJ:independent:0.75:0.10:0:cheapest_first,independent,pi_2,0.75,0.1,0.0,0.0,0.0,0.0,True,0.95,0.95
highest_stage_posterior,development:402:FR+FJ:independent:0.75:0.10:0:highest_stage_posterior,independent,pi_2,0.75,0.1,0.0,0.0,0.0,0.1499999999999999,True,0.8,0.95
greedy_gain,development:402:FR+FJ:independent:0.75:0.10:0:greedy_gain,independent,pi_2,0.75,0.1,0.0,0.0,0.0,0.1499999999999999,True,0.8,0.95
end_to_end,development:402:FR+FJ:independent:0.75:0.10:0:end_to_end,independent,pi_2,0.75,0.1,0.0,0.0,0.0,0.1499999999999999,True,0.8,0.95
oracle,development:402:FR+FJ:independent:0.75:0.10:0:oracle,independent,pi_2,0.75,0.1,0.0,0.0,0.0,0.0,True,0.95,0.95
qrtc,development:402:FR+FJ:independent:0.75:0.20:0:qrtc,independent,pi_2,0.75,0.2,0.0,0.0,0.0,0.1499999999999999,True,0.8,0.95
random,development:402:FR+FJ:independent:0.75:0.20:0:random,independent,pi_2,0.75,0.2,0.0,0.0,0.0,0.0,True,0.95,0.95
cheapest_first,development:402:FR+FJ:independent:0.75:0.20:0:cheapest_first,independent,pi_2,0.75,0.2,0.0,0.0,0.0,0.0,True,0.95,0.95
highest_stage_posterior,development:402:FR+FJ:independent:0.75:0.20:0:highest_stage_posterior,independent,pi_2,0.75,0.2,0.0,0.0,0.0,0.1499999999999999,True,0.8,0.95
greedy_gain,development:402:FR+FJ:independent:0.75:0.20:0:greedy_gain,independent,pi_2,0.75,0.2,0.0,0.0,0.0,0.1499999999999999,True,0.8,0.95
end_to_end,development:402:FR+FJ:independent:0.75:0.20:0:end_to_end,independent,pi_2,0.75,0.2,0.0,0.0,0.0,0.1499999999999999,True,0.8,0.95
oracle,development:402:FR+FJ:independent:0.75:0.20:0:oracle,independent,pi_2,0.75,0.2,0.0,0.0,0.0,0.0,True,0.95,0.95
qrtc,development:402:FR+FJ:independent:1.00:0.00:0:qrtc,independent,pi_2,1.0,0.0,0.0,0.0,0.0,0.1499999999999999,True,0.8,0.95
random,development:402:FR+FJ:independent:1.00:0.00:0:random,independent,pi_2,1.0,0.0,0.0,0.0,1.0,1.35,False,-0.4,0.95
cheapest_first,development:402:FR+FJ:independent:1.00:0.00:0:cheapest_first,independent,pi_2,1.0,0.0,0.0,0.0,0.0,0.0,True,0.95,0.95
highest_stage_posterior,development:402:FR+FJ:independent:1.00:0.00:0:highest_stage_posterior,independent,pi_2,1.0,0.0,0.0,0.0,0.0,0.1499999999999999,True,0.8,0.95
greedy_gain,development:402:FR+FJ:independent:1.00:0.00:0:greedy_gain,independent,pi_2,1.0,0.0,0.0,0.0,0.0,0.1499999999999999,True,0.8,0.95
end_to_end,development:402:FR+FJ:independent:1.00:0.00:0:end_to_end,independent,pi_2,1.0,0.0,0.0,0.0,0.0,0.1499999999999999,True,0.8,0.95
oracle,development:402:FR+FJ:independent:1.00:0.00:0:oracle,independent,pi_2,1.0,0.0,0.0,0.0,0.0,0.0,True,0.95,0.95
qrtc,development:402:FR+FJ:independent:1.00:0.05:0:qrtc,independent,pi_2,1.0,0.05,0.0,0.0,0.0,0.1499999999999999,True,0.8,0.95
random,development:402:FR+FJ:independent:1.00:0.05:0:random,independent,pi_2,1.0,0.05,0.0,0.0,1.0,1.45,False,-0.5,0.95
cheapest_first,development:402:FR+FJ:independent:1.00:0.05:0:cheapest_first,independent,pi_2,1.0,0.05,0.0,0.0,0.0,0.0,True,0.95,0.95
highest_stage_posterior,development:402:FR+FJ:independent:1.00:0.05:0:highest_stage_posterior,independent,pi_2,1.0,0.05,0.0,0.0,0.0,0.1499999999999999,True,0.8,0.95
greedy_gain,development:402:FR+FJ:independent:1.00:0.05:0:greedy_gain,independent,pi_2,1.0,0.05,0.0,0.0,0.0,0.1499999999999999,True,0.8,0.95
end_to_end,development:402:FR+FJ:independent:1.00:0.05:0:end_to_end,independent,pi_2,1.0,0.05,0.0,0.0,0.0,0.1499999999999999,True,0.8,0.95
oracle,development:402:FR+FJ:independent:1.00:0.05:0:oracle,independent,pi_2,1.0,0.05,0.0,0.0,0.0,0.0,True,0.95,0.95
qrtc,development:402:FR+FJ:independent:1.00:0.10:0:qrtc,independent,pi_2,1.0,0.1,0.0,0.0,0.0,0.1499999999999999,True,0.8,0.95
random,development:402:FR+FJ:independent:1.00:0.10:0:random,independent,pi_2,1.0,0.1,0.0,0.0,1.0,1.2999999999999998,False,-0.35,0.95
cheapest_first,development:402:FR+FJ:independent:1.00:0.10:0:cheapest_first,independent,pi_2,1.0,0.1,0.0,0.0,0.0,0.0,True,0.95,0.95
highest_stage_posterior,development:402:FR+FJ:independent:1.00:0.10:0:highest_stage_posterior,independent,pi_2,1.0,0.1,0.0,0.0,0.0,0.1499999999999999,True,0.8,0.95
greedy_gain,development:402:FR+FJ:independent:1.00:0.10:0:greedy_gain,independent,pi_2,1.0,0.1,0.0,0.0,0.0,0.1499999999999999,True,0.8,0.95
end_to_end,development:402:FR+FJ:independent:1.00:0.10:0:end_to_end,independent,pi_2,1.0,0.1,0.0,0.0,0.0,0.1499999999999999,True,0.8,0.95
oracle,development:402:FR+FJ:independent:1.00:0.10:0:oracle,independent,pi_2,1.0,0.1,0.0,0.0,0.0,0.0,True,0.95,0.95
qrtc,development:402:FR+FJ:independent:1.00:0.20:0:qrtc,independent,pi_2,1.0,0.2,0.0,0.0,0.0,0.1499999999999999,True,0.8,0.95
random,development:402:FR+FJ:independent:1.00:0.20:0:random,independent,pi_2,1.0,0.2,0.0,0.0,1.0,1.25,False,-0.3,0.95
cheapest_first,development:402:FR+FJ:independent:1.00:0.20:0:cheapest_first,independent,pi_2,1.0,0.2,0.0,0.0,0.0,0.0,True,0.95,0.95
highest_stage_posterior,development:402:FR+FJ:independent:1.00:0.20:0:highest_stage_posterior,independent,pi_2,1.0,0.2,0.0,0.0,0.0,0.1499999999999999,True,0.8,0.95
greedy_gain,development:402:FR+FJ:independent:1.00:0.20:0:greedy_gain,independent,pi_2,1.0,0.2,0.0,0.0,0.0,0.1499999999999999,True,0.8,0.95
end_to_end,development:402:FR+FJ:independent:1.00:0.20:0:end_to_end,independent,pi_2,1.0,0.2,0.0,0.0,0.0,0.1499999999999999,True,0.8,0.95
oracle,development:402:FR+FJ:independent:1.00:0.20:0:oracle,independent,pi_2,1.0,0.2,0.0,0.0,0.0,0.0,True,0.95,0.95
qrtc,development:402:FR+FJ:synergistic:0.25:0.00:0:qrtc,synergistic,pi_2,0.25,0.0,0.0,0.0,0.0,0.1499999999999999,True,0.8,0.95
random,development:402:FR+FJ:synergistic:0.25:0.00:0:random,synergistic,pi_2,0.25,0.0,0.0,0.0,1.0,1.4,False,-0.45,0.95
cheapest_first,development:402:FR+FJ:synergistic:0.25:0.00:0:cheapest_first,synergistic,pi_2,0.25,0.0,0.0,0.0,0.0,0.0,True,0.95,0.95
highest_stage_posterior,development:402:FR+FJ:synergistic:0.25:0.00:0:highest_stage_posterior,synergistic,pi_2,0.25,0.0,0.0,0.0,0.0,0.1499999999999999,True,0.8,0.95
greedy_gain,development:402:FR+FJ:synergistic:0.25:0.00:0:greedy_gain,synergistic,pi_2,0.25,0.0,0.0,0.0,0.0,0.1499999999999999,True,0.8,0.95
end_to_end,development:402:FR+FJ:synergistic:0.25:0.00:0:end_to_end,synergistic,pi_2,0.25,0.0,0.0,0.0,0.0,0.1499999999999999,True,0.8,0.95
oracle,development:402:FR+FJ:synergistic:0.25:0.00:0:oracle,synergistic,pi_2,0.25,0.0,0.0,0.0,0.0,0.0,True,0.95,0.95
qrtc,development:402:FR+FJ:synergistic:0.25:0.05:0:qrtc,synergistic,pi_2,0.25,0.05,0.0,0.0,0.0,0.1499999999999999,True,0.8,0.95
random,development:402:FR+FJ:synergistic:0.25:0.05:0:random,synergistic,pi_2,0.25,0.05,0.0,0.0,1.0,1.35,False,-0.4,0.95
cheapest_first,development:402:FR+FJ:synergistic:0.25:0.05:0:cheapest_first,synergistic,pi_2,0.25,0.05,0.0,0.0,0.0,0.0,True,0.95,0.95
highest_stage_posterior,development:402:FR+FJ:synergistic:0.25:0.05:0:highest_stage_posterior,synergistic,pi_2,0.25,0.05,0.0,0.0,0.0,0.1499999999999999,True,0.8,0.95
greedy_gain,development:402:FR+FJ:synergistic:0.25:0.05:0:greedy_gain,synergistic,pi_2,0.25,0.05,0.0,0.0,0.0,0.1499999999999999,True,0.8,0.95
end_to_end,development:402:FR+FJ:synergistic:0.25:0.05:0:end_to_end,synergistic,pi_2,0.25,0.05,0.0,0.0,0.0,0.1499999999999999,True,0.8,0.95
oracle,development:402:FR+FJ:synergistic:0.25:0.05:0:oracle,synergistic,pi_2,0.25,0.05,0.0,0.0,0.0,0.0,True,0.95,0.95
qrtc,development:402:FR+FJ:synergistic:0.25:0.10:0:qrtc,synergistic,pi_2,0.25,0.1,0.0,0.0,0.0,0.1499999999999999,True,0.8,0.95
random,development:402:FR+FJ:synergistic:0.25:0.10:0:random,synergistic,pi_2,0.25,0.1,0.0,0.0,1.0,1.2999999999999998,False,-0.35,0.95
cheapest_first,development:402:FR+FJ:synergistic:0.25:0.10:0:cheapest_first,synergistic,pi_2,0.25,0.1,0.0,0.0,0.0,0.0,True,0.95,0.95
highest_stage_posterior,development:402:FR+FJ:synergistic:0.25:0.10:0:highest_stage_posterior,synergistic,pi_2,0.25,0.1,0.0,0.0,0.0,0.1499999999999999,True,0.8,0.95
greedy_gain,development:402:FR+FJ:synergistic:0.25:0.10:0:greedy_gain,synergistic,pi_2,0.25,0.1,0.0,0.0,0.0,0.1499999999999999,True,0.8,0.95
end_to_end,development:402:FR+FJ:synergistic:0.25:0.10:0:end_to_end,synergistic,pi_2,0.25,0.1,0.0,0.0,0.0,0.1499999999999999,True,0.8,0.95
oracle,development:402:FR+FJ:synergistic:0.25:0.10:0:oracle,synergistic,pi_2,0.25,0.1,0.0,0.0,0.0,0.0,True,0.95,0.95
qrtc,development:402:FR+FJ:synergistic:0.25:0.20:0:qrtc,synergistic,pi_2,0.25,0.2,0.0,0.0,0.0,0.1499999999999999,True,0.8,0.95
random,development:402:FR+FJ:synergistic:0.25:0.20:0:random,synergistic,pi_2,0.25,0.2,0.0,0.0,0.0,0.1499999999999999,True,0.8,0.95
cheapest_first,development:402:FR+FJ:synergistic:0.25:0.20:0:cheapest_first,synergistic,pi_2,0.25,0.2,0.0,0.0,0.0,0.0,True,0.95,0.95
highest_stage_posterior,development:402:FR+FJ:synergistic:0.25:0.20:0:highest_stage_posterior,synergistic,pi_2,0.25,0.2,0.0,0.0,0.0,0.1499999999999999,True,0.8,0.95
greedy_gain,development:402:FR+FJ:synergistic:0.25:0.20:0:greedy_gain,synergistic,pi_2,0.25,0.2,0.0,0.0,0.0,0.1499999999999999,True,0.8,0.95
end_to_end,development:402:FR+FJ:synergistic:0.25:0.20:0:end_to_end,synergistic,pi_2,0.25,0.2,0.0,0.0,0.0,0.1499999999999999,True,0.8,0.95
oracle,development:402:FR+FJ:synergistic:0.25:0.20:0:oracle,synergistic,pi_2,0.25,0.2,0.0,0.0,0.0,0.0,True,0.95,0.95
qrtc,development:402:FR+FJ:synergistic:0.50:0.00:0:qrtc,synergistic,pi_2,0.5,0.0,0.0,0.0,0.0,0.1499999999999999,True,0.8,0.95
random,development:402:FR+FJ:synergistic:0.50:0.00:0:random,synergistic,pi_2,0.5,0.0,0.0,0.0,0.0,0.1499999999999999,True,0.8,0.95
cheapest_first,development:402:FR+FJ:synergistic:0.50:0.00:0:cheapest_first,synergistic,pi_2,0.5,0.0,0.0,0.0,0.0,0.0,True,0.95,0.95
highest_stage_posterior,development:402:FR+FJ:synergistic:0.50:0.00:0:highest_stage_posterior,synergistic,pi_2,0.5,0.0,0.0,0.0,0.0,0.1499999999999999,True,0.8,0.95
greedy_gain,development:402:FR+FJ:synergistic:0.50:0.00:0:greedy_gain,synergistic,pi_2,0.5,0.0,0.0,0.0,0.0,0.1499999999999999,True,0.8,0.95
end_to_end,development:402:FR+FJ:synergistic:0.50:0.00:0:end_to_end,synergistic,pi_2,0.5,0.0,0.0,0.0,0.0,0.1499999999999999,True,0.8,0.95
oracle,development:402:FR+FJ:synergistic:0.50:0.00:0:oracle,synergistic,pi_2,0.5,0.0,0.0,0.0,0.0,0.0,True,0.95,0.95
qrtc,development:402:FR+FJ:synergistic:0.50:0.05:0:qrtc,synergistic,pi_2,0.5,0.05,0.0,0.0,0.0,0.1499999999999999,True,0.8,0.95
random,development:402:FR+FJ:synergistic:0.50:0.05:0:random,synergistic,pi_2,0.5,0.05,0.0,0.0,1.0,1.35,False,-0.4,0.95
cheapest_first,development:402:FR+FJ:synergistic:0.50:0.05:0:cheapest_first,synergistic,pi_2,0.5,0.05,0.0,0.0,0.0,0.0,True,0.95,0.95
highest_stage_posterior,development:402:FR+FJ:synergistic:0.50:0.05:0:highest_stage_posterior,synergistic,pi_2,0.5,0.05,0.0,0.0,0.0,0.1499999999999999,True,0.8,0.95
greedy_gain,development:402:FR+FJ:synergistic:0.50:0.05:0:greedy_gain,synergistic,pi_2,0.5,0.05,0.0,0.0,0.0,0.1499999999999999,True,0.8,0.95
end_to_end,development:402:FR+FJ:synergistic:0.50:0.05:0:end_to_end,synergistic,pi_2,0.5,0.05,0.0,0.0,0.0,0.1499999999999999,True,0.8,0.95
oracle,development:402:FR+FJ:synergistic:0.50:0.05:0:oracle,synergistic,pi_2,0.5,0.05,0.0,0.0,0.0,0.0,True,0.95,0.95
qrtc,development:402:FR+FJ:synergistic:0.50:0.10:0:qrtc,synergistic,pi_2,0.5,0.1,0.0,0.0,0.0,0.1499999999999999,True,0.8,0.95
random,development:402:FR+FJ:synergistic:0.50:0.10:0:random,synergistic,pi_2,0.5,0.1,0.0,0.0,1.0,1.45,False,-0.5,0.95
cheapest_first,development:402:FR+FJ:synergistic:0.50:0.10:0:cheapest_first,synergistic,pi_2,0.5,0.1,0.0,0.0,0.0,0.0,True,0.95,0.95
highest_stage_posterior,development:402:FR+FJ:synergistic:0.50:0.10:0:highest_stage_posterior,synergistic,pi_2,0.5,0.1,0.0,0.0,0.0,0.1499999999999999,True,0.8,0.95
greedy_gain,development:402:FR+FJ:synergistic:0.50:0.10:0:greedy_gain,synergistic,pi_2,0.5,0.1,0.0,0.0,0.0,0.1499999999999999,True,0.8,0.95
end_to_end,development:402:FR+FJ:synergistic:0.50:0.10:0:end_to_end,synergistic,pi_2,0.5,0.1,0.0,0.0,0.0,0.1499999999999999,True,0.8,0.95
oracle,development:402:FR+FJ:synergistic:0.50:0.10:0:oracle,synergistic,pi_2,0.5,0.1,0.0,0.0,0.0,0.0,True,0.95,0.95
qrtc,development:402:FR+FJ:synergistic:0.50:0.20:0:qrtc,synergistic,pi_2,0.5,0.2,0.0,0.0,0.0,0.1499999999999999,True,0.8,0.95
random,development:402:FR+FJ:synergistic:0.50:0.20:0:random,synergistic,pi_2,0.5,0.2,0.0,0.0,1.0,1.4,False,-0.45,0.95
cheapest_first,development:402:FR+FJ:synergistic:0.50:0.20:0:cheapest_first,synergistic,pi_2,0.5,0.2,0.0,0.0,0.0,0.0,True,0.95,0.95
highest_stage_posterior,development:402:FR+FJ:synergistic:0.50:0.20:0:highest_stage_posterior,synergistic,pi_2,0.5,0.2,0.0,0.0,0.0,0.1499999999999999,True,0.8,0.95
greedy_gain,development:402:FR+FJ:synergistic:0.50:0.20:0:greedy_gain,synergistic,pi_2,0.5,0.2,0.0,0.0,0.0,0.1499999999999999,True,0.8,0.95
end_to_end,development:402:FR+FJ:synergistic:0.50:0.20:0:end_to_end,synergistic,pi_2,0.5,0.2,0.0,0.0,0.0,0.1499999999999999,True,0.8,0.95
oracle,development:402:FR+FJ:synergistic:0.50:0.20:0:oracle,synergistic,pi_2,0.5,0.2,0.0,0.0,0.0,0.0,True,0.95,0.95
qrtc,development:402:FR+FJ:synergistic:0.75:0.00:0:qrtc,synergistic,pi_2,0.75,0.0,0.0,0.0,0.0,0.1499999999999999,True,0.8,0.95
random,development:402:FR+FJ:synergistic:0.75:0.00:0:random,synergistic,pi_2,0.75,0.0,0.0,0.0,1.0,1.35,False,-0.4,0.95
cheapest_first,development:402:FR+FJ:synergistic:0.75:0.00:0:cheapest_first,synergistic,pi_2,0.75,0.0,0.0,0.0,0.0,0.0,True,0.95,0.95
highest_stage_posterior,development:402:FR+FJ:synergistic:0.75:0.00:0:highest_stage_posterior,synergistic,pi_2,0.75,0.0,0.0,0.0,0.0,0.1499999999999999,True,0.8,0.95
greedy_gain,development:402:FR+FJ:synergistic:0.75:0.00:0:greedy_gain,synergistic,pi_2,0.75,0.0,0.0,0.0,0.0,0.1499999999999999,True,0.8,0.95
end_to_end,development:402:FR+FJ:synergistic:0.75:0.00:0:end_to_end,synergistic,pi_2,0.75,0.0,0.0,0.0,0.0,0.1499999999999999,True,0.8,0.95
oracle,development:402:FR+FJ:synergistic:0.75:0.00:0:oracle,synergistic,pi_2,0.75,0.0,0.0,0.0,0.0,0.0,True,0.95,0.95
qrtc,development:402:FR+FJ:synergistic:0.75:0.05:0:qrtc,synergistic,pi_2,0.75,0.05,0.0,0.0,0.0,0.1499999999999999,True,0.8,0.95
random,development:402:FR+FJ:synergistic:0.75:0.05:0:random,synergistic,pi_2,0.75,0.05,0.0,0.0,1.0,1.2999999999999998,False,-0.35,0.95
cheapest_first,development:402:FR+FJ:synergistic:0.75:0.05:0:cheapest_first,synergistic,pi_2,0.75,0.05,0.0,0.0,0.0,0.0,True,0.95,0.95
highest_stage_posterior,development:402:FR+FJ:synergistic:0.75:0.05:0:highest_stage_posterior,synergistic,pi_2,0.75,0.05,0.0,0.0,0.0,0.1499999999999999,True,0.8,0.95
greedy_gain,development:402:FR+FJ:synergistic:0.75:0.05:0:greedy_gain,synergistic,pi_2,0.75,0.05,0.0,0.0,0.0,0.1499999999999999,True,0.8,0.95
end_to_end,development:402:FR+FJ:synergistic:0.75:0.05:0:end_to_end,synergistic,pi_2,0.75,0.05,0.0,0.0,0.0,0.1499999999999999,True,0.8,0.95
oracle,development:402:FR+FJ:synergistic:0.75:0.05:0:oracle,synergistic,pi_2,0.75,0.05,0.0,0.0,0.0,0.0,True,0.95,0.95
qrtc,development:402:FR+FJ:synergistic:0.75:0.10:0:qrtc,synergistic,pi_2,0.75,0.1,0.0,0.0,0.0,0.1499999999999999,True,0.8,0.95
random,development:402:FR+FJ:synergistic:0.75:0.10:0:random,synergistic,pi_2,0.75,0.1,0.0,0.0,1.0,1.2999999999999998,False,-0.35,0.95
cheapest_first,development:402:FR+FJ:synergistic:0.75:0.10:0:cheapest_first,synergistic,pi_2,0.75,0.1,0.0,0.0,0.0,0.0,True,0.95,0.95
highest_stage_posterior,development:402:FR+FJ:synergistic:0.75:0.10:0:highest_stage_posterior,synergistic,pi_2,0.75,0.1,0.0,0.0,0.0,0.1499999999999999,True,0.8,0.95
greedy_gain,development:402:FR+FJ:synergistic:0.75:0.10:0:greedy_gain,synergistic,pi_2,0.75,0.1,0.0,0.0,0.0,0.1499999999999999,True,0.8,0.95
end_to_end,development:402:FR+FJ:synergistic:0.75:0.10:0:end_to_end,synergistic,pi_2,0.75,0.1,0.0,0.0,0.0,0.1499999999999999,True,0.8,0.95
oracle,development:402:FR+FJ:synergistic:0.75:0.10:0:oracle,synergistic,pi_2,0.75,0.1,0.0,0.0,0.0,0.0,True,0.95,0.95
qrtc,development:402:FR+FJ:synergistic:0.75:0.20:0:qrtc,synergistic,pi_2,0.75,0.2,0.0,0.0,0.0,0.1499999999999999,True,0.8,0.95
random,development:402:FR+FJ:synergistic:0.75:0.20:0:random,synergistic,pi_2,0.75,0.2,0.0,0.0,0.0,0.0,True,0.95,0.95
cheapest_first,development:402:FR+FJ:synergistic:0.75:0.20:0:cheapest_first,synergistic,pi_2,0.75,0.2,0.0,0.0,0.0,0.0,True,0.95,0.95
highest_stage_posterior,development:402:FR+FJ:synergistic:0.75:0.20:0:highest_stage_posterior,synergistic,pi_2,0.75,0.2,0.0,0.0,0.0,0.1499999999999999,True,0.8,0.95
greedy_gain,development:402:FR+FJ:synergistic:0.75:0.20:0:greedy_gain,synergistic,pi_2,0.75,0.2,0.0,0.0,0.0,0.1499999999999999,True,0.8,0.95
end_to_end,development:402:FR+FJ:synergistic:0.75:0.20:0:end_to_end,synergistic,pi_2,0.75,0.2,0.0,0.0,0.0,0.1499999999999999,True,0.8,0.95
oracle,development:402:FR+FJ:synergistic:0.75:0.20:0:oracle,synergistic,pi_2,0.75,0.2,0.0,0.0,0.0,0.0,True,0.95,0.95
qrtc,development:402:FR+FJ:synergistic:1.00:0.00:0:qrtc,synergistic,pi_2,1.0,0.0,0.0,0.0,0.0,0.1499999999999999,True,0.8,0.95
random,development:402:FR+FJ:synergistic:1.00:0.00:0:random,synergistic,pi_2,1.0,0.0,0.0,0.0,1.0,1.35,False,-0.4,0.95
cheapest_first,development:402:FR+FJ:synergistic:1.00:0.00:0:cheapest_first,synergistic,pi_2,1.0,0.0,0.0,0.0,0.0,0.0,True,0.95,0.95
highest_stage_posterior,development:402:FR+FJ:synergistic:1.00:0.00:0:highest_stage_posterior,synergistic,pi_2,1.0,0.0,0.0,0.0,0.0,0.1499999999999999,True,0.8,0.95
greedy_gain,development:402:FR+FJ:synergistic:1.00:0.00:0:greedy_gain,synergistic,pi_2,1.0,0.0,0.0,0.0,0.0,0.1499999999999999,True,0.8,0.95
end_to_end,development:402:FR+FJ:synergistic:1.00:0.00:0:end_to_end,synergistic,pi_2,1.0,0.0,0.0,0.0,0.0,0.1499999999999999,True,0.8,0.95
oracle,development:402:FR+FJ:synergistic:1.00:0.00:0:oracle,synergistic,pi_2,1.0,0.0,0.0,0.0,0.0,0.0,True,0.95,0.95
qrtc,development:402:FR+FJ:synergistic:1.00:0.05:0:qrtc,synergistic,pi_2,1.0,0.05,0.0,0.0,0.0,0.1499999999999999,True,0.8,0.95
random,development:402:FR+FJ:synergistic:1.00:0.05:0:random,synergistic,pi_2,1.0,0.05,0.0,0.0,1.0,1.45,False,-0.5,0.95
cheapest_first,development:402:FR+FJ:synergistic:1.00:0.05:0:cheapest_first,synergistic,pi_2,1.0,0.05,0.0,0.0,0.0,0.0,True,0.95,0.95
highest_stage_posterior,development:402:FR+FJ:synergistic:1.00:0.05:0:highest_stage_posterior,synergistic,pi_2,1.0,0.05,0.0,0.0,0.0,0.1499999999999999,True,0.8,0.95
greedy_gain,development:402:FR+FJ:synergistic:1.00:0.05:0:greedy_gain,synergistic,pi_2,1.0,0.05,0.0,0.0,0.0,0.1499999999999999,True,0.8,0.95
end_to_end,development:402:FR+FJ:synergistic:1.00:0.05:0:end_to_end,synergistic,pi_2,1.0,0.05,0.0,0.0,0.0,0.1499999999999999,True,0.8,0.95
oracle,development:402:FR+FJ:synergistic:1.00:0.05:0:oracle,synergistic,pi_2,1.0,0.05,0.0,0.0,0.0,0.0,True,0.95,0.95
qrtc,development:402:FR+FJ:synergistic:1.00:0.10:0:qrtc,synergistic,pi_2,1.0,0.1,0.0,0.0,0.0,0.1499999999999999,True,0.8,0.95
random,development:402:FR+FJ:synergistic:1.00:0.10:0:random,synergistic,pi_2,1.0,0.1,0.0,0.0,1.0,1.2999999999999998,False,-0.35,0.95
cheapest_first,development:402:FR+FJ:synergistic:1.00:0.10:0:cheapest_first,synergistic,pi_2,1.0,0.1,0.0,0.0,0.0,0.0,True,0.95,0.95
highest_stage_posterior,development:402:FR+FJ:synergistic:1.00:0.10:0:highest_stage_posterior,synergistic,pi_2,1.0,0.1,0.0,0.0,0.0,0.1499999999999999,True,0.8,0.95
greedy_gain,development:402:FR+FJ:synergistic:1.00:0.10:0:greedy_gain,synergistic,pi_2,1.0,0.1,0.0,0.0,0.0,0.1499999999999999,True,0.8,0.95
end_to_end,development:402:FR+FJ:synergistic:1.00:0.10:0:end_to_end,synergistic,pi_2,1.0,0.1,0.0,0.0,0.0,0.1499999999999999,True,0.8,0.95
oracle,development:402:FR+FJ:synergistic:1.00:0.10:0:oracle,synergistic,pi_2,1.0,0.1,0.0,0.0,0.0,0.0,True,0.95,0.95
qrtc,development:402:FR+FJ:synergistic:1.00:0.20:0:qrtc,synergistic,pi_2,1.0,0.2,0.0,0.0,0.0,0.1499999999999999,True,0.8,0.95
random,development:402:FR+FJ:synergistic:1.00:0.20:0:random,synergistic,pi_2,1.0,0.2,0.0,0.0,1.0,1.25,False,-0.3,0.95
cheapest_first,development:402:FR+FJ:synergistic:1.00:0.20:0:cheapest_first,synergistic,pi_2,1.0,0.2,0.0,0.0,0.0,0.0,True,0.95,0.95
highest_stage_posterior,development:402:FR+FJ:synergistic:1.00:0.20:0:highest_stage_posterior,synergistic,pi_2,1.0,0.2,0.0,0.0,0.0,0.1499999999999999,True,0.8,0.95
greedy_gain,development:402:FR+FJ:synergistic:1.00:0.20:0:greedy_gain,synergistic,pi_2,1.0,0.2,0.0,0.0,0.0,0.1499999999999999,True,0.8,0.95
end_to_end,development:402:FR+FJ:synergistic:1.00:0.20:0:end_to_end,synergistic,pi_2,1.0,0.2,0.0,0.0,0.0,0.1499999999999999,True,0.8,0.95
oracle,development:402:FR+FJ:synergistic:1.00:0.20:0:oracle,synergistic,pi_2,1.0,0.2,0.0,0.0,0.0,0.0,True,0.95,0.95
qrtc,development:402:FD+FW:strict_masking:0.25:0.00:0:qrtc,strict_masking,pi_3,0.25,0.0,0.0,0.0,0.0,0.0,True,0.75,0.75
random,development:402:FD+FW:strict_masking:0.25:0.00:0:random,strict_masking,pi_3,0.25,0.0,0.0,0.0,1.0,1.2,False,-0.45,0.75
cheapest_first,development:402:FD+FW:strict_masking:0.25:0.00:0:cheapest_first,strict_masking,pi_3,0.25,0.0,0.0,0.0,1.0,1.05,False,-0.3,0.75
highest_stage_posterior,development:402:FD+FW:strict_masking:0.25:0.00:0:highest_stage_posterior,strict_masking,pi_3,0.25,0.0,0.0,0.0,1.0,1.15,False,-0.4,0.75
greedy_gain,development:402:FD+FW:strict_masking:0.25:0.00:0:greedy_gain,strict_masking,pi_3,0.25,0.0,0.0,0.0,0.0,0.0,True,0.75,0.75
end_to_end,development:402:FD+FW:strict_masking:0.25:0.00:0:end_to_end,strict_masking,pi_3,0.25,0.0,0.0,0.0,1.0,1.1,False,-0.35,0.75
oracle,development:402:FD+FW:strict_masking:0.25:0.00:0:oracle,strict_masking,pi_3,0.25,0.0,0.0,0.0,0.0,0.0,True,0.75,0.75
qrtc,development:402:FD+FW:strict_masking:0.25:0.05:0:qrtc,strict_masking,pi_3,0.25,0.05,0.0,0.0,0.0,0.0,True,0.75,0.75
random,development:402:FD+FW:strict_masking:0.25:0.05:0:random,strict_masking,pi_3,0.25,0.05,0.0,0.0,1.0,1.15,False,-0.4,0.75
cheapest_first,development:402:FD+FW:strict_masking:0.25:0.05:0:cheapest_first,strict_masking,pi_3,0.25,0.05,0.0,0.0,1.0,1.05,False,-0.3,0.75
highest_stage_posterior,development:402:FD+FW:strict_masking:0.25:0.05:0:highest_stage_posterior,strict_masking,pi_3,0.25,0.05,0.0,0.0,1.0,1.15,False,-0.4,0.75
greedy_gain,development:402:FD+FW:strict_masking:0.25:0.05:0:greedy_gain,strict_masking,pi_3,0.25,0.05,0.0,0.0,0.0,0.0,True,0.75,0.75
end_to_end,development:402:FD+FW:strict_masking:0.25:0.05:0:end_to_end,strict_masking,pi_3,0.25,0.05,0.0,0.0,1.0,1.1,False,-0.35,0.75
oracle,development:402:FD+FW:strict_masking:0.25:0.05:0:oracle,strict_masking,pi_3,0.25,0.05,0.0,0.0,0.0,0.0,True,0.75,0.75
qrtc,development:402:FD+FW:strict_masking:0.25:0.10:0:qrtc,strict_masking,pi_3,0.25,0.1,0.0,0.0,0.0,0.0,True,0.75,0.75
random,development:402:FD+FW:strict_masking:0.25:0.10:0:random,strict_masking,pi_3,0.25,0.1,0.0,0.0,1.0,1.1,False,-0.35,0.75
cheapest_first,development:402:FD+FW:strict_masking:0.25:0.10:0:cheapest_first,strict_masking,pi_3,0.25,0.1,0.0,0.0,1.0,1.05,False,-0.3,0.75
highest_stage_posterior,development:402:FD+FW:strict_masking:0.25:0.10:0:highest_stage_posterior,strict_masking,pi_3,0.25,0.1,0.0,0.0,1.0,1.15,False,-0.4,0.75
greedy_gain,development:402:FD+FW:strict_masking:0.25:0.10:0:greedy_gain,strict_masking,pi_3,0.25,0.1,0.0,0.0,0.0,0.0,True,0.75,0.75
end_to_end,development:402:FD+FW:strict_masking:0.25:0.10:0:end_to_end,strict_masking,pi_3,0.25,0.1,0.0,0.0,1.0,1.1,False,-0.35,0.75
oracle,development:402:FD+FW:strict_masking:0.25:0.10:0:oracle,strict_masking,pi_3,0.25,0.1,0.0,0.0,0.0,0.0,True,0.75,0.75
qrtc,development:402:FD+FW:strict_masking:0.25:0.20:0:qrtc,strict_masking,pi_3,0.25,0.2,0.0,0.0,0.0,0.0,True,0.75,0.75
random,development:402:FD+FW:strict_masking:0.25:0.20:0:random,strict_masking,pi_3,0.25,0.2,0.0,0.0,1.0,1.2,False,-0.45,0.75
cheapest_first,development:402:FD+FW:strict_masking:0.25:0.20:0:cheapest_first,strict_masking,pi_3,0.25,0.2,0.0,0.0,1.0,1.05,False,-0.3,0.75
highest_stage_posterior,development:402:FD+FW:strict_masking:0.25:0.20:0:highest_stage_posterior,strict_masking,pi_3,0.25,0.2,0.0,0.0,1.0,1.15,False,-0.4,0.75
greedy_gain,development:402:FD+FW:strict_masking:0.25:0.20:0:greedy_gain,strict_masking,pi_3,0.25,0.2,0.0,0.0,0.0,0.0,True,0.75,0.75
end_to_end,development:402:FD+FW:strict_masking:0.25:0.20:0:end_to_end,strict_masking,pi_3,0.25,0.2,0.0,0.0,1.0,1.1,False,-0.35,0.75
oracle,development:402:FD+FW:strict_masking:0.25:0.20:0:oracle,strict_masking,pi_3,0.25,0.2,0.0,0.0,0.0,0.0,True,0.75,0.75
qrtc,development:402:FD+FW:strict_masking:0.50:0.00:0:qrtc,strict_masking,pi_3,0.5,0.0,0.0,0.0,0.0,0.0,True,0.75,0.75
random,development:402:FD+FW:strict_masking:0.50:0.00:0:random,strict_masking,pi_3,0.5,0.0,0.0,0.0,1.0,1.2,False,-0.45,0.75
cheapest_first,development:402:FD+FW:strict_masking:0.50:0.00:0:cheapest_first,strict_masking,pi_3,0.5,0.0,0.0,0.0,1.0,1.05,False,-0.3,0.75
highest_stage_posterior,development:402:FD+FW:strict_masking:0.50:0.00:0:highest_stage_posterior,strict_masking,pi_3,0.5,0.0,0.0,0.0,1.0,1.15,False,-0.4,0.75
greedy_gain,development:402:FD+FW:strict_masking:0.50:0.00:0:greedy_gain,strict_masking,pi_3,0.5,0.0,0.0,0.0,0.0,0.0,True,0.75,0.75
end_to_end,development:402:FD+FW:strict_masking:0.50:0.00:0:end_to_end,strict_masking,pi_3,0.5,0.0,0.0,0.0,1.0,1.1,False,-0.35,0.75
oracle,development:402:FD+FW:strict_masking:0.50:0.00:0:oracle,strict_masking,pi_3,0.5,0.0,0.0,0.0,0.0,0.0,True,0.75,0.75
qrtc,development:402:FD+FW:strict_masking:0.50:0.05:0:qrtc,strict_masking,pi_3,0.5,0.05,0.0,0.0,0.0,0.0,True,0.75,0.75
random,development:402:FD+FW:strict_masking:0.50:0.05:0:random,strict_masking,pi_3,0.5,0.05,0.0,0.0,1.0,1.15,False,-0.4,0.75
cheapest_first,development:402:FD+FW:strict_masking:0.50:0.05:0:cheapest_first,strict_masking,pi_3,0.5,0.05,0.0,0.0,1.0,1.05,False,-0.3,0.75
highest_stage_posterior,development:402:FD+FW:strict_masking:0.50:0.05:0:highest_stage_posterior,strict_masking,pi_3,0.5,0.05,0.0,0.0,1.0,1.15,False,-0.4,0.75
greedy_gain,development:402:FD+FW:strict_masking:0.50:0.05:0:greedy_gain,strict_masking,pi_3,0.5,0.05,0.0,0.0,0.0,0.0,True,0.75,0.75
end_to_end,development:402:FD+FW:strict_masking:0.50:0.05:0:end_to_end,strict_masking,pi_3,0.5,0.05,0.0,0.0,1.0,1.1,False,-0.35,0.75
oracle,development:402:FD+FW:strict_masking:0.50:0.05:0:oracle,strict_masking,pi_3,0.5,0.05,0.0,0.0,0.0,0.0,True,0.75,0.75
qrtc,development:402:FD+FW:strict_masking:0.50:0.10:0:qrtc,strict_masking,pi_3,0.5,0.1,0.0,0.0,0.0,0.0,True,0.75,0.75
random,development:402:FD+FW:strict_masking:0.50:0.10:0:random,strict_masking,pi_3,0.5,0.1,0.0,0.0,1.0,1.25,False,-0.5,0.75
cheapest_first,development:402:FD+FW:strict_masking:0.50:0.10:0:cheapest_first,strict_masking,pi_3,0.5,0.1,0.0,0.0,1.0,1.05,False,-0.3,0.75
highest_stage_posterior,development:402:FD+FW:strict_masking:0.50:0.10:0:highest_stage_posterior,strict_masking,pi_3,0.5,0.1,0.0,0.0,1.0,1.15,False,-0.4,0.75
greedy_gain,development:402:FD+FW:strict_masking:0.50:0.10:0:greedy_gain,strict_masking,pi_3,0.5,0.1,0.0,0.0,0.0,0.0,True,0.75,0.75
end_to_end,development:402:FD+FW:strict_masking:0.50:0.10:0:end_to_end,strict_masking,pi_3,0.5,0.1,0.0,0.0,1.0,1.1,False,-0.35,0.75
oracle,development:402:FD+FW:strict_masking:0.50:0.10:0:oracle,strict_masking,pi_3,0.5,0.1,0.0,0.0,0.0,0.0,True,0.75,0.75
qrtc,development:402:FD+FW:strict_masking:0.50:0.20:0:qrtc,strict_masking,pi_3,0.5,0.2,0.0,0.0,0.0,0.0,True,0.75,0.75
random,development:402:FD+FW:strict_masking:0.50:0.20:0:random,strict_masking,pi_3,0.5,0.2,0.0,0.0,1.0,1.2,False,-0.45,0.75
cheapest_first,development:402:FD+FW:strict_masking:0.50:0.20:0:cheapest_first,strict_masking,pi_3,0.5,0.2,0.0,0.0,1.0,1.05,False,-0.3,0.75
highest_stage_posterior,development:402:FD+FW:strict_masking:0.50:0.20:0:highest_stage_posterior,strict_masking,pi_3,0.5,0.2,0.0,0.0,1.0,1.15,False,-0.4,0.75
greedy_gain,development:402:FD+FW:strict_masking:0.50:0.20:0:greedy_gain,strict_masking,pi_3,0.5,0.2,0.0,0.0,0.0,0.0,True,0.75,0.75
end_to_end,development:402:FD+FW:strict_masking:0.50:0.20:0:end_to_end,strict_masking,pi_3,0.5,0.2,0.0,0.0,1.0,1.1,False,-0.35,0.75
oracle,development:402:FD+FW:strict_masking:0.50:0.20:0:oracle,strict_masking,pi_3,0.5,0.2,0.0,0.0,0.0,0.0,True,0.75,0.75
qrtc,development:402:FD+FW:strict_masking:0.75:0.00:0:qrtc,strict_masking,pi_3,0.75,0.0,0.0,0.0,0.0,0.0,True,0.75,0.75
random,development:402:FD+FW:strict_masking:0.75:0.00:0:random,strict_masking,pi_3,0.75,0.0,0.0,0.0,1.0,1.15,False,-0.4,0.75
cheapest_first,development:402:FD+FW:strict_masking:0.75:0.00:0:cheapest_first,strict_masking,pi_3,0.75,0.0,0.0,0.0,1.0,1.05,False,-0.3,0.75
highest_stage_posterior,development:402:FD+FW:strict_masking:0.75:0.00:0:highest_stage_posterior,strict_masking,pi_3,0.75,0.0,0.0,0.0,1.0,1.15,False,-0.4,0.75
greedy_gain,development:402:FD+FW:strict_masking:0.75:0.00:0:greedy_gain,strict_masking,pi_3,0.75,0.0,0.0,0.0,0.0,0.0,True,0.75,0.75
end_to_end,development:402:FD+FW:strict_masking:0.75:0.00:0:end_to_end,strict_masking,pi_3,0.75,0.0,0.0,0.0,1.0,1.1,False,-0.35,0.75
oracle,development:402:FD+FW:strict_masking:0.75:0.00:0:oracle,strict_masking,pi_3,0.75,0.0,0.0,0.0,0.0,0.0,True,0.75,0.75
qrtc,development:402:FD+FW:strict_masking:0.75:0.05:0:qrtc,strict_masking,pi_3,0.75,0.05,0.0,0.0,0.0,0.0,True,0.75,0.75
random,development:402:FD+FW:strict_masking:0.75:0.05:0:random,strict_masking,pi_3,0.75,0.05,0.0,0.0,1.0,1.1,False,-0.35,0.75
cheapest_first,development:402:FD+FW:strict_masking:0.75:0.05:0:cheapest_first,strict_masking,pi_3,0.75,0.05,0.0,0.0,1.0,1.05,False,-0.3,0.75
highest_stage_posterior,development:402:FD+FW:strict_masking:0.75:0.05:0:highest_stage_posterior,strict_masking,pi_3,0.75,0.05,0.0,0.0,1.0,1.15,False,-0.4,0.75
greedy_gain,development:402:FD+FW:strict_masking:0.75:0.05:0:greedy_gain,strict_masking,pi_3,0.75,0.05,0.0,0.0,0.0,0.0,True,0.75,0.75
end_to_end,development:402:FD+FW:strict_masking:0.75:0.05:0:end_to_end,strict_masking,pi_3,0.75,0.05,0.0,0.0,1.0,1.1,False,-0.35,0.75
oracle,development:402:FD+FW:strict_masking:0.75:0.05:0:oracle,strict_masking,pi_3,0.75,0.05,0.0,0.0,0.0,0.0,True,0.75,0.75
qrtc,development:402:FD+FW:strict_masking:0.75:0.10:0:qrtc,strict_masking,pi_3,0.75,0.1,0.0,0.0,0.0,0.0,True,0.75,0.75
random,development:402:FD+FW:strict_masking:0.75:0.10:0:random,strict_masking,pi_3,0.75,0.1,0.0,0.0,1.0,1.1,False,-0.35,0.75
cheapest_first,development:402:FD+FW:strict_masking:0.75:0.10:0:cheapest_first,strict_masking,pi_3,0.75,0.1,0.0,0.0,1.0,1.05,False,-0.3,0.75
highest_stage_posterior,development:402:FD+FW:strict_masking:0.75:0.10:0:highest_stage_posterior,strict_masking,pi_3,0.75,0.1,0.0,0.0,1.0,1.15,False,-0.4,0.75
greedy_gain,development:402:FD+FW:strict_masking:0.75:0.10:0:greedy_gain,strict_masking,pi_3,0.75,0.1,0.0,0.0,0.0,0.0,True,0.75,0.75
end_to_end,development:402:FD+FW:strict_masking:0.75:0.10:0:end_to_end,strict_masking,pi_3,0.75,0.1,0.0,0.0,1.0,1.1,False,-0.35,0.75
oracle,development:402:FD+FW:strict_masking:0.75:0.10:0:oracle,strict_masking,pi_3,0.75,0.1,0.0,0.0,0.0,0.0,True,0.75,0.75
qrtc,development:402:FD+FW:strict_masking:0.75:0.20:0:qrtc,strict_masking,pi_3,0.75,0.2,0.0,0.0,0.0,0.0,True,0.75,0.75
random,development:402:FD+FW:strict_masking:0.75:0.20:0:random,strict_masking,pi_3,0.75,0.2,0.0,0.0,1.0,1.05,False,-0.3,0.75
cheapest_first,development:402:FD+FW:strict_masking:0.75:0.20:0:cheapest_first,strict_masking,pi_3,0.75,0.2,0.0,0.0,1.0,1.05,False,-0.3,0.75
highest_stage_posterior,development:402:FD+FW:strict_masking:0.75:0.20:0:highest_stage_posterior,strict_masking,pi_3,0.75,0.2,0.0,0.0,1.0,1.15,False,-0.4,0.75
greedy_gain,development:402:FD+FW:strict_masking:0.75:0.20:0:greedy_gain,strict_masking,pi_3,0.75,0.2,0.0,0.0,0.0,0.0,True,0.75,0.75
end_to_end,development:402:FD+FW:strict_masking:0.75:0.20:0:end_to_end,strict_masking,pi_3,0.75,0.2,0.0,0.0,1.0,1.1,False,-0.35,0.75
oracle,development:402:FD+FW:strict_masking:0.75:0.20:0:oracle,strict_masking,pi_3,0.75,0.2,0.0,0.0,0.0,0.0,True,0.75,0.75
qrtc,development:402:FD+FW:strict_masking:1.00:0.00:0:qrtc,strict_masking,pi_3,1.0,0.0,0.0,0.0,0.0,0.0,True,0.75,0.75
random,development:402:FD+FW:strict_masking:1.00:0.00:0:random,strict_masking,pi_3,1.0,0.0,0.0,0.0,1.0,1.15,False,-0.4,0.75
cheapest_first,development:402:FD+FW:strict_masking:1.00:0.00:0:cheapest_first,strict_masking,pi_3,1.0,0.0,0.0,0.0,1.0,1.05,False,-0.3,0.75
highest_stage_posterior,development:402:FD+FW:strict_masking:1.00:0.00:0:highest_stage_posterior,strict_masking,pi_3,1.0,0.0,0.0,0.0,1.0,1.15,False,-0.4,0.75
greedy_gain,development:402:FD+FW:strict_masking:1.00:0.00:0:greedy_gain,strict_masking,pi_3,1.0,0.0,0.0,0.0,0.0,0.0,True,0.75,0.75
end_to_end,development:402:FD+FW:strict_masking:1.00:0.00:0:end_to_end,strict_masking,pi_3,1.0,0.0,0.0,0.0,1.0,1.1,False,-0.35,0.75
oracle,development:402:FD+FW:strict_masking:1.00:0.00:0:oracle,strict_masking,pi_3,1.0,0.0,0.0,0.0,0.0,0.0,True,0.75,0.75
qrtc,development:402:FD+FW:strict_masking:1.00:0.05:0:qrtc,strict_masking,pi_3,1.0,0.05,0.0,0.0,0.0,0.0,True,0.75,0.75
random,development:402:FD+FW:strict_masking:1.00:0.05:0:random,strict_masking,pi_3,1.0,0.05,0.0,0.0,1.0,1.25,False,-0.5,0.75
cheapest_first,development:402:FD+FW:strict_masking:1.00:0.05:0:cheapest_first,strict_masking,pi_3,1.0,0.05,0.0,0.0,1.0,1.05,False,-0.3,0.75
highest_stage_posterior,development:402:FD+FW:strict_masking:1.00:0.05:0:highest_stage_posterior,strict_masking,pi_3,1.0,0.05,0.0,0.0,1.0,1.15,False,-0.4,0.75
greedy_gain,development:402:FD+FW:strict_masking:1.00:0.05:0:greedy_gain,strict_masking,pi_3,1.0,0.05,0.0,0.0,0.0,0.0,True,0.75,0.75
end_to_end,development:402:FD+FW:strict_masking:1.00:0.05:0:end_to_end,strict_masking,pi_3,1.0,0.05,0.0,0.0,1.0,1.1,False,-0.35,0.75
oracle,development:402:FD+FW:strict_masking:1.00:0.05:0:oracle,strict_masking,pi_3,1.0,0.05,0.0,0.0,0.0,0.0,True,0.75,0.75
qrtc,development:402:FD+FW:strict_masking:1.00:0.10:0:qrtc,strict_masking,pi_3,1.0,0.1,0.0,0.0,0.0,0.0,True,0.75,0.75
random,development:402:FD+FW:strict_masking:1.00:0.10:0:random,strict_masking,pi_3,1.0,0.1,0.0,0.0,1.0,1.1,False,-0.35,0.75
cheapest_first,development:402:FD+FW:strict_masking:1.00:0.10:0:cheapest_first,strict_masking,pi_3,1.0,0.1,0.0,0.0,1.0,1.05,False,-0.3,0.75
highest_stage_posterior,development:402:FD+FW:strict_masking:1.00:0.10:0:highest_stage_posterior,strict_masking,pi_3,1.0,0.1,0.0,0.0,1.0,1.15,False,-0.4,0.75
greedy_gain,development:402:FD+FW:strict_masking:1.00:0.10:0:greedy_gain,strict_masking,pi_3,1.0,0.1,0.0,0.0,0.0,0.0,True,0.75,0.75
end_to_end,development:402:FD+FW:strict_masking:1.00:0.10:0:end_to_end,strict_masking,pi_3,1.0,0.1,0.0,0.0,1.0,1.1,False,-0.35,0.75
oracle,development:402:FD+FW:strict_masking:1.00:0.10:0:oracle,strict_masking,pi_3,1.0,0.1,0.0,0.0,0.0,0.0,True,0.75,0.75
qrtc,development:402:FD+FW:strict_masking:1.00:0.20:0:qrtc,strict_masking,pi_3,1.0,0.2,0.0,0.0,0.0,0.0,True,0.75,0.75
random,development:402:FD+FW:strict_masking:1.00:0.20:0:random,strict_masking,pi_3,1.0,0.2,0.0,0.0,1.0,1.05,False,-0.3,0.75
cheapest_first,development:402:FD+FW:strict_masking:1.00:0.20:0:cheapest_first,strict_masking,pi_3,1.0,0.2,0.0,0.0,1.0,1.05,False,-0.3,0.75
highest_stage_posterior,development:402:FD+FW:strict_masking:1.00:0.20:0:highest_stage_posterior,strict_masking,pi_3,1.0,0.2,0.0,0.0,1.0,1.15,False,-0.4,0.75
greedy_gain,development:402:FD+FW:strict_masking:1.00:0.20:0:greedy_gain,strict_masking,pi_3,1.0,0.2,0.0,0.0,0.0,0.0,True,0.75,0.75
end_to_end,development:402:FD+FW:strict_masking:1.00:0.20:0:end_to_end,strict_masking,pi_3,1.0,0.2,0.0,0.0,1.0,1.1,False,-0.35,0.75
oracle,development:402:FD+FW:strict_masking:1.00:0.20:0:oracle,strict_masking,pi_3,1.0,0.2,0.0,0.0,0.0,0.0,True,0.75,0.75
qrtc,development:402:FD+FW:soft_masking:0.25:0.00:0:qrtc,soft_masking,pi_3,0.25,0.0,0.0,0.0,0.0,0.15000000000000002,True,0.75,0.9
random,development:402:FD+FW:soft_masking:0.25:0.00:0:random,soft_masking,pi_3,0.25,0.0,0.0,0.0,1.0,1.35,False,-0.45,0.9
cheapest_first,development:402:FD+FW:soft_masking:0.25:0.00:0:cheapest_first,soft_masking,pi_3,0.25,0.0,0.0,0.0,1.0,1.2,False,-0.3,0.9
highest_stage_posterior,development:402:FD+FW:soft_masking:0.25:0.00:0:highest_stage_posterior,soft_masking,pi_3,0.25,0.0,0.0,0.0,0.0,0.050000000000000044,True,0.85,0.9
greedy_gain,development:402:FD+FW:soft_masking:0.25:0.00:0:greedy_gain,soft_masking,pi_3,0.25,0.0,0.0,0.0,0.0,0.050000000000000044,True,0.85,0.9
end_to_end,development:402:FD+FW:soft_masking:0.25:0.00:0:end_to_end,soft_masking,pi_3,0.25,0.0,0.0,0.0,0.0,0.050000000000000044,True,0.85,0.9
oracle,development:402:FD+FW:soft_masking:0.25:0.00:0:oracle,soft_masking,pi_3,0.25,0.0,0.0,0.0,0.0,0.0,True,0.9,0.9
qrtc,development:402:FD+FW:soft_masking:0.25:0.05:0:qrtc,soft_masking,pi_3,0.25,0.05,0.0,0.0,0.0,0.15000000000000002,True,0.75,0.9
random,development:402:FD+FW:soft_masking:0.25:0.05:0:random,soft_masking,pi_3,0.25,0.05,0.0,0.0,0.0,0.050000000000000044,True,0.85,0.9
cheapest_first,development:402:FD+FW:soft_masking:0.25:0.05:0:cheapest_first,soft_masking,pi_3,0.25,0.05,0.0,0.0,1.0,1.2,False,-0.3,0.9
highest_stage_posterior,development:402:FD+FW:soft_masking:0.25:0.05:0:highest_stage_posterior,soft_masking,pi_3,0.25,0.05,0.0,0.0,0.0,0.050000000000000044,True,0.85,0.9
greedy_gain,development:402:FD+FW:soft_masking:0.25:0.05:0:greedy_gain,soft_masking,pi_3,0.25,0.05,0.0,0.0,0.0,0.050000000000000044,True,0.85,0.9
end_to_end,development:402:FD+FW:soft_masking:0.25:0.05:0:end_to_end,soft_masking,pi_3,0.25,0.05,0.0,0.0,0.0,0.050000000000000044,True,0.85,0.9
oracle,development:402:FD+FW:soft_masking:0.25:0.05:0:oracle,soft_masking,pi_3,0.25,0.05,0.0,0.0,0.0,0.0,True,0.9,0.9
qrtc,development:402:FD+FW:soft_masking:0.25:0.10:0:qrtc,soft_masking,pi_3,0.25,0.1,0.0,0.0,0.0,0.15000000000000002,True,0.75,0.9
random,development:402:FD+FW:soft_masking:0.25:0.10:0:random,soft_masking,pi_3,0.25,0.1,0.0,0.0,0.0,0.0,True,0.9,0.9
cheapest_first,development:402:FD+FW:soft_masking:0.25:0.10:0:cheapest_first,soft_masking,pi_3,0.25,0.1,0.0,0.0,1.0,1.2,False,-0.3,0.9
highest_stage_posterior,development:402:FD+FW:soft_masking:0.25:0.10:0:highest_stage_posterior,soft_masking,pi_3,0.25,0.1,0.0,0.0,0.0,0.050000000000000044,True,0.85,0.9
greedy_gain,development:402:FD+FW:soft_masking:0.25:0.10:0:greedy_gain,soft_masking,pi_3,0.25,0.1,0.0,0.0,0.0,0.050000000000000044,True,0.85,0.9
end_to_end,development:402:FD+FW:soft_masking:0.25:0.10:0:end_to_end,soft_masking,pi_3,0.25,0.1,0.0,0.0,0.0,0.050000000000000044,True,0.85,0.9
oracle,development:402:FD+FW:soft_masking:0.25:0.10:0:oracle,soft_masking,pi_3,0.25,0.1,0.0,0.0,0.0,0.0,True,0.9,0.9
qrtc,development:402:FD+FW:soft_masking:0.25:0.20:0:qrtc,soft_masking,pi_3,0.25,0.2,0.0,0.0,0.0,0.15000000000000002,True,0.75,0.9
random,development:402:FD+FW:soft_masking:0.25:0.20:0:random,soft_masking,pi_3,0.25,0.2,0.0,0.0,1.0,1.35,False,-0.45,0.9
cheapest_first,development:402:FD+FW:soft_masking:0.25:0.20:0:cheapest_first,soft_masking,pi_3,0.25,0.2,0.0,0.0,1.0,1.2,False,-0.3,0.9
highest_stage_posterior,development:402:FD+FW:soft_masking:0.25:0.20:0:highest_stage_posterior,soft_masking,pi_3,0.25,0.2,0.0,0.0,0.0,0.050000000000000044,True,0.85,0.9
greedy_gain,development:402:FD+FW:soft_masking:0.25:0.20:0:greedy_gain,soft_masking,pi_3,0.25,0.2,0.0,0.0,0.0,0.050000000000000044,True,0.85,0.9
end_to_end,development:402:FD+FW:soft_masking:0.25:0.20:0:end_to_end,soft_masking,pi_3,0.25,0.2,0.0,0.0,0.0,0.050000000000000044,True,0.85,0.9
oracle,development:402:FD+FW:soft_masking:0.25:0.20:0:oracle,soft_masking,pi_3,0.25,0.2,0.0,0.0,0.0,0.0,True,0.9,0.9
qrtc,development:402:FD+FW:soft_masking:0.50:0.00:0:qrtc,soft_masking,pi_3,0.5,0.0,0.0,0.0,0.0,0.15000000000000002,True,0.75,0.9
random,development:402:FD+FW:soft_masking:0.50:0.00:0:random,soft_masking,pi_3,0.5,0.0,0.0,0.0,1.0,1.35,False,-0.45,0.9
cheapest_first,development:402:FD+FW:soft_masking:0.50:0.00:0:cheapest_first,soft_masking,pi_3,0.5,0.0,0.0,0.0,1.0,1.2,False,-0.3,0.9
highest_stage_posterior,development:402:FD+FW:soft_masking:0.50:0.00:0:highest_stage_posterior,soft_masking,pi_3,0.5,0.0,0.0,0.0,0.0,0.050000000000000044,True,0.85,0.9
greedy_gain,development:402:FD+FW:soft_masking:0.50:0.00:0:greedy_gain,soft_masking,pi_3,0.5,0.0,0.0,0.0,0.0,0.050000000000000044,True,0.85,0.9
end_to_end,development:402:FD+FW:soft_masking:0.50:0.00:0:end_to_end,soft_masking,pi_3,0.5,0.0,0.0,0.0,0.0,0.050000000000000044,True,0.85,0.9
oracle,development:402:FD+FW:soft_masking:0.50:0.00:0:oracle,soft_masking,pi_3,0.5,0.0,0.0,0.0,0.0,0.0,True,0.9,0.9
qrtc,development:402:FD+FW:soft_masking:0.50:0.05:0:qrtc,soft_masking,pi_3,0.5,0.05,0.0,0.0,0.0,0.15000000000000002,True,0.75,0.9
random,development:402:FD+FW:soft_masking:0.50:0.05:0:random,soft_masking,pi_3,0.5,0.05,0.0,0.0,0.0,0.050000000000000044,True,0.85,0.9
cheapest_first,development:402:FD+FW:soft_masking:0.50:0.05:0:cheapest_first,soft_masking,pi_3,0.5,0.05,0.0,0.0,1.0,1.2,False,-0.3,0.9
highest_stage_posterior,development:402:FD+FW:soft_masking:0.50:0.05:0:highest_stage_posterior,soft_masking,pi_3,0.5,0.05,0.0,0.0,0.0,0.050000000000000044,True,0.85,0.9
greedy_gain,development:402:FD+FW:soft_masking:0.50:0.05:0:greedy_gain,soft_masking,pi_3,0.5,0.05,0.0,0.0,0.0,0.050000000000000044,True,0.85,0.9
end_to_end,development:402:FD+FW:soft_masking:0.50:0.05:0:end_to_end,soft_masking,pi_3,0.5,0.05,0.0,0.0,0.0,0.050000000000000044,True,0.85,0.9
oracle,development:402:FD+FW:soft_masking:0.50:0.05:0:oracle,soft_masking,pi_3,0.5,0.05,0.0,0.0,0.0,0.0,True,0.9,0.9
qrtc,development:402:FD+FW:soft_masking:0.50:0.10:0:qrtc,soft_masking,pi_3,0.5,0.1,0.0,0.0,0.0,0.15000000000000002,True,0.75,0.9
random,development:402:FD+FW:soft_masking:0.50:0.10:0:random,soft_masking,pi_3,0.5,0.1,0.0,0.0,1.0,1.4,False,-0.5,0.9
cheapest_first,development:402:FD+FW:soft_masking:0.50:0.10:0:cheapest_first,soft_masking,pi_3,0.5,0.1,0.0,0.0,1.0,1.2,False,-0.3,0.9
highest_stage_posterior,development:402:FD+FW:soft_masking:0.50:0.10:0:highest_stage_posterior,soft_masking,pi_3,0.5,0.1,0.0,0.0,0.0,0.050000000000000044,True,0.85,0.9
greedy_gain,development:402:FD+FW:soft_masking:0.50:0.10:0:greedy_gain,soft_masking,pi_3,0.5,0.1,0.0,0.0,0.0,0.050000000000000044,True,0.85,0.9
end_to_end,development:402:FD+FW:soft_masking:0.50:0.10:0:end_to_end,soft_masking,pi_3,0.5,0.1,0.0,0.0,0.0,0.050000000000000044,True,0.85,0.9
oracle,development:402:FD+FW:soft_masking:0.50:0.10:0:oracle,soft_masking,pi_3,0.5,0.1,0.0,0.0,0.0,0.0,True,0.9,0.9
qrtc,development:402:FD+FW:soft_masking:0.50:0.20:0:qrtc,soft_masking,pi_3,0.5,0.2,0.0,0.0,0.0,0.15000000000000002,True,0.75,0.9
random,development:402:FD+FW:soft_masking:0.50:0.20:0:random,soft_masking,pi_3,0.5,0.2,0.0,0.0,1.0,1.35,False,-0.45,0.9
cheapest_first,development:402:FD+FW:soft_masking:0.50:0.20:0:cheapest_first,soft_masking,pi_3,0.5,0.2,0.0,0.0,1.0,1.2,False,-0.3,0.9
highest_stage_posterior,development:402:FD+FW:soft_masking:0.50:0.20:0:highest_stage_posterior,soft_masking,pi_3,0.5,0.2,0.0,0.0,0.0,0.050000000000000044,True,0.85,0.9
greedy_gain,development:402:FD+FW:soft_masking:0.50:0.20:0:greedy_gain,soft_masking,pi_3,0.5,0.2,0.0,0.0,0.0,0.050000000000000044,True,0.85,0.9
end_to_end,development:402:FD+FW:soft_masking:0.50:0.20:0:end_to_end,soft_masking,pi_3,0.5,0.2,0.0,0.0,0.0,0.050000000000000044,True,0.85,0.9
oracle,development:402:FD+FW:soft_masking:0.50:0.20:0:oracle,soft_masking,pi_3,0.5,0.2,0.0,0.0,0.0,0.0,True,0.9,0.9
qrtc,development:402:FD+FW:soft_masking:0.75:0.00:0:qrtc,soft_masking,pi_3,0.75,0.0,0.0,0.0,0.0,0.15000000000000002,True,0.75,0.9
random,development:402:FD+FW:soft_masking:0.75:0.00:0:random,soft_masking,pi_3,0.75,0.0,0.0,0.0,0.0,0.050000000000000044,True,0.85,0.9
cheapest_first,development:402:FD+FW:soft_masking:0.75:0.00:0:cheapest_first,soft_masking,pi_3,0.75,0.0,0.0,0.0,1.0,1.2,False,-0.3,0.9
highest_stage_posterior,development:402:FD+FW:soft_masking:0.75:0.00:0:highest_stage_posterior,soft_masking,pi_3,0.75,0.0,0.0,0.0,0.0,0.050000000000000044,True,0.85,0.9
greedy_gain,development:402:FD+FW:soft_masking:0.75:0.00:0:greedy_gain,soft_masking,pi_3,0.75,0.0,0.0,0.0,0.0,0.050000000000000044,True,0.85,0.9
end_to_end,development:402:FD+FW:soft_masking:0.75:0.00:0:end_to_end,soft_masking,pi_3,0.75,0.0,0.0,0.0,0.0,0.050000000000000044,True,0.85,0.9
oracle,development:402:FD+FW:soft_masking:0.75:0.00:0:oracle,soft_masking,pi_3,0.75,0.0,0.0,0.0,0.0,0.0,True,0.9,0.9
qrtc,development:402:FD+FW:soft_masking:0.75:0.05:0:qrtc,soft_masking,pi_3,0.75,0.05,0.0,0.0,0.0,0.15000000000000002,True,0.75,0.9
random,development:402:FD+FW:soft_masking:0.75:0.05:0:random,soft_masking,pi_3,0.75,0.05,0.0,0.0,0.0,0.0,True,0.9,0.9
cheapest_first,development:402:FD+FW:soft_masking:0.75:0.05:0:cheapest_first,soft_masking,pi_3,0.75,0.05,0.0,0.0,1.0,1.2,False,-0.3,0.9
highest_stage_posterior,development:402:FD+FW:soft_masking:0.75:0.05:0:highest_stage_posterior,soft_masking,pi_3,0.75,0.05,0.0,0.0,0.0,0.050000000000000044,True,0.85,0.9
greedy_gain,development:402:FD+FW:soft_masking:0.75:0.05:0:greedy_gain,soft_masking,pi_3,0.75,0.05,0.0,0.0,0.0,0.050000000000000044,True,0.85,0.9
end_to_end,development:402:FD+FW:soft_masking:0.75:0.05:0:end_to_end,soft_masking,pi_3,0.75,0.05,0.0,0.0,0.0,0.050000000000000044,True,0.85,0.9
oracle,development:402:FD+FW:soft_masking:0.75:0.05:0:oracle,soft_masking,pi_3,0.75,0.05,0.0,0.0,0.0,0.0,True,0.9,0.9
qrtc,development:402:FD+FW:soft_masking:0.75:0.10:0:qrtc,soft_masking,pi_3,0.75,0.1,0.0,0.0,0.0,0.15000000000000002,True,0.75,0.9
random,development:402:FD+FW:soft_masking:0.75:0.10:0:random,soft_masking,pi_3,0.75,0.1,0.0,0.0,0.0,0.0,True,0.9,0.9
cheapest_first,development:402:FD+FW:soft_masking:0.75:0.10:0:cheapest_first,soft_masking,pi_3,0.75,0.1,0.0,0.0,1.0,1.2,False,-0.3,0.9
highest_stage_posterior,development:402:FD+FW:soft_masking:0.75:0.10:0:highest_stage_posterior,soft_masking,pi_3,0.75,0.1,0.0,0.0,0.0,0.050000000000000044,True,0.85,0.9
greedy_gain,development:402:FD+FW:soft_masking:0.75:0.10:0:greedy_gain,soft_masking,pi_3,0.75,0.1,0.0,0.0,0.0,0.050000000000000044,True,0.85,0.9
end_to_end,development:402:FD+FW:soft_masking:0.75:0.10:0:end_to_end,soft_masking,pi_3,0.75,0.1,0.0,0.0,0.0,0.050000000000000044,True,0.85,0.9
oracle,development:402:FD+FW:soft_masking:0.75:0.10:0:oracle,soft_masking,pi_3,0.75,0.1,0.0,0.0,0.0,0.0,True,0.9,0.9
qrtc,development:402:FD+FW:soft_masking:0.75:0.20:0:qrtc,soft_masking,pi_3,0.75,0.2,0.0,0.0,0.0,0.15000000000000002,True,0.75,0.9
random,development:402:FD+FW:soft_masking:0.75:0.20:0:random,soft_masking,pi_3,0.75,0.2,0.0,0.0,1.0,1.2,False,-0.3,0.9
cheapest_first,development:402:FD+FW:soft_masking:0.75:0.20:0:cheapest_first,soft_masking,pi_3,0.75,0.2,0.0,0.0,1.0,1.2,False,-0.3,0.9
highest_stage_posterior,development:402:FD+FW:soft_masking:0.75:0.20:0:highest_stage_posterior,soft_masking,pi_3,0.75,0.2,0.0,0.0,0.0,0.050000000000000044,True,0.85,0.9
greedy_gain,development:402:FD+FW:soft_masking:0.75:0.20:0:greedy_gain,soft_masking,pi_3,0.75,0.2,0.0,0.0,0.0,0.050000000000000044,True,0.85,0.9
end_to_end,development:402:FD+FW:soft_masking:0.75:0.20:0:end_to_end,soft_masking,pi_3,0.75,0.2,0.0,0.0,0.0,0.050000000000000044,True,0.85,0.9
oracle,development:402:FD+FW:soft_masking:0.75:0.20:0:oracle,soft_masking,pi_3,0.75,0.2,0.0,0.0,0.0,0.0,True,0.9,0.9
qrtc,development:402:FD+FW:soft_masking:1.00:0.00:0:qrtc,soft_masking,pi_3,1.0,0.0,0.0,0.0,0.0,0.15000000000000002,True,0.75,0.9
random,development:402:FD+FW:soft_masking:1.00:0.00:0:random,soft_masking,pi_3,1.0,0.0,0.0,0.0,0.0,0.050000000000000044,True,0.85,0.9
cheapest_first,development:402:FD+FW:soft_masking:1.00:0.00:0:cheapest_first,soft_masking,pi_3,1.0,0.0,0.0,0.0,1.0,1.2,False,-0.3,0.9
highest_stage_posterior,development:402:FD+FW:soft_masking:1.00:0.00:0:highest_stage_posterior,soft_masking,pi_3,1.0,0.0,0.0,0.0,0.0,0.050000000000000044,True,0.85,0.9
greedy_gain,development:402:FD+FW:soft_masking:1.00:0.00:0:greedy_gain,soft_masking,pi_3,1.0,0.0,0.0,0.0,0.0,0.050000000000000044,True,0.85,0.9
end_to_end,development:402:FD+FW:soft_masking:1.00:0.00:0:end_to_end,soft_masking,pi_3,1.0,0.0,0.0,0.0,0.0,0.050000000000000044,True,0.85,0.9
oracle,development:402:FD+FW:soft_masking:1.00:0.00:0:oracle,soft_masking,pi_3,1.0,0.0,0.0,0.0,0.0,0.0,True,0.9,0.9
qrtc,development:402:FD+FW:soft_masking:1.00:0.05:0:qrtc,soft_masking,pi_3,1.0,0.05,0.0,0.0,0.0,0.15000000000000002,True,0.75,0.9
random,development:402:FD+FW:soft_masking:1.00:0.05:0:random,soft_masking,pi_3,1.0,0.05,0.0,0.0,1.0,1.4,False,-0.5,0.9
cheapest_first,development:402:FD+FW:soft_masking:1.00:0.05:0:cheapest_first,soft_masking,pi_3,1.0,0.05,0.0,0.0,1.0,1.2,False,-0.3,0.9
highest_stage_posterior,development:402:FD+FW:soft_masking:1.00:0.05:0:highest_stage_posterior,soft_masking,pi_3,1.0,0.05,0.0,0.0,0.0,0.050000000000000044,True,0.85,0.9
greedy_gain,development:402:FD+FW:soft_masking:1.00:0.05:0:greedy_gain,soft_masking,pi_3,1.0,0.05,0.0,0.0,0.0,0.050000000000000044,True,0.85,0.9
end_to_end,development:402:FD+FW:soft_masking:1.00:0.05:0:end_to_end,soft_masking,pi_3,1.0,0.05,0.0,0.0,0.0,0.050000000000000044,True,0.85,0.9
oracle,development:402:FD+FW:soft_masking:1.00:0.05:0:oracle,soft_masking,pi_3,1.0,0.05,0.0,0.0,0.0,0.0,True,0.9,0.9
qrtc,development:402:FD+FW:soft_masking:1.00:0.10:0:qrtc,soft_masking,pi_3,1.0,0.1,0.0,0.0,0.0,0.15000000000000002,True,0.75,0.9
random,development:402:FD+FW:soft_masking:1.00:0.10:0:random,soft_masking,pi_3,1.0,0.1,0.0,0.0,0.0,0.0,True,0.9,0.9
cheapest_first,development:402:FD+FW:soft_masking:1.00:0.10:0:cheapest_first,soft_masking,pi_3,1.0,0.1,0.0,0.0,1.0,1.2,False,-0.3,0.9
highest_stage_posterior,development:402:FD+FW:soft_masking:1.00:0.10:0:highest_stage_posterior,soft_masking,pi_3,1.0,0.1,0.0,0.0,0.0,0.050000000000000044,True,0.85,0.9
greedy_gain,development:402:FD+FW:soft_masking:1.00:0.10:0:greedy_gain,soft_masking,pi_3,1.0,0.1,0.0,0.0,0.0,0.050000000000000044,True,0.85,0.9
end_to_end,development:402:FD+FW:soft_masking:1.00:0.10:0:end_to_end,soft_masking,pi_3,1.0,0.1,0.0,0.0,0.0,0.050000000000000044,True,0.85,0.9
oracle,development:402:FD+FW:soft_masking:1.00:0.10:0:oracle,soft_masking,pi_3,1.0,0.1,0.0,0.0,0.0,0.0,True,0.9,0.9
qrtc,development:402:FD+FW:soft_masking:1.00:0.20:0:qrtc,soft_masking,pi_3,1.0,0.2,0.0,0.0,0.0,0.15000000000000002,True,0.75,0.9
random,development:402:FD+FW:soft_masking:1.00:0.20:0:random,soft_masking,pi_3,1.0,0.2,0.0,0.0,1.0,1.2,False,-0.3,0.9
cheapest_first,development:402:FD+FW:soft_masking:1.00:0.20:0:cheapest_first,soft_masking,pi_3,1.0,0.2,0.0,0.0,1.0,1.2,False,-0.3,0.9
highest_stage_posterior,development:402:FD+FW:soft_masking:1.00:0.20:0:highest_stage_posterior,soft_masking,pi_3,1.0,0.2,0.0,0.0,0.0,0.050000000000000044,True,0.85,0.9
greedy_gain,development:402:FD+FW:soft_masking:1.00:0.20:0:greedy_gain,soft_masking,pi_3,1.0,0.2,0.0,0.0,0.0,0.050000000000000044,True,0.85,0.9
end_to_end,development:402:FD+FW:soft_masking:1.00:0.20:0:end_to_end,soft_masking,pi_3,1.0,0.2,0.0,0.0,0.0,0.050000000000000044,True,0.85,0.9
oracle,development:402:FD+FW:soft_masking:1.00:0.20:0:oracle,soft_masking,pi_3,1.0,0.2,0.0,0.0,0.0,0.0,True,0.9,0.9
qrtc,development:402:FD+FW:independent:0.25:0.00:0:qrtc,independent,pi_3,0.25,0.0,0.0,0.0,0.0,0.050000000000000044,True,0.85,0.9
random,development:402:FD+FW:independent:0.25:0.00:0:random,independent,pi_3,0.25,0.0,0.0,0.0,1.0,1.35,False,-0.45,0.9
cheapest_first,development:402:FD+FW:independent:0.25:0.00:0:cheapest_first,independent,pi_3,0.25,0.0,0.0,0.0,1.0,1.2,False,-0.3,0.9
highest_stage_posterior,development:402:FD+FW:independent:0.25:0.00:0:highest_stage_posterior,independent,pi_3,0.25,0.0,0.0,0.0,0.0,0.050000000000000044,True,0.85,0.9
greedy_gain,development:402:FD+FW:independent:0.25:0.00:0:greedy_gain,independent,pi_3,0.25,0.0,0.0,0.0,0.0,0.050000000000000044,True,0.85,0.9
end_to_end,development:402:FD+FW:independent:0.25:0.00:0:end_to_end,independent,pi_3,0.25,0.0,0.0,0.0,0.0,0.050000000000000044,True,0.85,0.9
oracle,development:402:FD+FW:independent:0.25:0.00:0:oracle,independent,pi_3,0.25,0.0,0.0,0.0,0.0,0.0,True,0.9,0.9
qrtc,development:402:FD+FW:independent:0.25:0.05:0:qrtc,independent,pi_3,0.25,0.05,0.0,0.0,0.0,0.050000000000000044,True,0.85,0.9
random,development:402:FD+FW:independent:0.25:0.05:0:random,independent,pi_3,0.25,0.05,0.0,0.0,0.0,0.050000000000000044,True,0.85,0.9
cheapest_first,development:402:FD+FW:independent:0.25:0.05:0:cheapest_first,independent,pi_3,0.25,0.05,0.0,0.0,1.0,1.2,False,-0.3,0.9
highest_stage_posterior,development:402:FD+FW:independent:0.25:0.05:0:highest_stage_posterior,independent,pi_3,0.25,0.05,0.0,0.0,0.0,0.050000000000000044,True,0.85,0.9
greedy_gain,development:402:FD+FW:independent:0.25:0.05:0:greedy_gain,independent,pi_3,0.25,0.05,0.0,0.0,0.0,0.050000000000000044,True,0.85,0.9
end_to_end,development:402:FD+FW:independent:0.25:0.05:0:end_to_end,independent,pi_3,0.25,0.05,0.0,0.0,0.0,0.050000000000000044,True,0.85,0.9
oracle,development:402:FD+FW:independent:0.25:0.05:0:oracle,independent,pi_3,0.25,0.05,0.0,0.0,0.0,0.0,True,0.9,0.9
qrtc,development:402:FD+FW:independent:0.25:0.10:0:qrtc,independent,pi_3,0.25,0.1,0.0,0.0,0.0,0.050000000000000044,True,0.85,0.9
random,development:402:FD+FW:independent:0.25:0.10:0:random,independent,pi_3,0.25,0.1,0.0,0.0,0.0,0.0,True,0.9,0.9
cheapest_first,development:402:FD+FW:independent:0.25:0.10:0:cheapest_first,independent,pi_3,0.25,0.1,0.0,0.0,1.0,1.2,False,-0.3,0.9
highest_stage_posterior,development:402:FD+FW:independent:0.25:0.10:0:highest_stage_posterior,independent,pi_3,0.25,0.1,0.0,0.0,0.0,0.050000000000000044,True,0.85,0.9
greedy_gain,development:402:FD+FW:independent:0.25:0.10:0:greedy_gain,independent,pi_3,0.25,0.1,0.0,0.0,0.0,0.050000000000000044,True,0.85,0.9
end_to_end,development:402:FD+FW:independent:0.25:0.10:0:end_to_end,independent,pi_3,0.25,0.1,0.0,0.0,0.0,0.050000000000000044,True,0.85,0.9
oracle,development:402:FD+FW:independent:0.25:0.10:0:oracle,independent,pi_3,0.25,0.1,0.0,0.0,0.0,0.0,True,0.9,0.9
qrtc,development:402:FD+FW:independent:0.25:0.20:0:qrtc,independent,pi_3,0.25,0.2,0.0,0.0,0.0,0.050000000000000044,True,0.85,0.9
random,development:402:FD+FW:independent:0.25:0.20:0:random,independent,pi_3,0.25,0.2,0.0,0.0,1.0,1.35,False,-0.45,0.9
cheapest_first,development:402:FD+FW:independent:0.25:0.20:0:cheapest_first,independent,pi_3,0.25,0.2,0.0,0.0,1.0,1.2,False,-0.3,0.9
highest_stage_posterior,development:402:FD+FW:independent:0.25:0.20:0:highest_stage_posterior,independent,pi_3,0.25,0.2,0.0,0.0,0.0,0.050000000000000044,True,0.85,0.9
greedy_gain,development:402:FD+FW:independent:0.25:0.20:0:greedy_gain,independent,pi_3,0.25,0.2,0.0,0.0,0.0,0.050000000000000044,True,0.85,0.9
end_to_end,development:402:FD+FW:independent:0.25:0.20:0:end_to_end,independent,pi_3,0.25,0.2,0.0,0.0,0.0,0.050000000000000044,True,0.85,0.9
oracle,development:402:FD+FW:independent:0.25:0.20:0:oracle,independent,pi_3,0.25,0.2,0.0,0.0,0.0,0.0,True,0.9,0.9
qrtc,development:402:FD+FW:independent:0.50:0.00:0:qrtc,independent,pi_3,0.5,0.0,0.0,0.0,0.0,0.050000000000000044,True,0.85,0.9
random,development:402:FD+FW:independent:0.50:0.00:0:random,independent,pi_3,0.5,0.0,0.0,0.0,1.0,1.35,False,-0.45,0.9
cheapest_first,development:402:FD+FW:independent:0.50:0.00:0:cheapest_first,independent,pi_3,0.5,0.0,0.0,0.0,1.0,1.2,False,-0.3,0.9
highest_stage_posterior,development:402:FD+FW:independent:0.50:0.00:0:highest_stage_posterior,independent,pi_3,0.5,0.0,0.0,0.0,0.0,0.050000000000000044,True,0.85,0.9
greedy_gain,development:402:FD+FW:independent:0.50:0.00:0:greedy_gain,independent,pi_3,0.5,0.0,0.0,0.0,0.0,0.050000000000000044,True,0.85,0.9
end_to_end,development:402:FD+FW:independent:0.50:0.00:0:end_to_end,independent,pi_3,0.5,0.0,0.0,0.0,0.0,0.050000000000000044,True,0.85,0.9
oracle,development:402:FD+FW:independent:0.50:0.00:0:oracle,independent,pi_3,0.5,0.0,0.0,0.0,0.0,0.0,True,0.9,0.9
qrtc,development:402:FD+FW:independent:0.50:0.05:0:qrtc,independent,pi_3,0.5,0.05,0.0,0.0,0.0,0.050000000000000044,True,0.85,0.9
random,development:402:FD+FW:independent:0.50:0.05:0:random,independent,pi_3,0.5,0.05,0.0,0.0,0.0,0.050000000000000044,True,0.85,0.9
cheapest_first,development:402:FD+FW:independent:0.50:0.05:0:cheapest_first,independent,pi_3,0.5,0.05,0.0,0.0,1.0,1.2,False,-0.3,0.9
highest_stage_posterior,development:402:FD+FW:independent:0.50:0.05:0:highest_stage_posterior,independent,pi_3,0.5,0.05,0.0,0.0,0.0,0.050000000000000044,True,0.85,0.9
greedy_gain,development:402:FD+FW:independent:0.50:0.05:0:greedy_gain,independent,pi_3,0.5,0.05,0.0,0.0,0.0,0.050000000000000044,True,0.85,0.9
end_to_end,development:402:FD+FW:independent:0.50:0.05:0:end_to_end,independent,pi_3,0.5,0.05,0.0,0.0,0.0,0.050000000000000044,True,0.85,0.9
oracle,development:402:FD+FW:independent:0.50:0.05:0:oracle,independent,pi_3,0.5,0.05,0.0,0.0,0.0,0.0,True,0.9,0.9
qrtc,development:402:FD+FW:independent:0.50:0.10:0:qrtc,independent,pi_3,0.5,0.1,0.0,0.0,0.0,0.050000000000000044,True,0.85,0.9
random,development:402:FD+FW:independent:0.50:0.10:0:random,independent,pi_3,0.5,0.1,0.0,0.0,1.0,1.4,False,-0.5,0.9
cheapest_first,development:402:FD+FW:independent:0.50:0.10:0:cheapest_first,independent,pi_3,0.5,0.1,0.0,0.0,1.0,1.2,False,-0.3,0.9
highest_stage_posterior,development:402:FD+FW:independent:0.50:0.10:0:highest_stage_posterior,independent,pi_3,0.5,0.1,0.0,0.0,0.0,0.050000000000000044,True,0.85,0.9
greedy_gain,development:402:FD+FW:independent:0.50:0.10:0:greedy_gain,independent,pi_3,0.5,0.1,0.0,0.0,0.0,0.050000000000000044,True,0.85,0.9
end_to_end,development:402:FD+FW:independent:0.50:0.10:0:end_to_end,independent,pi_3,0.5,0.1,0.0,0.0,0.0,0.050000000000000044,True,0.85,0.9
oracle,development:402:FD+FW:independent:0.50:0.10:0:oracle,independent,pi_3,0.5,0.1,0.0,0.0,0.0,0.0,True,0.9,0.9
qrtc,development:402:FD+FW:independent:0.50:0.20:0:qrtc,independent,pi_3,0.5,0.2,0.0,0.0,0.0,0.050000000000000044,True,0.85,0.9
random,development:402:FD+FW:independent:0.50:0.20:0:random,independent,pi_3,0.5,0.2,0.0,0.0,1.0,1.35,False,-0.45,0.9
cheapest_first,development:402:FD+FW:independent:0.50:0.20:0:cheapest_first,independent,pi_3,0.5,0.2,0.0,0.0,1.0,1.2,False,-0.3,0.9
highest_stage_posterior,development:402:FD+FW:independent:0.50:0.20:0:highest_stage_posterior,independent,pi_3,0.5,0.2,0.0,0.0,0.0,0.050000000000000044,True,0.85,0.9
greedy_gain,development:402:FD+FW:independent:0.50:0.20:0:greedy_gain,independent,pi_3,0.5,0.2,0.0,0.0,0.0,0.050000000000000044,True,0.85,0.9
end_to_end,development:402:FD+FW:independent:0.50:0.20:0:end_to_end,independent,pi_3,0.5,0.2,0.0,0.0,0.0,0.050000000000000044,True,0.85,0.9
oracle,development:402:FD+FW:independent:0.50:0.20:0:oracle,independent,pi_3,0.5,0.2,0.0,0.0,0.0,0.0,True,0.9,0.9
qrtc,development:402:FD+FW:independent:0.75:0.00:0:qrtc,independent,pi_3,0.75,0.0,0.0,0.0,0.0,0.050000000000000044,True,0.85,0.9
random,development:402:FD+FW:independent:0.75:0.00:0:random,independent,pi_3,0.75,0.0,0.0,0.0,0.0,0.050000000000000044,True,0.85,0.9
cheapest_first,development:402:FD+FW:independent:0.75:0.00:0:cheapest_first,independent,pi_3,0.75,0.0,0.0,0.0,1.0,1.2,False,-0.3,0.9
highest_stage_posterior,development:402:FD+FW:independent:0.75:0.00:0:highest_stage_posterior,independent,pi_3,0.75,0.0,0.0,0.0,0.0,0.050000000000000044,True,0.85,0.9
greedy_gain,development:402:FD+FW:independent:0.75:0.00:0:greedy_gain,independent,pi_3,0.75,0.0,0.0,0.0,0.0,0.050000000000000044,True,0.85,0.9
end_to_end,development:402:FD+FW:independent:0.75:0.00:0:end_to_end,independent,pi_3,0.75,0.0,0.0,0.0,0.0,0.050000000000000044,True,0.85,0.9
oracle,development:402:FD+FW:independent:0.75:0.00:0:oracle,independent,pi_3,0.75,0.0,0.0,0.0,0.0,0.0,True,0.9,0.9
qrtc,development:402:FD+FW:independent:0.75:0.05:0:qrtc,independent,pi_3,0.75,0.05,0.0,0.0,0.0,0.050000000000000044,True,0.85,0.9
random,development:402:FD+FW:independent:0.75:0.05:0:random,independent,pi_3,0.75,0.05,0.0,0.0,0.0,0.0,True,0.9,0.9
cheapest_first,development:402:FD+FW:independent:0.75:0.05:0:cheapest_first,independent,pi_3,0.75,0.05,0.0,0.0,1.0,1.2,False,-0.3,0.9
highest_stage_posterior,development:402:FD+FW:independent:0.75:0.05:0:highest_stage_posterior,independent,pi_3,0.75,0.05,0.0,0.0,0.0,0.050000000000000044,True,0.85,0.9
greedy_gain,development:402:FD+FW:independent:0.75:0.05:0:greedy_gain,independent,pi_3,0.75,0.05,0.0,0.0,0.0,0.050000000000000044,True,0.85,0.9
end_to_end,development:402:FD+FW:independent:0.75:0.05:0:end_to_end,independent,pi_3,0.75,0.05,0.0,0.0,0.0,0.050000000000000044,True,0.85,0.9
oracle,development:402:FD+FW:independent:0.75:0.05:0:oracle,independent,pi_3,0.75,0.05,0.0,0.0,0.0,0.0,True,0.9,0.9
qrtc,development:402:FD+FW:independent:0.75:0.10:0:qrtc,independent,pi_3,0.75,0.1,0.0,0.0,0.0,0.050000000000000044,True,0.85,0.9
random,development:402:FD+FW:independent:0.75:0.10:0:random,independent,pi_3,0.75,0.1,0.0,0.0,0.0,0.0,True,0.9,0.9
cheapest_first,development:402:FD+FW:independent:0.75:0.10:0:cheapest_first,independent,pi_3,0.75,0.1,0.0,0.0,1.0,1.2,False,-0.3,0.9
highest_stage_posterior,development:402:FD+FW:independent:0.75:0.10:0:highest_stage_posterior,independent,pi_3,0.75,0.1,0.0,0.0,0.0,0.050000000000000044,True,0.85,0.9
greedy_gain,development:402:FD+FW:independent:0.75:0.10:0:greedy_gain,independent,pi_3,0.75,0.1,0.0,0.0,0.0,0.050000000000000044,True,0.85,0.9
end_to_end,development:402:FD+FW:independent:0.75:0.10:0:end_to_end,independent,pi_3,0.75,0.1,0.0,0.0,0.0,0.050000000000000044,True,0.85,0.9
oracle,development:402:FD+FW:independent:0.75:0.10:0:oracle,independent,pi_3,0.75,0.1,0.0,0.0,0.0,0.0,True,0.9,0.9
qrtc,development:402:FD+FW:independent:0.75:0.20:0:qrtc,independent,pi_3,0.75,0.2,0.0,0.0,0.0,0.050000000000000044,True,0.85,0.9
random,development:402:FD+FW:independent:0.75:0.20:0:random,independent,pi_3,0.75,0.2,0.0,0.0,1.0,1.2,False,-0.3,0.9
cheapest_first,development:402:FD+FW:independent:0.75:0.20:0:cheapest_first,independent,pi_3,0.75,0.2,0.0,0.0,1.0,1.2,False,-0.3,0.9
highest_stage_posterior,development:402:FD+FW:independent:0.75:0.20:0:highest_stage_posterior,independent,pi_3,0.75,0.2,0.0,0.0,0.0,0.050000000000000044,True,0.85,0.9
greedy_gain,development:402:FD+FW:independent:0.75:0.20:0:greedy_gain,independent,pi_3,0.75,0.2,0.0,0.0,0.0,0.050000000000000044,True,0.85,0.9
end_to_end,development:402:FD+FW:independent:0.75:0.20:0:end_to_end,independent,pi_3,0.75,0.2,0.0,0.0,0.0,0.050000000000000044,True,0.85,0.9
oracle,development:402:FD+FW:independent:0.75:0.20:0:oracle,independent,pi_3,0.75,0.2,0.0,0.0,0.0,0.0,True,0.9,0.9
qrtc,development:402:FD+FW:independent:1.00:0.00:0:qrtc,independent,pi_3,1.0,0.0,0.0,0.0,0.0,0.050000000000000044,True,0.85,0.9
random,development:402:FD+FW:independent:1.00:0.00:0:random,independent,pi_3,1.0,0.0,0.0,0.0,0.0,0.050000000000000044,True,0.85,0.9
cheapest_first,development:402:FD+FW:independent:1.00:0.00:0:cheapest_first,independent,pi_3,1.0,0.0,0.0,0.0,1.0,1.2,False,-0.3,0.9
highest_stage_posterior,development:402:FD+FW:independent:1.00:0.00:0:highest_stage_posterior,independent,pi_3,1.0,0.0,0.0,0.0,0.0,0.050000000000000044,True,0.85,0.9
greedy_gain,development:402:FD+FW:independent:1.00:0.00:0:greedy_gain,independent,pi_3,1.0,0.0,0.0,0.0,0.0,0.050000000000000044,True,0.85,0.9
end_to_end,development:402:FD+FW:independent:1.00:0.00:0:end_to_end,independent,pi_3,1.0,0.0,0.0,0.0,0.0,0.050000000000000044,True,0.85,0.9
oracle,development:402:FD+FW:independent:1.00:0.00:0:oracle,independent,pi_3,1.0,0.0,0.0,0.0,0.0,0.0,True,0.9,0.9
qrtc,development:402:FD+FW:independent:1.00:0.05:0:qrtc,independent,pi_3,1.0,0.05,0.0,0.0,0.0,0.050000000000000044,True,0.85,0.9
random,development:402:FD+FW:independent:1.00:0.05:0:random,independent,pi_3,1.0,0.05,0.0,0.0,1.0,1.4,False,-0.5,0.9
cheapest_first,development:402:FD+FW:independent:1.00:0.05:0:cheapest_first,independent,pi_3,1.0,0.05,0.0,0.0,1.0,1.2,False,-0.3,0.9
highest_stage_posterior,development:402:FD+FW:independent:1.00:0.05:0:highest_stage_posterior,independent,pi_3,1.0,0.05,0.0,0.0,0.0,0.050000000000000044,True,0.85,0.9
greedy_gain,development:402:FD+FW:independent:1.00:0.05:0:greedy_gain,independent,pi_3,1.0,0.05,0.0,0.0,0.0,0.050000000000000044,True,0.85,0.9
end_to_end,development:402:FD+FW:independent:1.00:0.05:0:end_to_end,independent,pi_3,1.0,0.05,0.0,0.0,0.0,0.050000000000000044,True,0.85,0.9
oracle,development:402:FD+FW:independent:1.00:0.05:0:oracle,independent,pi_3,1.0,0.05,0.0,0.0,0.0,0.0,True,0.9,0.9
qrtc,development:402:FD+FW:independent:1.00:0.10:0:qrtc,independent,pi_3,1.0,0.1,0.0,0.0,0.0,0.050000000000000044,True,0.85,0.9
random,development:402:FD+FW:independent:1.00:0.10:0:random,independent,pi_3,1.0,0.1,0.0,0.0,0.0,0.0,True,0.9,0.9
cheapest_first,development:402:FD+FW:independent:1.00:0.10:0:cheapest_first,independent,pi_3,1.0,0.1,0.0,0.0,1.0,1.2,False,-0.3,0.9
highest_stage_posterior,development:402:FD+FW:independent:1.00:0.10:0:highest_stage_posterior,independent,pi_3,1.0,0.1,0.0,0.0,0.0,0.050000000000000044,True,0.85,0.9
greedy_gain,development:402:FD+FW:independent:1.00:0.10:0:greedy_gain,independent,pi_3,1.0,0.1,0.0,0.0,0.0,0.050000000000000044,True,0.85,0.9
end_to_end,development:402:FD+FW:independent:1.00:0.10:0:end_to_end,independent,pi_3,1.0,0.1,0.0,0.0,0.0,0.050000000000000044,True,0.85,0.9
oracle,development:402:FD+FW:independent:1.00:0.10:0:oracle,independent,pi_3,1.0,0.1,0.0,0.0,0.0,0.0,True,0.9,0.9
qrtc,development:402:FD+FW:independent:1.00:0.20:0:qrtc,independent,pi_3,1.0,0.2,0.0,0.0,0.0,0.050000000000000044,True,0.85,0.9
random,development:402:FD+FW:independent:1.00:0.20:0:random,independent,pi_3,1.0,0.2,0.0,0.0,1.0,1.2,False,-0.3,0.9
cheapest_first,development:402:FD+FW:independent:1.00:0.20:0:cheapest_first,independent,pi_3,1.0,0.2,0.0,0.0,1.0,1.2,False,-0.3,0.9
highest_stage_posterior,development:402:FD+FW:independent:1.00:0.20:0:highest_stage_posterior,independent,pi_3,1.0,0.2,0.0,0.0,0.0,0.050000000000000044,True,0.85,0.9
greedy_gain,development:402:FD+FW:independent:1.00:0.20:0:greedy_gain,independent,pi_3,1.0,0.2,0.0,0.0,0.0,0.050000000000000044,True,0.85,0.9
end_to_end,development:402:FD+FW:independent:1.00:0.20:0:end_to_end,independent,pi_3,1.0,0.2,0.0,0.0,0.0,0.050000000000000044,True,0.85,0.9
oracle,development:402:FD+FW:independent:1.00:0.20:0:oracle,independent,pi_3,1.0,0.2,0.0,0.0,0.0,0.0,True,0.9,0.9
qrtc,development:402:FD+FW:synergistic:0.25:0.00:0:qrtc,synergistic,pi_3,0.25,0.0,0.0,0.0,0.0,0.050000000000000044,True,0.85,0.9
random,development:402:FD+FW:synergistic:0.25:0.00:0:random,synergistic,pi_3,0.25,0.0,0.0,0.0,1.0,1.35,False,-0.45,0.9
cheapest_first,development:402:FD+FW:synergistic:0.25:0.00:0:cheapest_first,synergistic,pi_3,0.25,0.0,0.0,0.0,1.0,1.2,False,-0.3,0.9
highest_stage_posterior,development:402:FD+FW:synergistic:0.25:0.00:0:highest_stage_posterior,synergistic,pi_3,0.25,0.0,0.0,0.0,0.0,0.050000000000000044,True,0.85,0.9
greedy_gain,development:402:FD+FW:synergistic:0.25:0.00:0:greedy_gain,synergistic,pi_3,0.25,0.0,0.0,0.0,0.0,0.050000000000000044,True,0.85,0.9
end_to_end,development:402:FD+FW:synergistic:0.25:0.00:0:end_to_end,synergistic,pi_3,0.25,0.0,0.0,0.0,0.0,0.050000000000000044,True,0.85,0.9
oracle,development:402:FD+FW:synergistic:0.25:0.00:0:oracle,synergistic,pi_3,0.25,0.0,0.0,0.0,0.0,0.0,True,0.9,0.9
qrtc,development:402:FD+FW:synergistic:0.25:0.05:0:qrtc,synergistic,pi_3,0.25,0.05,0.0,0.0,0.0,0.050000000000000044,True,0.85,0.9
random,development:402:FD+FW:synergistic:0.25:0.05:0:random,synergistic,pi_3,0.25,0.05,0.0,0.0,0.0,0.050000000000000044,True,0.85,0.9
cheapest_first,development:402:FD+FW:synergistic:0.25:0.05:0:cheapest_first,synergistic,pi_3,0.25,0.05,0.0,0.0,1.0,1.2,False,-0.3,0.9
highest_stage_posterior,development:402:FD+FW:synergistic:0.25:0.05:0:highest_stage_posterior,synergistic,pi_3,0.25,0.05,0.0,0.0,0.0,0.050000000000000044,True,0.85,0.9
greedy_gain,development:402:FD+FW:synergistic:0.25:0.05:0:greedy_gain,synergistic,pi_3,0.25,0.05,0.0,0.0,0.0,0.050000000000000044,True,0.85,0.9
end_to_end,development:402:FD+FW:synergistic:0.25:0.05:0:end_to_end,synergistic,pi_3,0.25,0.05,0.0,0.0,0.0,0.050000000000000044,True,0.85,0.9
oracle,development:402:FD+FW:synergistic:0.25:0.05:0:oracle,synergistic,pi_3,0.25,0.05,0.0,0.0,0.0,0.0,True,0.9,0.9
qrtc,development:402:FD+FW:synergistic:0.25:0.10:0:qrtc,synergistic,pi_3,0.25,0.1,0.0,0.0,0.0,0.050000000000000044,True,0.85,0.9
random,development:402:FD+FW:synergistic:0.25:0.10:0:random,synergistic,pi_3,0.25,0.1,0.0,0.0,0.0,0.0,True,0.9,0.9
cheapest_first,development:402:FD+FW:synergistic:0.25:0.10:0:cheapest_first,synergistic,pi_3,0.25,0.1,0.0,0.0,1.0,1.2,False,-0.3,0.9
highest_stage_posterior,development:402:FD+FW:synergistic:0.25:0.10:0:highest_stage_posterior,synergistic,pi_3,0.25,0.1,0.0,0.0,0.0,0.050000000000000044,True,0.85,0.9
greedy_gain,development:402:FD+FW:synergistic:0.25:0.10:0:greedy_gain,synergistic,pi_3,0.25,0.1,0.0,0.0,0.0,0.050000000000000044,True,0.85,0.9
end_to_end,development:402:FD+FW:synergistic:0.25:0.10:0:end_to_end,synergistic,pi_3,0.25,0.1,0.0,0.0,0.0,0.050000000000000044,True,0.85,0.9
oracle,development:402:FD+FW:synergistic:0.25:0.10:0:oracle,synergistic,pi_3,0.25,0.1,0.0,0.0,0.0,0.0,True,0.9,0.9
qrtc,development:402:FD+FW:synergistic:0.25:0.20:0:qrtc,synergistic,pi_3,0.25,0.2,0.0,0.0,0.0,0.050000000000000044,True,0.85,0.9
random,development:402:FD+FW:synergistic:0.25:0.20:0:random,synergistic,pi_3,0.25,0.2,0.0,0.0,1.0,1.35,False,-0.45,0.9
cheapest_first,development:402:FD+FW:synergistic:0.25:0.20:0:cheapest_first,synergistic,pi_3,0.25,0.2,0.0,0.0,1.0,1.2,False,-0.3,0.9
highest_stage_posterior,development:402:FD+FW:synergistic:0.25:0.20:0:highest_stage_posterior,synergistic,pi_3,0.25,0.2,0.0,0.0,0.0,0.050000000000000044,True,0.85,0.9
greedy_gain,development:402:FD+FW:synergistic:0.25:0.20:0:greedy_gain,synergistic,pi_3,0.25,0.2,0.0,0.0,0.0,0.050000000000000044,True,0.85,0.9
end_to_end,development:402:FD+FW:synergistic:0.25:0.20:0:end_to_end,synergistic,pi_3,0.25,0.2,0.0,0.0,0.0,0.050000000000000044,True,0.85,0.9
oracle,development:402:FD+FW:synergistic:0.25:0.20:0:oracle,synergistic,pi_3,0.25,0.2,0.0,0.0,0.0,0.0,True,0.9,0.9
qrtc,development:402:FD+FW:synergistic:0.50:0.00:0:qrtc,synergistic,pi_3,0.5,0.0,0.0,0.0,0.0,0.050000000000000044,True,0.85,0.9
random,development:402:FD+FW:synergistic:0.50:0.00:0:random,synergistic,pi_3,0.5,0.0,0.0,0.0,1.0,1.35,False,-0.45,0.9
cheapest_first,development:402:FD+FW:synergistic:0.50:0.00:0:cheapest_first,synergistic,pi_3,0.5,0.0,0.0,0.0,1.0,1.2,False,-0.3,0.9
highest_stage_posterior,development:402:FD+FW:synergistic:0.50:0.00:0:highest_stage_posterior,synergistic,pi_3,0.5,0.0,0.0,0.0,0.0,0.050000000000000044,True,0.85,0.9
greedy_gain,development:402:FD+FW:synergistic:0.50:0.00:0:greedy_gain,synergistic,pi_3,0.5,0.0,0.0,0.0,0.0,0.050000000000000044,True,0.85,0.9
end_to_end,development:402:FD+FW:synergistic:0.50:0.00:0:end_to_end,synergistic,pi_3,0.5,0.0,0.0,0.0,0.0,0.050000000000000044,True,0.85,0.9
oracle,development:402:FD+FW:synergistic:0.50:0.00:0:oracle,synergistic,pi_3,0.5,0.0,0.0,0.0,0.0,0.0,True,0.9,0.9
qrtc,development:402:FD+FW:synergistic:0.50:0.05:0:qrtc,synergistic,pi_3,0.5,0.05,0.0,0.0,0.0,0.050000000000000044,True,0.85,0.9
random,development:402:FD+FW:synergistic:0.50:0.05:0:random,synergistic,pi_3,0.5,0.05,0.0,0.0,0.0,0.050000000000000044,True,0.85,0.9
cheapest_first,development:402:FD+FW:synergistic:0.50:0.05:0:cheapest_first,synergistic,pi_3,0.5,0.05,0.0,0.0,1.0,1.2,False,-0.3,0.9
highest_stage_posterior,development:402:FD+FW:synergistic:0.50:0.05:0:highest_stage_posterior,synergistic,pi_3,0.5,0.05,0.0,0.0,0.0,0.050000000000000044,True,0.85,0.9
greedy_gain,development:402:FD+FW:synergistic:0.50:0.05:0:greedy_gain,synergistic,pi_3,0.5,0.05,0.0,0.0,0.0,0.050000000000000044,True,0.85,0.9
end_to_end,development:402:FD+FW:synergistic:0.50:0.05:0:end_to_end,synergistic,pi_3,0.5,0.05,0.0,0.0,0.0,0.050000000000000044,True,0.85,0.9
oracle,development:402:FD+FW:synergistic:0.50:0.05:0:oracle,synergistic,pi_3,0.5,0.05,0.0,0.0,0.0,0.0,True,0.9,0.9
qrtc,development:402:FD+FW:synergistic:0.50:0.10:0:qrtc,synergistic,pi_3,0.5,0.1,0.0,0.0,0.0,0.050000000000000044,True,0.85,0.9
random,development:402:FD+FW:synergistic:0.50:0.10:0:random,synergistic,pi_3,0.5,0.1,0.0,0.0,1.0,1.4,False,-0.5,0.9
cheapest_first,development:402:FD+FW:synergistic:0.50:0.10:0:cheapest_first,synergistic,pi_3,0.5,0.1,0.0,0.0,1.0,1.2,False,-0.3,0.9
highest_stage_posterior,development:402:FD+FW:synergistic:0.50:0.10:0:highest_stage_posterior,synergistic,pi_3,0.5,0.1,0.0,0.0,0.0,0.050000000000000044,True,0.85,0.9
greedy_gain,development:402:FD+FW:synergistic:0.50:0.10:0:greedy_gain,synergistic,pi_3,0.5,0.1,0.0,0.0,0.0,0.050000000000000044,True,0.85,0.9
end_to_end,development:402:FD+FW:synergistic:0.50:0.10:0:end_to_end,synergistic,pi_3,0.5,0.1,0.0,0.0,0.0,0.050000000000000044,True,0.85,0.9
oracle,development:402:FD+FW:synergistic:0.50:0.10:0:oracle,synergistic,pi_3,0.5,0.1,0.0,0.0,0.0,0.0,True,0.9,0.9
qrtc,development:402:FD+FW:synergistic:0.50:0.20:0:qrtc,synergistic,pi_3,0.5,0.2,0.0,0.0,0.0,0.050000000000000044,True,0.85,0.9
random,development:402:FD+FW:synergistic:0.50:0.20:0:random,synergistic,pi_3,0.5,0.2,0.0,0.0,1.0,1.35,False,-0.45,0.9
cheapest_first,development:402:FD+FW:synergistic:0.50:0.20:0:cheapest_first,synergistic,pi_3,0.5,0.2,0.0,0.0,1.0,1.2,False,-0.3,0.9
highest_stage_posterior,development:402:FD+FW:synergistic:0.50:0.20:0:highest_stage_posterior,synergistic,pi_3,0.5,0.2,0.0,0.0,0.0,0.050000000000000044,True,0.85,0.9
greedy_gain,development:402:FD+FW:synergistic:0.50:0.20:0:greedy_gain,synergistic,pi_3,0.5,0.2,0.0,0.0,0.0,0.050000000000000044,True,0.85,0.9
end_to_end,development:402:FD+FW:synergistic:0.50:0.20:0:end_to_end,synergistic,pi_3,0.5,0.2,0.0,0.0,0.0,0.050000000000000044,True,0.85,0.9
oracle,development:402:FD+FW:synergistic:0.50:0.20:0:oracle,synergistic,pi_3,0.5,0.2,0.0,0.0,0.0,0.0,True,0.9,0.9
qrtc,development:402:FD+FW:synergistic:0.75:0.00:0:qrtc,synergistic,pi_3,0.75,0.0,0.0,0.0,0.0,0.050000000000000044,True,0.85,0.9
random,development:402:FD+FW:synergistic:0.75:0.00:0:random,synergistic,pi_3,0.75,0.0,0.0,0.0,0.0,0.050000000000000044,True,0.85,0.9
cheapest_first,development:402:FD+FW:synergistic:0.75:0.00:0:cheapest_first,synergistic,pi_3,0.75,0.0,0.0,0.0,1.0,1.2,False,-0.3,0.9
highest_stage_posterior,development:402:FD+FW:synergistic:0.75:0.00:0:highest_stage_posterior,synergistic,pi_3,0.75,0.0,0.0,0.0,0.0,0.050000000000000044,True,0.85,0.9
greedy_gain,development:402:FD+FW:synergistic:0.75:0.00:0:greedy_gain,synergistic,pi_3,0.75,0.0,0.0,0.0,0.0,0.050000000000000044,True,0.85,0.9
end_to_end,development:402:FD+FW:synergistic:0.75:0.00:0:end_to_end,synergistic,pi_3,0.75,0.0,0.0,0.0,0.0,0.050000000000000044,True,0.85,0.9
oracle,development:402:FD+FW:synergistic:0.75:0.00:0:oracle,synergistic,pi_3,0.75,0.0,0.0,0.0,0.0,0.0,True,0.9,0.9
qrtc,development:402:FD+FW:synergistic:0.75:0.05:0:qrtc,synergistic,pi_3,0.75,0.05,0.0,0.0,0.0,0.050000000000000044,True,0.85,0.9
random,development:402:FD+FW:synergistic:0.75:0.05:0:random,synergistic,pi_3,0.75,0.05,0.0,0.0,0.0,0.0,True,0.9,0.9
cheapest_first,development:402:FD+FW:synergistic:0.75:0.05:0:cheapest_first,synergistic,pi_3,0.75,0.05,0.0,0.0,1.0,1.2,False,-0.3,0.9
highest_stage_posterior,development:402:FD+FW:synergistic:0.75:0.05:0:highest_stage_posterior,synergistic,pi_3,0.75,0.05,0.0,0.0,0.0,0.050000000000000044,True,0.85,0.9
greedy_gain,development:402:FD+FW:synergistic:0.75:0.05:0:greedy_gain,synergistic,pi_3,0.75,0.05,0.0,0.0,0.0,0.050000000000000044,True,0.85,0.9
end_to_end,development:402:FD+FW:synergistic:0.75:0.05:0:end_to_end,synergistic,pi_3,0.75,0.05,0.0,0.0,0.0,0.050000000000000044,True,0.85,0.9
oracle,development:402:FD+FW:synergistic:0.75:0.05:0:oracle,synergistic,pi_3,0.75,0.05,0.0,0.0,0.0,0.0,True,0.9,0.9
qrtc,development:402:FD+FW:synergistic:0.75:0.10:0:qrtc,synergistic,pi_3,0.75,0.1,0.0,0.0,0.0,0.050000000000000044,True,0.85,0.9
random,development:402:FD+FW:synergistic:0.75:0.10:0:random,synergistic,pi_3,0.75,0.1,0.0,0.0,0.0,0.0,True,0.9,0.9
cheapest_first,development:402:FD+FW:synergistic:0.75:0.10:0:cheapest_first,synergistic,pi_3,0.75,0.1,0.0,0.0,1.0,1.2,False,-0.3,0.9
highest_stage_posterior,development:402:FD+FW:synergistic:0.75:0.10:0:highest_stage_posterior,synergistic,pi_3,0.75,0.1,0.0,0.0,0.0,0.050000000000000044,True,0.85,0.9
greedy_gain,development:402:FD+FW:synergistic:0.75:0.10:0:greedy_gain,synergistic,pi_3,0.75,0.1,0.0,0.0,0.0,0.050000000000000044,True,0.85,0.9
end_to_end,development:402:FD+FW:synergistic:0.75:0.10:0:end_to_end,synergistic,pi_3,0.75,0.1,0.0,0.0,0.0,0.050000000000000044,True,0.85,0.9
oracle,development:402:FD+FW:synergistic:0.75:0.10:0:oracle,synergistic,pi_3,0.75,0.1,0.0,0.0,0.0,0.0,True,0.9,0.9
qrtc,development:402:FD+FW:synergistic:0.75:0.20:0:qrtc,synergistic,pi_3,0.75,0.2,0.0,0.0,0.0,0.050000000000000044,True,0.85,0.9
random,development:402:FD+FW:synergistic:0.75:0.20:0:random,synergistic,pi_3,0.75,0.2,0.0,0.0,1.0,1.2,False,-0.3,0.9
cheapest_first,development:402:FD+FW:synergistic:0.75:0.20:0:cheapest_first,synergistic,pi_3,0.75,0.2,0.0,0.0,1.0,1.2,False,-0.3,0.9
highest_stage_posterior,development:402:FD+FW:synergistic:0.75:0.20:0:highest_stage_posterior,synergistic,pi_3,0.75,0.2,0.0,0.0,0.0,0.050000000000000044,True,0.85,0.9
greedy_gain,development:402:FD+FW:synergistic:0.75:0.20:0:greedy_gain,synergistic,pi_3,0.75,0.2,0.0,0.0,0.0,0.050000000000000044,True,0.85,0.9
end_to_end,development:402:FD+FW:synergistic:0.75:0.20:0:end_to_end,synergistic,pi_3,0.75,0.2,0.0,0.0,0.0,0.050000000000000044,True,0.85,0.9
oracle,development:402:FD+FW:synergistic:0.75:0.20:0:oracle,synergistic,pi_3,0.75,0.2,0.0,0.0,0.0,0.0,True,0.9,0.9
qrtc,development:402:FD+FW:synergistic:1.00:0.00:0:qrtc,synergistic,pi_3,1.0,0.0,0.0,0.0,0.0,0.050000000000000044,True,0.85,0.9
random,development:402:FD+FW:synergistic:1.00:0.00:0:random,synergistic,pi_3,1.0,0.0,0.0,0.0,0.0,0.050000000000000044,True,0.85,0.9
cheapest_first,development:402:FD+FW:synergistic:1.00:0.00:0:cheapest_first,synergistic,pi_3,1.0,0.0,0.0,0.0,1.0,1.2,False,-0.3,0.9
highest_stage_posterior,development:402:FD+FW:synergistic:1.00:0.00:0:highest_stage_posterior,synergistic,pi_3,1.0,0.0,0.0,0.0,0.0,0.050000000000000044,True,0.85,0.9
greedy_gain,development:402:FD+FW:synergistic:1.00:0.00:0:greedy_gain,synergistic,pi_3,1.0,0.0,0.0,0.0,0.0,0.050000000000000044,True,0.85,0.9
end_to_end,development:402:FD+FW:synergistic:1.00:0.00:0:end_to_end,synergistic,pi_3,1.0,0.0,0.0,0.0,0.0,0.050000000000000044,True,0.85,0.9
oracle,development:402:FD+FW:synergistic:1.00:0.00:0:oracle,synergistic,pi_3,1.0,0.0,0.0,0.0,0.0,0.0,True,0.9,0.9
qrtc,development:402:FD+FW:synergistic:1.00:0.05:0:qrtc,synergistic,pi_3,1.0,0.05,0.0,0.0,0.0,0.050000000000000044,True,0.85,0.9
random,development:402:FD+FW:synergistic:1.00:0.05:0:random,synergistic,pi_3,1.0,0.05,0.0,0.0,1.0,1.4,False,-0.5,0.9
cheapest_first,development:402:FD+FW:synergistic:1.00:0.05:0:cheapest_first,synergistic,pi_3,1.0,0.05,0.0,0.0,1.0,1.2,False,-0.3,0.9
highest_stage_posterior,development:402:FD+FW:synergistic:1.00:0.05:0:highest_stage_posterior,synergistic,pi_3,1.0,0.05,0.0,0.0,0.0,0.050000000000000044,True,0.85,0.9
greedy_gain,development:402:FD+FW:synergistic:1.00:0.05:0:greedy_gain,synergistic,pi_3,1.0,0.05,0.0,0.0,0.0,0.050000000000000044,True,0.85,0.9
end_to_end,development:402:FD+FW:synergistic:1.00:0.05:0:end_to_end,synergistic,pi_3,1.0,0.05,0.0,0.0,0.0,0.050000000000000044,True,0.85,0.9
oracle,development:402:FD+FW:synergistic:1.00:0.05:0:oracle,synergistic,pi_3,1.0,0.05,0.0,0.0,0.0,0.0,True,0.9,0.9
qrtc,development:402:FD+FW:synergistic:1.00:0.10:0:qrtc,synergistic,pi_3,1.0,0.1,0.0,0.0,0.0,0.050000000000000044,True,0.85,0.9
random,development:402:FD+FW:synergistic:1.00:0.10:0:random,synergistic,pi_3,1.0,0.1,0.0,0.0,0.0,0.0,True,0.9,0.9
cheapest_first,development:402:FD+FW:synergistic:1.00:0.10:0:cheapest_first,synergistic,pi_3,1.0,0.1,0.0,0.0,1.0,1.2,False,-0.3,0.9
highest_stage_posterior,development:402:FD+FW:synergistic:1.00:0.10:0:highest_stage_posterior,synergistic,pi_3,1.0,0.1,0.0,0.0,0.0,0.050000000000000044,True,0.85,0.9
greedy_gain,development:402:FD+FW:synergistic:1.00:0.10:0:greedy_gain,synergistic,pi_3,1.0,0.1,0.0,0.0,0.0,0.050000000000000044,True,0.85,0.9
end_to_end,development:402:FD+FW:synergistic:1.00:0.10:0:end_to_end,synergistic,pi_3,1.0,0.1,0.0,0.0,0.0,0.050000000000000044,True,0.85,0.9
oracle,development:402:FD+FW:synergistic:1.00:0.10:0:oracle,synergistic,pi_3,1.0,0.1,0.0,0.0,0.0,0.0,True,0.9,0.9
qrtc,development:402:FD+FW:synergistic:1.00:0.20:0:qrtc,synergistic,pi_3,1.0,0.2,0.0,0.0,0.0,0.050000000000000044,True,0.85,0.9
random,development:402:FD+FW:synergistic:1.00:0.20:0:random,synergistic,pi_3,1.0,0.2,0.0,0.0,1.0,1.2,False,-0.3,0.9
cheapest_first,development:402:FD+FW:synergistic:1.00:0.20:0:cheapest_first,synergistic,pi_3,1.0,0.2,0.0,0.0,1.0,1.2,False,-0.3,0.9
highest_stage_posterior,development:402:FD+FW:synergistic:1.00:0.20:0:highest_stage_posterior,synergistic,pi_3,1.0,0.2,0.0,0.0,0.0,0.050000000000000044,True,0.85,0.9
greedy_gain,development:402:FD+FW:synergistic:1.00:0.20:0:greedy_gain,synergistic,pi_3,1.0,0.2,0.0,0.0,0.0,0.050000000000000044,True,0.85,0.9
end_to_end,development:402:FD+FW:synergistic:1.00:0.20:0:end_to_end,synergistic,pi_3,1.0,0.2,0.0,0.0,0.0,0.050000000000000044,True,0.85,0.9
oracle,development:402:FD+FW:synergistic:1.00:0.20:0:oracle,synergistic,pi_3,1.0,0.2,0.0,0.0,0.0,0.0,True,0.9,0.9
qrtc,development:402:FB+FR:strict_masking:0.25:0.00:0:qrtc,strict_masking,pi_2,0.25,0.0,0.0,0.0,0.0,0.0,True,0.6,0.6
random,development:402:FB+FR:strict_masking:0.25:0.00:0:random,strict_masking,pi_2,0.25,0.0,0.0,0.0,1.0,1.05,False,-0.45,0.6
cheapest_first,development:402:FB+FR:strict_masking:0.25:0.00:0:cheapest_first,strict_masking,pi_2,0.25,0.0,0.0,0.0,1.0,0.8999999999999999,False,-0.3,0.6
highest_stage_posterior,development:402:FB+FR:strict_masking:0.25:0.00:0:highest_stage_posterior,strict_masking,pi_2,0.25,0.0,0.0,0.0,1.0,1.05,False,-0.45,0.6
greedy_gain,development:402:FB+FR:strict_masking:0.25:0.00:0:greedy_gain,strict_masking,pi_2,0.25,0.0,0.0,0.0,0.0,0.0,True,0.6,0.6
end_to_end,development:402:FB+FR:strict_masking:0.25:0.00:0:end_to_end,strict_masking,pi_2,0.25,0.0,0.0,0.0,1.0,1.05,False,-0.45,0.6
oracle,development:402:FB+FR:strict_masking:0.25:0.00:0:oracle,strict_masking,pi_2,0.25,0.0,0.0,0.0,0.0,0.0,True,0.6,0.6
qrtc,development:402:FB+FR:strict_masking:0.25:0.05:0:qrtc,strict_masking,pi_2,0.25,0.05,0.0,0.0,0.0,0.0,True,0.6,0.6
random,development:402:FB+FR:strict_masking:0.25:0.05:0:random,strict_masking,pi_2,0.25,0.05,0.0,0.0,1.0,1.0,False,-0.4,0.6
cheapest_first,development:402:FB+FR:strict_masking:0.25:0.05:0:cheapest_first,strict_masking,pi_2,0.25,0.05,0.0,0.0,1.0,0.8999999999999999,False,-0.3,0.6
highest_stage_posterior,development:402:FB+FR:strict_masking:0.25:0.05:0:highest_stage_posterior,strict_masking,pi_2,0.25,0.05,0.0,0.0,1.0,1.05,False,-0.45,0.6
greedy_gain,development:402:FB+FR:strict_masking:0.25:0.05:0:greedy_gain,strict_masking,pi_2,0.25,0.05,0.0,0.0,0.0,0.0,True,0.6,0.6
end_to_end,development:402:FB+FR:strict_masking:0.25:0.05:0:end_to_end,strict_masking,pi_2,0.25,0.05,0.0,0.0,1.0,1.05,False,-0.45,0.6
oracle,development:402:FB+FR:strict_masking:0.25:0.05:0:oracle,strict_masking,pi_2,0.25,0.05,0.0,0.0,0.0,0.0,True,0.6,0.6
qrtc,development:402:FB+FR:strict_masking:0.25:0.10:0:qrtc,strict_masking,pi_2,0.25,0.1,0.0,0.0,0.0,0.0,True,0.6,0.6
random,development:402:FB+FR:strict_masking:0.25:0.10:0:random,strict_masking,pi_2,0.25,0.1,0.0,0.0,1.0,0.95,False,-0.35,0.6
cheapest_first,development:402:FB+FR:strict_masking:0.25:0.10:0:cheapest_first,strict_masking,pi_2,0.25,0.1,0.0,0.0,1.0,0.8999999999999999,False,-0.3,0.6
highest_stage_posterior,development:402:FB+FR:strict_masking:0.25:0.10:0:highest_stage_posterior,strict_masking,pi_2,0.25,0.1,0.0,0.0,1.0,1.05,False,-0.45,0.6
greedy_gain,development:402:FB+FR:strict_masking:0.25:0.10:0:greedy_gain,strict_masking,pi_2,0.25,0.1,0.0,0.0,0.0,0.0,True,0.6,0.6
end_to_end,development:402:FB+FR:strict_masking:0.25:0.10:0:end_to_end,strict_masking,pi_2,0.25,0.1,0.0,0.0,1.0,1.05,False,-0.45,0.6
oracle,development:402:FB+FR:strict_masking:0.25:0.10:0:oracle,strict_masking,pi_2,0.25,0.1,0.0,0.0,0.0,0.0,True,0.6,0.6
qrtc,development:402:FB+FR:strict_masking:0.25:0.20:0:qrtc,strict_masking,pi_2,0.25,0.2,0.0,0.0,0.0,0.0,True,0.6,0.6
random,development:402:FB+FR:strict_masking:0.25:0.20:0:random,strict_masking,pi_2,0.25,0.2,0.0,0.0,1.0,1.05,False,-0.45,0.6
cheapest_first,development:402:FB+FR:strict_masking:0.25:0.20:0:cheapest_first,strict_masking,pi_2,0.25,0.2,0.0,0.0,1.0,0.8999999999999999,False,-0.3,0.6
highest_stage_posterior,development:402:FB+FR:strict_masking:0.25:0.20:0:highest_stage_posterior,strict_masking,pi_2,0.25,0.2,0.0,0.0,1.0,1.05,False,-0.45,0.6
greedy_gain,development:402:FB+FR:strict_masking:0.25:0.20:0:greedy_gain,strict_masking,pi_2,0.25,0.2,0.0,0.0,0.0,0.0,True,0.6,0.6
end_to_end,development:402:FB+FR:strict_masking:0.25:0.20:0:end_to_end,strict_masking,pi_2,0.25,0.2,0.0,0.0,1.0,1.05,False,-0.45,0.6
oracle,development:402:FB+FR:strict_masking:0.25:0.20:0:oracle,strict_masking,pi_2,0.25,0.2,0.0,0.0,0.0,0.0,True,0.6,0.6
qrtc,development:402:FB+FR:strict_masking:0.50:0.00:0:qrtc,strict_masking,pi_2,0.5,0.0,0.0,0.0,0.0,0.0,True,0.6,0.6
random,development:402:FB+FR:strict_masking:0.50:0.00:0:random,strict_masking,pi_2,0.5,0.0,0.0,0.0,1.0,1.05,False,-0.45,0.6
cheapest_first,development:402:FB+FR:strict_masking:0.50:0.00:0:cheapest_first,strict_masking,pi_2,0.5,0.0,0.0,0.0,1.0,0.8999999999999999,False,-0.3,0.6
highest_stage_posterior,development:402:FB+FR:strict_masking:0.50:0.00:0:highest_stage_posterior,strict_masking,pi_2,0.5,0.0,0.0,0.0,1.0,1.05,False,-0.45,0.6
greedy_gain,development:402:FB+FR:strict_masking:0.50:0.00:0:greedy_gain,strict_masking,pi_2,0.5,0.0,0.0,0.0,0.0,0.0,True,0.6,0.6
end_to_end,development:402:FB+FR:strict_masking:0.50:0.00:0:end_to_end,strict_masking,pi_2,0.5,0.0,0.0,0.0,1.0,1.05,False,-0.45,0.6
oracle,development:402:FB+FR:strict_masking:0.50:0.00:0:oracle,strict_masking,pi_2,0.5,0.0,0.0,0.0,0.0,0.0,True,0.6,0.6
qrtc,development:402:FB+FR:strict_masking:0.50:0.05:0:qrtc,strict_masking,pi_2,0.5,0.05,0.0,0.0,0.0,0.0,True,0.6,0.6
random,development:402:FB+FR:strict_masking:0.50:0.05:0:random,strict_masking,pi_2,0.5,0.05,0.0,0.0,1.0,1.0,False,-0.4,0.6
cheapest_first,development:402:FB+FR:strict_masking:0.50:0.05:0:cheapest_first,strict_masking,pi_2,0.5,0.05,0.0,0.0,1.0,0.8999999999999999,False,-0.3,0.6
highest_stage_posterior,development:402:FB+FR:strict_masking:0.50:0.05:0:highest_stage_posterior,strict_masking,pi_2,0.5,0.05,0.0,0.0,1.0,1.05,False,-0.45,0.6
greedy_gain,development:402:FB+FR:strict_masking:0.50:0.05:0:greedy_gain,strict_masking,pi_2,0.5,0.05,0.0,0.0,0.0,0.0,True,0.6,0.6
end_to_end,development:402:FB+FR:strict_masking:0.50:0.05:0:end_to_end,strict_masking,pi_2,0.5,0.05,0.0,0.0,1.0,1.05,False,-0.45,0.6
oracle,development:402:FB+FR:strict_masking:0.50:0.05:0:oracle,strict_masking,pi_2,0.5,0.05,0.0,0.0,0.0,0.0,True,0.6,0.6
qrtc,development:402:FB+FR:strict_masking:0.50:0.10:0:qrtc,strict_masking,pi_2,0.5,0.1,0.0,0.0,0.0,0.0,True,0.6,0.6
random,development:402:FB+FR:strict_masking:0.50:0.10:0:random,strict_masking,pi_2,0.5,0.1,0.0,0.0,1.0,1.1,False,-0.5,0.6
cheapest_first,development:402:FB+FR:strict_masking:0.50:0.10:0:cheapest_first,strict_masking,pi_2,0.5,0.1,0.0,0.0,1.0,0.8999999999999999,False,-0.3,0.6
highest_stage_posterior,development:402:FB+FR:strict_masking:0.50:0.10:0:highest_stage_posterior,strict_masking,pi_2,0.5,0.1,0.0,0.0,1.0,1.05,False,-0.45,0.6
greedy_gain,development:402:FB+FR:strict_masking:0.50:0.10:0:greedy_gain,strict_masking,pi_2,0.5,0.1,0.0,0.0,0.0,0.0,True,0.6,0.6
end_to_end,development:402:FB+FR:strict_masking:0.50:0.10:0:end_to_end,strict_masking,pi_2,0.5,0.1,0.0,0.0,1.0,1.05,False,-0.45,0.6
oracle,development:402:FB+FR:strict_masking:0.50:0.10:0:oracle,strict_masking,pi_2,0.5,0.1,0.0,0.0,0.0,0.0,True,0.6,0.6
qrtc,development:402:FB+FR:strict_masking:0.50:0.20:0:qrtc,strict_masking,pi_2,0.5,0.2,0.0,0.0,0.0,0.0,True,0.6,0.6
random,development:402:FB+FR:strict_masking:0.50:0.20:0:random,strict_masking,pi_2,0.5,0.2,0.0,0.0,1.0,1.05,False,-0.45,0.6
cheapest_first,development:402:FB+FR:strict_masking:0.50:0.20:0:cheapest_first,strict_masking,pi_2,0.5,0.2,0.0,0.0,1.0,0.8999999999999999,False,-0.3,0.6
highest_stage_posterior,development:402:FB+FR:strict_masking:0.50:0.20:0:highest_stage_posterior,strict_masking,pi_2,0.5,0.2,0.0,0.0,1.0,1.05,False,-0.45,0.6
greedy_gain,development:402:FB+FR:strict_masking:0.50:0.20:0:greedy_gain,strict_masking,pi_2,0.5,0.2,0.0,0.0,0.0,0.0,True,0.6,0.6
end_to_end,development:402:FB+FR:strict_masking:0.50:0.20:0:end_to_end,strict_masking,pi_2,0.5,0.2,0.0,0.0,1.0,1.05,False,-0.45,0.6
oracle,development:402:FB+FR:strict_masking:0.50:0.20:0:oracle,strict_masking,pi_2,0.5,0.2,0.0,0.0,0.0,0.0,True,0.6,0.6
qrtc,development:402:FB+FR:strict_masking:0.75:0.00:0:qrtc,strict_masking,pi_2,0.75,0.0,0.0,0.0,0.0,0.0,True,0.6,0.6
random,development:402:FB+FR:strict_masking:0.75:0.00:0:random,strict_masking,pi_2,0.75,0.0,0.0,0.0,1.0,1.0,False,-0.4,0.6
cheapest_first,development:402:FB+FR:strict_masking:0.75:0.00:0:cheapest_first,strict_masking,pi_2,0.75,0.0,0.0,0.0,1.0,0.8999999999999999,False,-0.3,0.6
highest_stage_posterior,development:402:FB+FR:strict_masking:0.75:0.00:0:highest_stage_posterior,strict_masking,pi_2,0.75,0.0,0.0,0.0,1.0,1.05,False,-0.45,0.6
greedy_gain,development:402:FB+FR:strict_masking:0.75:0.00:0:greedy_gain,strict_masking,pi_2,0.75,0.0,0.0,0.0,0.0,0.0,True,0.6,0.6
end_to_end,development:402:FB+FR:strict_masking:0.75:0.00:0:end_to_end,strict_masking,pi_2,0.75,0.0,0.0,0.0,1.0,1.05,False,-0.45,0.6
oracle,development:402:FB+FR:strict_masking:0.75:0.00:0:oracle,strict_masking,pi_2,0.75,0.0,0.0,0.0,0.0,0.0,True,0.6,0.6
qrtc,development:402:FB+FR:strict_masking:0.75:0.05:0:qrtc,strict_masking,pi_2,0.75,0.05,0.0,0.0,0.0,0.0,True,0.6,0.6
random,development:402:FB+FR:strict_masking:0.75:0.05:0:random,strict_masking,pi_2,0.75,0.05,0.0,0.0,1.0,0.95,False,-0.35,0.6
cheapest_first,development:402:FB+FR:strict_masking:0.75:0.05:0:cheapest_first,strict_masking,pi_2,0.75,0.05,0.0,0.0,1.0,0.8999999999999999,False,-0.3,0.6
highest_stage_posterior,development:402:FB+FR:strict_masking:0.75:0.05:0:highest_stage_posterior,strict_masking,pi_2,0.75,0.05,0.0,0.0,1.0,1.05,False,-0.45,0.6
greedy_gain,development:402:FB+FR:strict_masking:0.75:0.05:0:greedy_gain,strict_masking,pi_2,0.75,0.05,0.0,0.0,0.0,0.0,True,0.6,0.6
end_to_end,development:402:FB+FR:strict_masking:0.75:0.05:0:end_to_end,strict_masking,pi_2,0.75,0.05,0.0,0.0,1.0,1.05,False,-0.45,0.6
oracle,development:402:FB+FR:strict_masking:0.75:0.05:0:oracle,strict_masking,pi_2,0.75,0.05,0.0,0.0,0.0,0.0,True,0.6,0.6
qrtc,development:402:FB+FR:strict_masking:0.75:0.10:0:qrtc,strict_masking,pi_2,0.75,0.1,0.0,0.0,0.0,0.0,True,0.6,0.6
random,development:402:FB+FR:strict_masking:0.75:0.10:0:random,strict_masking,pi_2,0.75,0.1,0.0,0.0,1.0,0.95,False,-0.35,0.6
cheapest_first,development:402:FB+FR:strict_masking:0.75:0.10:0:cheapest_first,strict_masking,pi_2,0.75,0.1,0.0,0.0,1.0,0.8999999999999999,False,-0.3,0.6
highest_stage_posterior,development:402:FB+FR:strict_masking:0.75:0.10:0:highest_stage_posterior,strict_masking,pi_2,0.75,0.1,0.0,0.0,1.0,1.05,False,-0.45,0.6
greedy_gain,development:402:FB+FR:strict_masking:0.75:0.10:0:greedy_gain,strict_masking,pi_2,0.75,0.1,0.0,0.0,0.0,0.0,True,0.6,0.6
end_to_end,development:402:FB+FR:strict_masking:0.75:0.10:0:end_to_end,strict_masking,pi_2,0.75,0.1,0.0,0.0,1.0,1.05,False,-0.45,0.6
oracle,development:402:FB+FR:strict_masking:0.75:0.10:0:oracle,strict_masking,pi_2,0.75,0.1,0.0,0.0,0.0,0.0,True,0.6,0.6
qrtc,development:402:FB+FR:strict_masking:0.75:0.20:0:qrtc,strict_masking,pi_2,0.75,0.2,0.0,0.0,0.0,0.0,True,0.6,0.6
random,development:402:FB+FR:strict_masking:0.75:0.20:0:random,strict_masking,pi_2,0.75,0.2,0.0,0.0,1.0,0.8999999999999999,False,-0.3,0.6
cheapest_first,development:402:FB+FR:strict_masking:0.75:0.20:0:cheapest_first,strict_masking,pi_2,0.75,0.2,0.0,0.0,1.0,0.8999999999999999,False,-0.3,0.6
highest_stage_posterior,development:402:FB+FR:strict_masking:0.75:0.20:0:highest_stage_posterior,strict_masking,pi_2,0.75,0.2,0.0,0.0,1.0,1.05,False,-0.45,0.6
greedy_gain,development:402:FB+FR:strict_masking:0.75:0.20:0:greedy_gain,strict_masking,pi_2,0.75,0.2,0.0,0.0,0.0,0.0,True,0.6,0.6
end_to_end,development:402:FB+FR:strict_masking:0.75:0.20:0:end_to_end,strict_masking,pi_2,0.75,0.2,0.0,0.0,1.0,1.05,False,-0.45,0.6
oracle,development:402:FB+FR:strict_masking:0.75:0.20:0:oracle,strict_masking,pi_2,0.75,0.2,0.0,0.0,0.0,0.0,True,0.6,0.6
qrtc,development:402:FB+FR:strict_masking:1.00:0.00:0:qrtc,strict_masking,pi_2,1.0,0.0,0.0,0.0,0.0,0.0,True,0.6,0.6
random,development:402:FB+FR:strict_masking:1.00:0.00:0:random,strict_masking,pi_2,1.0,0.0,0.0,0.0,1.0,1.0,False,-0.4,0.6
cheapest_first,development:402:FB+FR:strict_masking:1.00:0.00:0:cheapest_first,strict_masking,pi_2,1.0,0.0,0.0,0.0,1.0,0.8999999999999999,False,-0.3,0.6
highest_stage_posterior,development:402:FB+FR:strict_masking:1.00:0.00:0:highest_stage_posterior,strict_masking,pi_2,1.0,0.0,0.0,0.0,1.0,1.05,False,-0.45,0.6
greedy_gain,development:402:FB+FR:strict_masking:1.00:0.00:0:greedy_gain,strict_masking,pi_2,1.0,0.0,0.0,0.0,0.0,0.0,True,0.6,0.6
end_to_end,development:402:FB+FR:strict_masking:1.00:0.00:0:end_to_end,strict_masking,pi_2,1.0,0.0,0.0,0.0,1.0,1.05,False,-0.45,0.6
oracle,development:402:FB+FR:strict_masking:1.00:0.00:0:oracle,strict_masking,pi_2,1.0,0.0,0.0,0.0,0.0,0.0,True,0.6,0.6
qrtc,development:402:FB+FR:strict_masking:1.00:0.05:0:qrtc,strict_masking,pi_2,1.0,0.05,0.0,0.0,0.0,0.0,True,0.6,0.6
random,development:402:FB+FR:strict_masking:1.00:0.05:0:random,strict_masking,pi_2,1.0,0.05,0.0,0.0,1.0,1.1,False,-0.5,0.6
cheapest_first,development:402:FB+FR:strict_masking:1.00:0.05:0:cheapest_first,strict_masking,pi_2,1.0,0.05,0.0,0.0,1.0,0.8999999999999999,False,-0.3,0.6
highest_stage_posterior,development:402:FB+FR:strict_masking:1.00:0.05:0:highest_stage_posterior,strict_masking,pi_2,1.0,0.05,0.0,0.0,1.0,1.05,False,-0.45,0.6
greedy_gain,development:402:FB+FR:strict_masking:1.00:0.05:0:greedy_gain,strict_masking,pi_2,1.0,0.05,0.0,0.0,0.0,0.0,True,0.6,0.6
end_to_end,development:402:FB+FR:strict_masking:1.00:0.05:0:end_to_end,strict_masking,pi_2,1.0,0.05,0.0,0.0,1.0,1.05,False,-0.45,0.6
oracle,development:402:FB+FR:strict_masking:1.00:0.05:0:oracle,strict_masking,pi_2,1.0,0.05,0.0,0.0,0.0,0.0,True,0.6,0.6
qrtc,development:402:FB+FR:strict_masking:1.00:0.10:0:qrtc,strict_masking,pi_2,1.0,0.1,0.0,0.0,0.0,0.0,True,0.6,0.6
random,development:402:FB+FR:strict_masking:1.00:0.10:0:random,strict_masking,pi_2,1.0,0.1,0.0,0.0,1.0,0.95,False,-0.35,0.6
cheapest_first,development:402:FB+FR:strict_masking:1.00:0.10:0:cheapest_first,strict_masking,pi_2,1.0,0.1,0.0,0.0,1.0,0.8999999999999999,False,-0.3,0.6
highest_stage_posterior,development:402:FB+FR:strict_masking:1.00:0.10:0:highest_stage_posterior,strict_masking,pi_2,1.0,0.1,0.0,0.0,1.0,1.05,False,-0.45,0.6
greedy_gain,development:402:FB+FR:strict_masking:1.00:0.10:0:greedy_gain,strict_masking,pi_2,1.0,0.1,0.0,0.0,0.0,0.0,True,0.6,0.6
end_to_end,development:402:FB+FR:strict_masking:1.00:0.10:0:end_to_end,strict_masking,pi_2,1.0,0.1,0.0,0.0,1.0,1.05,False,-0.45,0.6
oracle,development:402:FB+FR:strict_masking:1.00:0.10:0:oracle,strict_masking,pi_2,1.0,0.1,0.0,0.0,0.0,0.0,True,0.6,0.6
qrtc,development:402:FB+FR:strict_masking:1.00:0.20:0:qrtc,strict_masking,pi_2,1.0,0.2,0.0,0.0,0.0,0.0,True,0.6,0.6
random,development:402:FB+FR:strict_masking:1.00:0.20:0:random,strict_masking,pi_2,1.0,0.2,0.0,0.0,1.0,0.8999999999999999,False,-0.3,0.6
cheapest_first,development:402:FB+FR:strict_masking:1.00:0.20:0:cheapest_first,strict_masking,pi_2,1.0,0.2,0.0,0.0,1.0,0.8999999999999999,False,-0.3,0.6
highest_stage_posterior,development:402:FB+FR:strict_masking:1.00:0.20:0:highest_stage_posterior,strict_masking,pi_2,1.0,0.2,0.0,0.0,1.0,1.05,False,-0.45,0.6
greedy_gain,development:402:FB+FR:strict_masking:1.00:0.20:0:greedy_gain,strict_masking,pi_2,1.0,0.2,0.0,0.0,0.0,0.0,True,0.6,0.6
end_to_end,development:402:FB+FR:strict_masking:1.00:0.20:0:end_to_end,strict_masking,pi_2,1.0,0.2,0.0,0.0,1.0,1.05,False,-0.45,0.6
oracle,development:402:FB+FR:strict_masking:1.00:0.20:0:oracle,strict_masking,pi_2,1.0,0.2,0.0,0.0,0.0,0.0,True,0.6,0.6
qrtc,development:402:FB+FR:soft_masking:0.25:0.00:0:qrtc,soft_masking,pi_2,0.25,0.0,0.0,0.0,0.0,0.20000000000000007,True,0.6,0.8
random,development:402:FB+FR:soft_masking:0.25:0.00:0:random,soft_masking,pi_2,0.25,0.0,0.0,0.0,0.0,0.0,True,0.8,0.8
cheapest_first,development:402:FB+FR:soft_masking:0.25:0.00:0:cheapest_first,soft_masking,pi_2,0.25,0.0,0.0,0.0,1.0,1.1,False,-0.3,0.8
highest_stage_posterior,development:402:FB+FR:soft_masking:0.25:0.00:0:highest_stage_posterior,soft_masking,pi_2,0.25,0.0,0.0,0.0,0.0,0.0,True,0.8,0.8
greedy_gain,development:402:FB+FR:soft_masking:0.25:0.00:0:greedy_gain,soft_masking,pi_2,0.25,0.0,0.0,0.0,0.0,0.0,True,0.8,0.8
end_to_end,development:402:FB+FR:soft_masking:0.25:0.00:0:end_to_end,soft_masking,pi_2,0.25,0.0,0.0,0.0,0.0,0.0,True,0.8,0.8
oracle,development:402:FB+FR:soft_masking:0.25:0.00:0:oracle,soft_masking,pi_2,0.25,0.0,0.0,0.0,0.0,0.0,True,0.8,0.8
qrtc,development:402:FB+FR:soft_masking:0.25:0.05:0:qrtc,soft_masking,pi_2,0.25,0.05,0.0,0.0,0.0,0.20000000000000007,True,0.6,0.8
random,development:402:FB+FR:soft_masking:0.25:0.05:0:random,soft_masking,pi_2,0.25,0.05,0.0,0.0,1.0,1.2000000000000002,False,-0.4,0.8
cheapest_first,development:402:FB+FR:soft_masking:0.25:0.05:0:cheapest_first,soft_masking,pi_2,0.25,0.05,0.0,0.0,1.0,1.1,False,-0.3,0.8
highest_stage_posterior,development:402:FB+FR:soft_masking:0.25:0.05:0:highest_stage_posterior,soft_masking,pi_2,0.25,0.05,0.0,0.0,0.0,0.0,True,0.8,0.8
greedy_gain,development:402:FB+FR:soft_masking:0.25:0.05:0:greedy_gain,soft_masking,pi_2,0.25,0.05,0.0,0.0,0.0,0.0,True,0.8,0.8
end_to_end,development:402:FB+FR:soft_masking:0.25:0.05:0:end_to_end,soft_masking,pi_2,0.25,0.05,0.0,0.0,0.0,0.0,True,0.8,0.8
oracle,development:402:FB+FR:soft_masking:0.25:0.05:0:oracle,soft_masking,pi_2,0.25,0.05,0.0,0.0,0.0,0.0,True,0.8,0.8
qrtc,development:402:FB+FR:soft_masking:0.25:0.10:0:qrtc,soft_masking,pi_2,0.25,0.1,0.0,0.0,0.0,0.20000000000000007,True,0.6,0.8
random,development:402:FB+FR:soft_masking:0.25:0.10:0:random,soft_masking,pi_2,0.25,0.1,0.0,0.0,1.0,1.15,False,-0.35,0.8
cheapest_first,development:402:FB+FR:soft_masking:0.25:0.10:0:cheapest_first,soft_masking,pi_2,0.25,0.1,0.0,0.0,1.0,1.1,False,-0.3,0.8
highest_stage_posterior,development:402:FB+FR:soft_masking:0.25:0.10:0:highest_stage_posterior,soft_masking,pi_2,0.25,0.1,0.0,0.0,0.0,0.0,True,0.8,0.8
greedy_gain,development:402:FB+FR:soft_masking:0.25:0.10:0:greedy_gain,soft_masking,pi_2,0.25,0.1,0.0,0.0,0.0,0.0,True,0.8,0.8
end_to_end,development:402:FB+FR:soft_masking:0.25:0.10:0:end_to_end,soft_masking,pi_2,0.25,0.1,0.0,0.0,0.0,0.0,True,0.8,0.8
oracle,development:402:FB+FR:soft_masking:0.25:0.10:0:oracle,soft_masking,pi_2,0.25,0.1,0.0,0.0,0.0,0.0,True,0.8,0.8
qrtc,development:402:FB+FR:soft_masking:0.25:0.20:0:qrtc,soft_masking,pi_2,0.25,0.2,0.0,0.0,0.0,0.20000000000000007,True,0.6,0.8
random,development:402:FB+FR:soft_masking:0.25:0.20:0:random,soft_masking,pi_2,0.25,0.2,0.0,0.0,0.0,0.0,True,0.8,0.8
cheapest_first,development:402:FB+FR:soft_masking:0.25:0.20:0:cheapest_first,soft_masking,pi_2,0.25,0.2,0.0,0.0,1.0,1.1,False,-0.3,0.8
highest_stage_posterior,development:402:FB+FR:soft_masking:0.25:0.20:0:highest_stage_posterior,soft_masking,pi_2,0.25,0.2,0.0,0.0,0.0,0.0,True,0.8,0.8
greedy_gain,development:402:FB+FR:soft_masking:0.25:0.20:0:greedy_gain,soft_masking,pi_2,0.25,0.2,0.0,0.0,0.0,0.0,True,0.8,0.8
end_to_end,development:402:FB+FR:soft_masking:0.25:0.20:0:end_to_end,soft_masking,pi_2,0.25,0.2,0.0,0.0,0.0,0.0,True,0.8,0.8
oracle,development:402:FB+FR:soft_masking:0.25:0.20:0:oracle,soft_masking,pi_2,0.25,0.2,0.0,0.0,0.0,0.0,True,0.8,0.8
qrtc,development:402:FB+FR:soft_masking:0.50:0.00:0:qrtc,soft_masking,pi_2,0.5,0.0,0.0,0.0,0.0,0.20000000000000007,True,0.6,0.8
random,development:402:FB+FR:soft_masking:0.50:0.00:0:random,soft_masking,pi_2,0.5,0.0,0.0,0.0,0.0,0.0,True,0.8,0.8
cheapest_first,development:402:FB+FR:soft_masking:0.50:0.00:0:cheapest_first,soft_masking,pi_2,0.5,0.0,0.0,0.0,1.0,1.1,False,-0.3,0.8
highest_stage_posterior,development:402:FB+FR:soft_masking:0.50:0.00:0:highest_stage_posterior,soft_masking,pi_2,0.5,0.0,0.0,0.0,0.0,0.0,True,0.8,0.8
greedy_gain,development:402:FB+FR:soft_masking:0.50:0.00:0:greedy_gain,soft_masking,pi_2,0.5,0.0,0.0,0.0,0.0,0.0,True,0.8,0.8
end_to_end,development:402:FB+FR:soft_masking:0.50:0.00:0:end_to_end,soft_masking,pi_2,0.5,0.0,0.0,0.0,0.0,0.0,True,0.8,0.8
oracle,development:402:FB+FR:soft_masking:0.50:0.00:0:oracle,soft_masking,pi_2,0.5,0.0,0.0,0.0,0.0,0.0,True,0.8,0.8
qrtc,development:402:FB+FR:soft_masking:0.50:0.05:0:qrtc,soft_masking,pi_2,0.5,0.05,0.0,0.0,0.0,0.20000000000000007,True,0.6,0.8
random,development:402:FB+FR:soft_masking:0.50:0.05:0:random,soft_masking,pi_2,0.5,0.05,0.0,0.0,1.0,1.2000000000000002,False,-0.4,0.8
cheapest_first,development:402:FB+FR:soft_masking:0.50:0.05:0:cheapest_first,soft_masking,pi_2,0.5,0.05,0.0,0.0,1.0,1.1,False,-0.3,0.8
highest_stage_posterior,development:402:FB+FR:soft_masking:0.50:0.05:0:highest_stage_posterior,soft_masking,pi_2,0.5,0.05,0.0,0.0,0.0,0.0,True,0.8,0.8
greedy_gain,development:402:FB+FR:soft_masking:0.50:0.05:0:greedy_gain,soft_masking,pi_2,0.5,0.05,0.0,0.0,0.0,0.0,True,0.8,0.8
end_to_end,development:402:FB+FR:soft_masking:0.50:0.05:0:end_to_end,soft_masking,pi_2,0.5,0.05,0.0,0.0,0.0,0.0,True,0.8,0.8
oracle,development:402:FB+FR:soft_masking:0.50:0.05:0:oracle,soft_masking,pi_2,0.5,0.05,0.0,0.0,0.0,0.0,True,0.8,0.8
qrtc,development:402:FB+FR:soft_masking:0.50:0.10:0:qrtc,soft_masking,pi_2,0.5,0.1,0.0,0.0,0.0,0.20000000000000007,True,0.6,0.8
random,development:402:FB+FR:soft_masking:0.50:0.10:0:random,soft_masking,pi_2,0.5,0.1,0.0,0.0,1.0,1.3,False,-0.5,0.8
cheapest_first,development:402:FB+FR:soft_masking:0.50:0.10:0:cheapest_first,soft_masking,pi_2,0.5,0.1,0.0,0.0,1.0,1.1,False,-0.3,0.8
highest_stage_posterior,development:402:FB+FR:soft_masking:0.50:0.10:0:highest_stage_posterior,soft_masking,pi_2,0.5,0.1,0.0,0.0,0.0,0.0,True,0.8,0.8
greedy_gain,development:402:FB+FR:soft_masking:0.50:0.10:0:greedy_gain,soft_masking,pi_2,0.5,0.1,0.0,0.0,0.0,0.0,True,0.8,0.8
end_to_end,development:402:FB+FR:soft_masking:0.50:0.10:0:end_to_end,soft_masking,pi_2,0.5,0.1,0.0,0.0,0.0,0.0,True,0.8,0.8
oracle,development:402:FB+FR:soft_masking:0.50:0.10:0:oracle,soft_masking,pi_2,0.5,0.1,0.0,0.0,0.0,0.0,True,0.8,0.8
qrtc,development:402:FB+FR:soft_masking:0.50:0.20:0:qrtc,soft_masking,pi_2,0.5,0.2,0.0,0.0,0.0,0.20000000000000007,True,0.6,0.8
random,development:402:FB+FR:soft_masking:0.50:0.20:0:random,soft_masking,pi_2,0.5,0.2,0.0,0.0,0.0,0.0,True,0.8,0.8
cheapest_first,development:402:FB+FR:soft_masking:0.50:0.20:0:cheapest_first,soft_masking,pi_2,0.5,0.2,0.0,0.0,1.0,1.1,False,-0.3,0.8
highest_stage_posterior,development:402:FB+FR:soft_masking:0.50:0.20:0:highest_stage_posterior,soft_masking,pi_2,0.5,0.2,0.0,0.0,0.0,0.0,True,0.8,0.8
greedy_gain,development:402:FB+FR:soft_masking:0.50:0.20:0:greedy_gain,soft_masking,pi_2,0.5,0.2,0.0,0.0,0.0,0.0,True,0.8,0.8
end_to_end,development:402:FB+FR:soft_masking:0.50:0.20:0:end_to_end,soft_masking,pi_2,0.5,0.2,0.0,0.0,0.0,0.0,True,0.8,0.8
oracle,development:402:FB+FR:soft_masking:0.50:0.20:0:oracle,soft_masking,pi_2,0.5,0.2,0.0,0.0,0.0,0.0,True,0.8,0.8
qrtc,development:402:FB+FR:soft_masking:0.75:0.00:0:qrtc,soft_masking,pi_2,0.75,0.0,0.0,0.0,0.0,0.20000000000000007,True,0.6,0.8
random,development:402:FB+FR:soft_masking:0.75:0.00:0:random,soft_masking,pi_2,0.75,0.0,0.0,0.0,1.0,1.2000000000000002,False,-0.4,0.8
cheapest_first,development:402:FB+FR:soft_masking:0.75:0.00:0:cheapest_first,soft_masking,pi_2,0.75,0.0,0.0,0.0,1.0,1.1,False,-0.3,0.8
highest_stage_posterior,development:402:FB+FR:soft_masking:0.75:0.00:0:highest_stage_posterior,soft_masking,pi_2,0.75,0.0,0.0,0.0,0.0,0.0,True,0.8,0.8
greedy_gain,development:402:FB+FR:soft_masking:0.75:0.00:0:greedy_gain,soft_masking,pi_2,0.75,0.0,0.0,0.0,0.0,0.0,True,0.8,0.8
end_to_end,development:402:FB+FR:soft_masking:0.75:0.00:0:end_to_end,soft_masking,pi_2,0.75,0.0,0.0,0.0,0.0,0.0,True,0.8,0.8
oracle,development:402:FB+FR:soft_masking:0.75:0.00:0:oracle,soft_masking,pi_2,0.75,0.0,0.0,0.0,0.0,0.0,True,0.8,0.8
qrtc,development:402:FB+FR:soft_masking:0.75:0.05:0:qrtc,soft_masking,pi_2,0.75,0.05,0.0,0.0,0.0,0.20000000000000007,True,0.6,0.8
random,development:402:FB+FR:soft_masking:0.75:0.05:0:random,soft_masking,pi_2,0.75,0.05,0.0,0.0,1.0,1.15,False,-0.35,0.8
cheapest_first,development:402:FB+FR:soft_masking:0.75:0.05:0:cheapest_first,soft_masking,pi_2,0.75,0.05,0.0,0.0,1.0,1.1,False,-0.3,0.8
highest_stage_posterior,development:402:FB+FR:soft_masking:0.75:0.05:0:highest_stage_posterior,soft_masking,pi_2,0.75,0.05,0.0,0.0,0.0,0.0,True,0.8,0.8
greedy_gain,development:402:FB+FR:soft_masking:0.75:0.05:0:greedy_gain,soft_masking,pi_2,0.75,0.05,0.0,0.0,0.0,0.0,True,0.8,0.8
end_to_end,development:402:FB+FR:soft_masking:0.75:0.05:0:end_to_end,soft_masking,pi_2,0.75,0.05,0.0,0.0,0.0,0.0,True,0.8,0.8
oracle,development:402:FB+FR:soft_masking:0.75:0.05:0:oracle,soft_masking,pi_2,0.75,0.05,0.0,0.0,0.0,0.0,True,0.8,0.8
qrtc,development:402:FB+FR:soft_masking:0.75:0.10:0:qrtc,soft_masking,pi_2,0.75,0.1,0.0,0.0,0.0,0.20000000000000007,True,0.6,0.8
random,development:402:FB+FR:soft_masking:0.75:0.10:0:random,soft_masking,pi_2,0.75,0.1,0.0,0.0,1.0,1.15,False,-0.35,0.8
cheapest_first,development:402:FB+FR:soft_masking:0.75:0.10:0:cheapest_first,soft_masking,pi_2,0.75,0.1,0.0,0.0,1.0,1.1,False,-0.3,0.8
highest_stage_posterior,development:402:FB+FR:soft_masking:0.75:0.10:0:highest_stage_posterior,soft_masking,pi_2,0.75,0.1,0.0,0.0,0.0,0.0,True,0.8,0.8
greedy_gain,development:402:FB+FR:soft_masking:0.75:0.10:0:greedy_gain,soft_masking,pi_2,0.75,0.1,0.0,0.0,0.0,0.0,True,0.8,0.8
end_to_end,development:402:FB+FR:soft_masking:0.75:0.10:0:end_to_end,soft_masking,pi_2,0.75,0.1,0.0,0.0,0.0,0.0,True,0.8,0.8
oracle,development:402:FB+FR:soft_masking:0.75:0.10:0:oracle,soft_masking,pi_2,0.75,0.1,0.0,0.0,0.0,0.0,True,0.8,0.8
qrtc,development:402:FB+FR:soft_masking:0.75:0.20:0:qrtc,soft_masking,pi_2,0.75,0.2,0.0,0.0,0.0,0.20000000000000007,True,0.6,0.8
random,development:402:FB+FR:soft_masking:0.75:0.20:0:random,soft_masking,pi_2,0.75,0.2,0.0,0.0,1.0,1.1,False,-0.3,0.8
cheapest_first,development:402:FB+FR:soft_masking:0.75:0.20:0:cheapest_first,soft_masking,pi_2,0.75,0.2,0.0,0.0,1.0,1.1,False,-0.3,0.8
highest_stage_posterior,development:402:FB+FR:soft_masking:0.75:0.20:0:highest_stage_posterior,soft_masking,pi_2,0.75,0.2,0.0,0.0,0.0,0.0,True,0.8,0.8
greedy_gain,development:402:FB+FR:soft_masking:0.75:0.20:0:greedy_gain,soft_masking,pi_2,0.75,0.2,0.0,0.0,0.0,0.0,True,0.8,0.8
end_to_end,development:402:FB+FR:soft_masking:0.75:0.20:0:end_to_end,soft_masking,pi_2,0.75,0.2,0.0,0.0,0.0,0.0,True,0.8,0.8
oracle,development:402:FB+FR:soft_masking:0.75:0.20:0:oracle,soft_masking,pi_2,0.75,0.2,0.0,0.0,0.0,0.0,True,0.8,0.8
qrtc,development:402:FB+FR:soft_masking:1.00:0.00:0:qrtc,soft_masking,pi_2,1.0,0.0,0.0,0.0,0.0,0.20000000000000007,True,0.6,0.8
random,development:402:FB+FR:soft_masking:1.00:0.00:0:random,soft_masking,pi_2,1.0,0.0,0.0,0.0,1.0,1.2000000000000002,False,-0.4,0.8
cheapest_first,development:402:FB+FR:soft_masking:1.00:0.00:0:cheapest_first,soft_masking,pi_2,1.0,0.0,0.0,0.0,1.0,1.1,False,-0.3,0.8
highest_stage_posterior,development:402:FB+FR:soft_masking:1.00:0.00:0:highest_stage_posterior,soft_masking,pi_2,1.0,0.0,0.0,0.0,0.0,0.0,True,0.8,0.8
greedy_gain,development:402:FB+FR:soft_masking:1.00:0.00:0:greedy_gain,soft_masking,pi_2,1.0,0.0,0.0,0.0,0.0,0.0,True,0.8,0.8
end_to_end,development:402:FB+FR:soft_masking:1.00:0.00:0:end_to_end,soft_masking,pi_2,1.0,0.0,0.0,0.0,0.0,0.0,True,0.8,0.8
oracle,development:402:FB+FR:soft_masking:1.00:0.00:0:oracle,soft_masking,pi_2,1.0,0.0,0.0,0.0,0.0,0.0,True,0.8,0.8
qrtc,development:402:FB+FR:soft_masking:1.00:0.05:0:qrtc,soft_masking,pi_2,1.0,0.05,0.0,0.0,0.0,0.20000000000000007,True,0.6,0.8
random,development:402:FB+FR:soft_masking:1.00:0.05:0:random,soft_masking,pi_2,1.0,0.05,0.0,0.0,1.0,1.3,False,-0.5,0.8
cheapest_first,development:402:FB+FR:soft_masking:1.00:0.05:0:cheapest_first,soft_masking,pi_2,1.0,0.05,0.0,0.0,1.0,1.1,False,-0.3,0.8
highest_stage_posterior,development:402:FB+FR:soft_masking:1.00:0.05:0:highest_stage_posterior,soft_masking,pi_2,1.0,0.05,0.0,0.0,0.0,0.0,True,0.8,0.8
greedy_gain,development:402:FB+FR:soft_masking:1.00:0.05:0:greedy_gain,soft_masking,pi_2,1.0,0.05,0.0,0.0,0.0,0.0,True,0.8,0.8
end_to_end,development:402:FB+FR:soft_masking:1.00:0.05:0:end_to_end,soft_masking,pi_2,1.0,0.05,0.0,0.0,0.0,0.0,True,0.8,0.8
oracle,development:402:FB+FR:soft_masking:1.00:0.05:0:oracle,soft_masking,pi_2,1.0,0.05,0.0,0.0,0.0,0.0,True,0.8,0.8
qrtc,development:402:FB+FR:soft_masking:1.00:0.10:0:qrtc,soft_masking,pi_2,1.0,0.1,0.0,0.0,0.0,0.20000000000000007,True,0.6,0.8
random,development:402:FB+FR:soft_masking:1.00:0.10:0:random,soft_masking,pi_2,1.0,0.1,0.0,0.0,1.0,1.15,False,-0.35,0.8
cheapest_first,development:402:FB+FR:soft_masking:1.00:0.10:0:cheapest_first,soft_masking,pi_2,1.0,0.1,0.0,0.0,1.0,1.1,False,-0.3,0.8
highest_stage_posterior,development:402:FB+FR:soft_masking:1.00:0.10:0:highest_stage_posterior,soft_masking,pi_2,1.0,0.1,0.0,0.0,0.0,0.0,True,0.8,0.8
greedy_gain,development:402:FB+FR:soft_masking:1.00:0.10:0:greedy_gain,soft_masking,pi_2,1.0,0.1,0.0,0.0,0.0,0.0,True,0.8,0.8
end_to_end,development:402:FB+FR:soft_masking:1.00:0.10:0:end_to_end,soft_masking,pi_2,1.0,0.1,0.0,0.0,0.0,0.0,True,0.8,0.8
oracle,development:402:FB+FR:soft_masking:1.00:0.10:0:oracle,soft_masking,pi_2,1.0,0.1,0.0,0.0,0.0,0.0,True,0.8,0.8
qrtc,development:402:FB+FR:soft_masking:1.00:0.20:0:qrtc,soft_masking,pi_2,1.0,0.2,0.0,0.0,0.0,0.20000000000000007,True,0.6,0.8
random,development:402:FB+FR:soft_masking:1.00:0.20:0:random,soft_masking,pi_2,1.0,0.2,0.0,0.0,1.0,1.1,False,-0.3,0.8
cheapest_first,development:402:FB+FR:soft_masking:1.00:0.20:0:cheapest_first,soft_masking,pi_2,1.0,0.2,0.0,0.0,1.0,1.1,False,-0.3,0.8
highest_stage_posterior,development:402:FB+FR:soft_masking:1.00:0.20:0:highest_stage_posterior,soft_masking,pi_2,1.0,0.2,0.0,0.0,0.0,0.0,True,0.8,0.8
greedy_gain,development:402:FB+FR:soft_masking:1.00:0.20:0:greedy_gain,soft_masking,pi_2,1.0,0.2,0.0,0.0,0.0,0.0,True,0.8,0.8
end_to_end,development:402:FB+FR:soft_masking:1.00:0.20:0:end_to_end,soft_masking,pi_2,1.0,0.2,0.0,0.0,0.0,0.0,True,0.8,0.8
oracle,development:402:FB+FR:soft_masking:1.00:0.20:0:oracle,soft_masking,pi_2,1.0,0.2,0.0,0.0,0.0,0.0,True,0.8,0.8
qrtc,development:402:FB+FR:independent:0.25:0.00:0:qrtc,independent,pi_2,0.25,0.0,0.0,0.0,0.0,0.0,True,0.8,0.8
random,development:402:FB+FR:independent:0.25:0.00:0:random,independent,pi_2,0.25,0.0,0.0,0.0,0.0,0.0,True,0.8,0.8
cheapest_first,development:402:FB+FR:independent:0.25:0.00:0:cheapest_first,independent,pi_2,0.25,0.0,0.0,0.0,1.0,1.1,False,-0.3,0.8
highest_stage_posterior,development:402:FB+FR:independent:0.25:0.00:0:highest_stage_posterior,independent,pi_2,0.25,0.0,0.0,0.0,0.0,0.0,True,0.8,0.8
greedy_gain,development:402:FB+FR:independent:0.25:0.00:0:greedy_gain,independent,pi_2,0.25,0.0,0.0,0.0,0.0,0.0,True,0.8,0.8
end_to_end,development:402:FB+FR:independent:0.25:0.00:0:end_to_end,independent,pi_2,0.25,0.0,0.0,0.0,0.0,0.0,True,0.8,0.8
oracle,development:402:FB+FR:independent:0.25:0.00:0:oracle,independent,pi_2,0.25,0.0,0.0,0.0,0.0,0.0,True,0.8,0.8
qrtc,development:402:FB+FR:independent:0.25:0.05:0:qrtc,independent,pi_2,0.25,0.05,0.0,0.0,0.0,0.0,True,0.8,0.8
random,development:402:FB+FR:independent:0.25:0.05:0:random,independent,pi_2,0.25,0.05,0.0,0.0,1.0,1.2000000000000002,False,-0.4,0.8
cheapest_first,development:402:FB+FR:independent:0.25:0.05:0:cheapest_first,independent,pi_2,0.25,0.05,0.0,0.0,1.0,1.1,False,-0.3,0.8
highest_stage_posterior,development:402:FB+FR:independent:0.25:0.05:0:highest_stage_posterior,independent,pi_2,0.25,0.05,0.0,0.0,0.0,0.0,True,0.8,0.8
greedy_gain,development:402:FB+FR:independent:0.25:0.05:0:greedy_gain,independent,pi_2,0.25,0.05,0.0,0.0,0.0,0.0,True,0.8,0.8
end_to_end,development:402:FB+FR:independent:0.25:0.05:0:end_to_end,independent,pi_2,0.25,0.05,0.0,0.0,0.0,0.0,True,0.8,0.8
oracle,development:402:FB+FR:independent:0.25:0.05:0:oracle,independent,pi_2,0.25,0.05,0.0,0.0,0.0,0.0,True,0.8,0.8
qrtc,development:402:FB+FR:independent:0.25:0.10:0:qrtc,independent,pi_2,0.25,0.1,0.0,0.0,0.0,0.0,True,0.8,0.8
random,development:402:FB+FR:independent:0.25:0.10:0:random,independent,pi_2,0.25,0.1,0.0,0.0,1.0,1.15,False,-0.35,0.8
cheapest_first,development:402:FB+FR:independent:0.25:0.10:0:cheapest_first,independent,pi_2,0.25,0.1,0.0,0.0,1.0,1.1,False,-0.3,0.8
highest_stage_posterior,development:402:FB+FR:independent:0.25:0.10:0:highest_stage_posterior,independent,pi_2,0.25,0.1,0.0,0.0,0.0,0.0,True,0.8,0.8
greedy_gain,development:402:FB+FR:independent:0.25:0.10:0:greedy_gain,independent,pi_2,0.25,0.1,0.0,0.0,0.0,0.0,True,0.8,0.8
end_to_end,development:402:FB+FR:independent:0.25:0.10:0:end_to_end,independent,pi_2,0.25,0.1,0.0,0.0,0.0,0.0,True,0.8,0.8
oracle,development:402:FB+FR:independent:0.25:0.10:0:oracle,independent,pi_2,0.25,0.1,0.0,0.0,0.0,0.0,True,0.8,0.8
qrtc,development:402:FB+FR:independent:0.25:0.20:0:qrtc,independent,pi_2,0.25,0.2,0.0,0.0,0.0,0.0,True,0.8,0.8
random,development:402:FB+FR:independent:0.25:0.20:0:random,independent,pi_2,0.25,0.2,0.0,0.0,0.0,0.0,True,0.8,0.8
cheapest_first,development:402:FB+FR:independent:0.25:0.20:0:cheapest_first,independent,pi_2,0.25,0.2,0.0,0.0,1.0,1.1,False,-0.3,0.8
highest_stage_posterior,development:402:FB+FR:independent:0.25:0.20:0:highest_stage_posterior,independent,pi_2,0.25,0.2,0.0,0.0,0.0,0.0,True,0.8,0.8
greedy_gain,development:402:FB+FR:independent:0.25:0.20:0:greedy_gain,independent,pi_2,0.25,0.2,0.0,0.0,0.0,0.0,True,0.8,0.8
end_to_end,development:402:FB+FR:independent:0.25:0.20:0:end_to_end,independent,pi_2,0.25,0.2,0.0,0.0,0.0,0.0,True,0.8,0.8
oracle,development:402:FB+FR:independent:0.25:0.20:0:oracle,independent,pi_2,0.25,0.2,0.0,0.0,0.0,0.0,True,0.8,0.8
qrtc,development:402:FB+FR:independent:0.50:0.00:0:qrtc,independent,pi_2,0.5,0.0,0.0,0.0,0.0,0.0,True,0.8,0.8
random,development:402:FB+FR:independent:0.50:0.00:0:random,independent,pi_2,0.5,0.0,0.0,0.0,0.0,0.0,True,0.8,0.8
cheapest_first,development:402:FB+FR:independent:0.50:0.00:0:cheapest_first,independent,pi_2,0.5,0.0,0.0,0.0,1.0,1.1,False,-0.3,0.8
highest_stage_posterior,development:402:FB+FR:independent:0.50:0.00:0:highest_stage_posterior,independent,pi_2,0.5,0.0,0.0,0.0,0.0,0.0,True,0.8,0.8
greedy_gain,development:402:FB+FR:independent:0.50:0.00:0:greedy_gain,independent,pi_2,0.5,0.0,0.0,0.0,0.0,0.0,True,0.8,0.8
end_to_end,development:402:FB+FR:independent:0.50:0.00:0:end_to_end,independent,pi_2,0.5,0.0,0.0,0.0,0.0,0.0,True,0.8,0.8
oracle,development:402:FB+FR:independent:0.50:0.00:0:oracle,independent,pi_2,0.5,0.0,0.0,0.0,0.0,0.0,True,0.8,0.8
qrtc,development:402:FB+FR:independent:0.50:0.05:0:qrtc,independent,pi_2,0.5,0.05,0.0,0.0,0.0,0.0,True,0.8,0.8
random,development:402:FB+FR:independent:0.50:0.05:0:random,independent,pi_2,0.5,0.05,0.0,0.0,1.0,1.2000000000000002,False,-0.4,0.8
cheapest_first,development:402:FB+FR:independent:0.50:0.05:0:cheapest_first,independent,pi_2,0.5,0.05,0.0,0.0,1.0,1.1,False,-0.3,0.8
highest_stage_posterior,development:402:FB+FR:independent:0.50:0.05:0:highest_stage_posterior,independent,pi_2,0.5,0.05,0.0,0.0,0.0,0.0,True,0.8,0.8
greedy_gain,development:402:FB+FR:independent:0.50:0.05:0:greedy_gain,independent,pi_2,0.5,0.05,0.0,0.0,0.0,0.0,True,0.8,0.8
end_to_end,development:402:FB+FR:independent:0.50:0.05:0:end_to_end,independent,pi_2,0.5,0.05,0.0,0.0,0.0,0.0,True,0.8,0.8
oracle,development:402:FB+FR:independent:0.50:0.05:0:oracle,independent,pi_2,0.5,0.05,0.0,0.0,0.0,0.0,True,0.8,0.8
qrtc,development:402:FB+FR:independent:0.50:0.10:0:qrtc,independent,pi_2,0.5,0.1,0.0,0.0,0.0,0.0,True,0.8,0.8
random,development:402:FB+FR:independent:0.50:0.10:0:random,independent,pi_2,0.5,0.1,0.0,0.0,1.0,1.3,False,-0.5,0.8
cheapest_first,development:402:FB+FR:independent:0.50:0.10:0:cheapest_first,independent,pi_2,0.5,0.1,0.0,0.0,1.0,1.1,False,-0.3,0.8
highest_stage_posterior,development:402:FB+FR:independent:0.50:0.10:0:highest_stage_posterior,independent,pi_2,0.5,0.1,0.0,0.0,0.0,0.0,True,0.8,0.8
greedy_gain,development:402:FB+FR:independent:0.50:0.10:0:greedy_gain,independent,pi_2,0.5,0.1,0.0,0.0,0.0,0.0,True,0.8,0.8
end_to_end,development:402:FB+FR:independent:0.50:0.10:0:end_to_end,independent,pi_2,0.5,0.1,0.0,0.0,0.0,0.0,True,0.8,0.8
oracle,development:402:FB+FR:independent:0.50:0.10:0:oracle,independent,pi_2,0.5,0.1,0.0,0.0,0.0,0.0,True,0.8,0.8
qrtc,development:402:FB+FR:independent:0.50:0.20:0:qrtc,independent,pi_2,0.5,0.2,0.0,0.0,0.0,0.0,True,0.8,0.8
random,development:402:FB+FR:independent:0.50:0.20:0:random,independent,pi_2,0.5,0.2,0.0,0.0,0.0,0.0,True,0.8,0.8
cheapest_first,development:402:FB+FR:independent:0.50:0.20:0:cheapest_first,independent,pi_2,0.5,0.2,0.0,0.0,1.0,1.1,False,-0.3,0.8
highest_stage_posterior,development:402:FB+FR:independent:0.50:0.20:0:highest_stage_posterior,independent,pi_2,0.5,0.2,0.0,0.0,0.0,0.0,True,0.8,0.8
greedy_gain,development:402:FB+FR:independent:0.50:0.20:0:greedy_gain,independent,pi_2,0.5,0.2,0.0,0.0,0.0,0.0,True,0.8,0.8
end_to_end,development:402:FB+FR:independent:0.50:0.20:0:end_to_end,independent,pi_2,0.5,0.2,0.0,0.0,0.0,0.0,True,0.8,0.8
oracle,development:402:FB+FR:independent:0.50:0.20:0:oracle,independent,pi_2,0.5,0.2,0.0,0.0,0.0,0.0,True,0.8,0.8
qrtc,development:402:FB+FR:independent:0.75:0.00:0:qrtc,independent,pi_2,0.75,0.0,0.0,0.0,0.0,0.0,True,0.8,0.8
random,development:402:FB+FR:independent:0.75:0.00:0:random,independent,pi_2,0.75,0.0,0.0,0.0,1.0,1.2000000000000002,False,-0.4,0.8
cheapest_first,development:402:FB+FR:independent:0.75:0.00:0:cheapest_first,independent,pi_2,0.75,0.0,0.0,0.0,1.0,1.1,False,-0.3,0.8
highest_stage_posterior,development:402:FB+FR:independent:0.75:0.00:0:highest_stage_posterior,independent,pi_2,0.75,0.0,0.0,0.0,0.0,0.0,True,0.8,0.8
greedy_gain,development:402:FB+FR:independent:0.75:0.00:0:greedy_gain,independent,pi_2,0.75,0.0,0.0,0.0,0.0,0.0,True,0.8,0.8
end_to_end,development:402:FB+FR:independent:0.75:0.00:0:end_to_end,independent,pi_2,0.75,0.0,0.0,0.0,0.0,0.0,True,0.8,0.8
oracle,development:402:FB+FR:independent:0.75:0.00:0:oracle,independent,pi_2,0.75,0.0,0.0,0.0,0.0,0.0,True,0.8,0.8
qrtc,development:402:FB+FR:independent:0.75:0.05:0:qrtc,independent,pi_2,0.75,0.05,0.0,0.0,0.0,0.0,True,0.8,0.8
random,development:402:FB+FR:independent:0.75:0.05:0:random,independent,pi_2,0.75,0.05,0.0,0.0,1.0,1.15,False,-0.35,0.8
cheapest_first,development:402:FB+FR:independent:0.75:0.05:0:cheapest_first,independent,pi_2,0.75,0.05,0.0,0.0,1.0,1.1,False,-0.3,0.8
highest_stage_posterior,development:402:FB+FR:independent:0.75:0.05:0:highest_stage_posterior,independent,pi_2,0.75,0.05,0.0,0.0,0.0,0.0,True,0.8,0.8
greedy_gain,development:402:FB+FR:independent:0.75:0.05:0:greedy_gain,independent,pi_2,0.75,0.05,0.0,0.0,0.0,0.0,True,0.8,0.8
end_to_end,development:402:FB+FR:independent:0.75:0.05:0:end_to_end,independent,pi_2,0.75,0.05,0.0,0.0,0.0,0.0,True,0.8,0.8
oracle,development:402:FB+FR:independent:0.75:0.05:0:oracle,independent,pi_2,0.75,0.05,0.0,0.0,0.0,0.0,True,0.8,0.8
qrtc,development:402:FB+FR:independent:0.75:0.10:0:qrtc,independent,pi_2,0.75,0.1,0.0,0.0,0.0,0.0,True,0.8,0.8
random,development:402:FB+FR:independent:0.75:0.10:0:random,independent,pi_2,0.75,0.1,0.0,0.0,1.0,1.15,False,-0.35,0.8
cheapest_first,development:402:FB+FR:independent:0.75:0.10:0:cheapest_first,independent,pi_2,0.75,0.1,0.0,0.0,1.0,1.1,False,-0.3,0.8
highest_stage_posterior,development:402:FB+FR:independent:0.75:0.10:0:highest_stage_posterior,independent,pi_2,0.75,0.1,0.0,0.0,0.0,0.0,True,0.8,0.8
greedy_gain,development:402:FB+FR:independent:0.75:0.10:0:greedy_gain,independent,pi_2,0.75,0.1,0.0,0.0,0.0,0.0,True,0.8,0.8
end_to_end,development:402:FB+FR:independent:0.75:0.10:0:end_to_end,independent,pi_2,0.75,0.1,0.0,0.0,0.0,0.0,True,0.8,0.8
oracle,development:402:FB+FR:independent:0.75:0.10:0:oracle,independent,pi_2,0.75,0.1,0.0,0.0,0.0,0.0,True,0.8,0.8
qrtc,development:402:FB+FR:independent:0.75:0.20:0:qrtc,independent,pi_2,0.75,0.2,0.0,0.0,0.0,0.0,True,0.8,0.8
random,development:402:FB+FR:independent:0.75:0.20:0:random,independent,pi_2,0.75,0.2,0.0,0.0,1.0,1.1,False,-0.3,0.8
cheapest_first,development:402:FB+FR:independent:0.75:0.20:0:cheapest_first,independent,pi_2,0.75,0.2,0.0,0.0,1.0,1.1,False,-0.3,0.8
highest_stage_posterior,development:402:FB+FR:independent:0.75:0.20:0:highest_stage_posterior,independent,pi_2,0.75,0.2,0.0,0.0,0.0,0.0,True,0.8,0.8
greedy_gain,development:402:FB+FR:independent:0.75:0.20:0:greedy_gain,independent,pi_2,0.75,0.2,0.0,0.0,0.0,0.0,True,0.8,0.8
end_to_end,development:402:FB+FR:independent:0.75:0.20:0:end_to_end,independent,pi_2,0.75,0.2,0.0,0.0,0.0,0.0,True,0.8,0.8
oracle,development:402:FB+FR:independent:0.75:0.20:0:oracle,independent,pi_2,0.75,0.2,0.0,0.0,0.0,0.0,True,0.8,0.8
qrtc,development:402:FB+FR:independent:1.00:0.00:0:qrtc,independent,pi_2,1.0,0.0,0.0,0.0,0.0,0.0,True,0.8,0.8
random,development:402:FB+FR:independent:1.00:0.00:0:random,independent,pi_2,1.0,0.0,0.0,0.0,1.0,1.2000000000000002,False,-0.4,0.8
cheapest_first,development:402:FB+FR:independent:1.00:0.00:0:cheapest_first,independent,pi_2,1.0,0.0,0.0,0.0,1.0,1.1,False,-0.3,0.8
highest_stage_posterior,development:402:FB+FR:independent:1.00:0.00:0:highest_stage_posterior,independent,pi_2,1.0,0.0,0.0,0.0,0.0,0.0,True,0.8,0.8
greedy_gain,development:402:FB+FR:independent:1.00:0.00:0:greedy_gain,independent,pi_2,1.0,0.0,0.0,0.0,0.0,0.0,True,0.8,0.8
end_to_end,development:402:FB+FR:independent:1.00:0.00:0:end_to_end,independent,pi_2,1.0,0.0,0.0,0.0,0.0,0.0,True,0.8,0.8
oracle,development:402:FB+FR:independent:1.00:0.00:0:oracle,independent,pi_2,1.0,0.0,0.0,0.0,0.0,0.0,True,0.8,0.8
qrtc,development:402:FB+FR:independent:1.00:0.05:0:qrtc,independent,pi_2,1.0,0.05,0.0,0.0,0.0,0.0,True,0.8,0.8
random,development:402:FB+FR:independent:1.00:0.05:0:random,independent,pi_2,1.0,0.05,0.0,0.0,1.0,1.3,False,-0.5,0.8
cheapest_first,development:402:FB+FR:independent:1.00:0.05:0:cheapest_first,independent,pi_2,1.0,0.05,0.0,0.0,1.0,1.1,False,-0.3,0.8
highest_stage_posterior,development:402:FB+FR:independent:1.00:0.05:0:highest_stage_posterior,independent,pi_2,1.0,0.05,0.0,0.0,0.0,0.0,True,0.8,0.8
greedy_gain,development:402:FB+FR:independent:1.00:0.05:0:greedy_gain,independent,pi_2,1.0,0.05,0.0,0.0,0.0,0.0,True,0.8,0.8
end_to_end,development:402:FB+FR:independent:1.00:0.05:0:end_to_end,independent,pi_2,1.0,0.05,0.0,0.0,0.0,0.0,True,0.8,0.8
oracle,development:402:FB+FR:independent:1.00:0.05:0:oracle,independent,pi_2,1.0,0.05,0.0,0.0,0.0,0.0,True,0.8,0.8
qrtc,development:402:FB+FR:independent:1.00:0.10:0:qrtc,independent,pi_2,1.0,0.1,0.0,0.0,0.0,0.0,True,0.8,0.8
random,development:402:FB+FR:independent:1.00:0.10:0:random,independent,pi_2,1.0,0.1,0.0,0.0,1.0,1.15,False,-0.35,0.8
cheapest_first,development:402:FB+FR:independent:1.00:0.10:0:cheapest_first,independent,pi_2,1.0,0.1,0.0,0.0,1.0,1.1,False,-0.3,0.8
highest_stage_posterior,development:402:FB+FR:independent:1.00:0.10:0:highest_stage_posterior,independent,pi_2,1.0,0.1,0.0,0.0,0.0,0.0,True,0.8,0.8
greedy_gain,development:402:FB+FR:independent:1.00:0.10:0:greedy_gain,independent,pi_2,1.0,0.1,0.0,0.0,0.0,0.0,True,0.8,0.8
end_to_end,development:402:FB+FR:independent:1.00:0.10:0:end_to_end,independent,pi_2,1.0,0.1,0.0,0.0,0.0,0.0,True,0.8,0.8
oracle,development:402:FB+FR:independent:1.00:0.10:0:oracle,independent,pi_2,1.0,0.1,0.0,0.0,0.0,0.0,True,0.8,0.8
qrtc,development:402:FB+FR:independent:1.00:0.20:0:qrtc,independent,pi_2,1.0,0.2,0.0,0.0,0.0,0.0,True,0.8,0.8
random,development:402:FB+FR:independent:1.00:0.20:0:random,independent,pi_2,1.0,0.2,0.0,0.0,1.0,1.1,False,-0.3,0.8
cheapest_first,development:402:FB+FR:independent:1.00:0.20:0:cheapest_first,independent,pi_2,1.0,0.2,0.0,0.0,1.0,1.1,False,-0.3,0.8
highest_stage_posterior,development:402:FB+FR:independent:1.00:0.20:0:highest_stage_posterior,independent,pi_2,1.0,0.2,0.0,0.0,0.0,0.0,True,0.8,0.8
greedy_gain,development:402:FB+FR:independent:1.00:0.20:0:greedy_gain,independent,pi_2,1.0,0.2,0.0,0.0,0.0,0.0,True,0.8,0.8
end_to_end,development:402:FB+FR:independent:1.00:0.20:0:end_to_end,independent,pi_2,1.0,0.2,0.0,0.0,0.0,0.0,True,0.8,0.8
oracle,development:402:FB+FR:independent:1.00:0.20:0:oracle,independent,pi_2,1.0,0.2,0.0,0.0,0.0,0.0,True,0.8,0.8
qrtc,development:402:FB+FR:synergistic:0.25:0.00:0:qrtc,synergistic,pi_2,0.25,0.0,0.0,0.0,0.0,0.0,True,0.8,0.8
random,development:402:FB+FR:synergistic:0.25:0.00:0:random,synergistic,pi_2,0.25,0.0,0.0,0.0,0.0,0.0,True,0.8,0.8
cheapest_first,development:402:FB+FR:synergistic:0.25:0.00:0:cheapest_first,synergistic,pi_2,0.25,0.0,0.0,0.0,1.0,1.1,False,-0.3,0.8
highest_stage_posterior,development:402:FB+FR:synergistic:0.25:0.00:0:highest_stage_posterior,synergistic,pi_2,0.25,0.0,0.0,0.0,0.0,0.0,True,0.8,0.8
greedy_gain,development:402:FB+FR:synergistic:0.25:0.00:0:greedy_gain,synergistic,pi_2,0.25,0.0,0.0,0.0,0.0,0.0,True,0.8,0.8
end_to_end,development:402:FB+FR:synergistic:0.25:0.00:0:end_to_end,synergistic,pi_2,0.25,0.0,0.0,0.0,0.0,0.0,True,0.8,0.8
oracle,development:402:FB+FR:synergistic:0.25:0.00:0:oracle,synergistic,pi_2,0.25,0.0,0.0,0.0,0.0,0.0,True,0.8,0.8
qrtc,development:402:FB+FR:synergistic:0.25:0.05:0:qrtc,synergistic,pi_2,0.25,0.05,0.0,0.0,0.0,0.0,True,0.8,0.8
random,development:402:FB+FR:synergistic:0.25:0.05:0:random,synergistic,pi_2,0.25,0.05,0.0,0.0,1.0,1.2000000000000002,False,-0.4,0.8
cheapest_first,development:402:FB+FR:synergistic:0.25:0.05:0:cheapest_first,synergistic,pi_2,0.25,0.05,0.0,0.0,1.0,1.1,False,-0.3,0.8
highest_stage_posterior,development:402:FB+FR:synergistic:0.25:0.05:0:highest_stage_posterior,synergistic,pi_2,0.25,0.05,0.0,0.0,0.0,0.0,True,0.8,0.8
greedy_gain,development:402:FB+FR:synergistic:0.25:0.05:0:greedy_gain,synergistic,pi_2,0.25,0.05,0.0,0.0,0.0,0.0,True,0.8,0.8
end_to_end,development:402:FB+FR:synergistic:0.25:0.05:0:end_to_end,synergistic,pi_2,0.25,0.05,0.0,0.0,0.0,0.0,True,0.8,0.8
oracle,development:402:FB+FR:synergistic:0.25:0.05:0:oracle,synergistic,pi_2,0.25,0.05,0.0,0.0,0.0,0.0,True,0.8,0.8
qrtc,development:402:FB+FR:synergistic:0.25:0.10:0:qrtc,synergistic,pi_2,0.25,0.1,0.0,0.0,0.0,0.0,True,0.8,0.8
random,development:402:FB+FR:synergistic:0.25:0.10:0:random,synergistic,pi_2,0.25,0.1,0.0,0.0,1.0,1.15,False,-0.35,0.8
cheapest_first,development:402:FB+FR:synergistic:0.25:0.10:0:cheapest_first,synergistic,pi_2,0.25,0.1,0.0,0.0,1.0,1.1,False,-0.3,0.8
highest_stage_posterior,development:402:FB+FR:synergistic:0.25:0.10:0:highest_stage_posterior,synergistic,pi_2,0.25,0.1,0.0,0.0,0.0,0.0,True,0.8,0.8
greedy_gain,development:402:FB+FR:synergistic:0.25:0.10:0:greedy_gain,synergistic,pi_2,0.25,0.1,0.0,0.0,0.0,0.0,True,0.8,0.8
end_to_end,development:402:FB+FR:synergistic:0.25:0.10:0:end_to_end,synergistic,pi_2,0.25,0.1,0.0,0.0,0.0,0.0,True,0.8,0.8
oracle,development:402:FB+FR:synergistic:0.25:0.10:0:oracle,synergistic,pi_2,0.25,0.1,0.0,0.0,0.0,0.0,True,0.8,0.8
qrtc,development:402:FB+FR:synergistic:0.25:0.20:0:qrtc,synergistic,pi_2,0.25,0.2,0.0,0.0,0.0,0.0,True,0.8,0.8
random,development:402:FB+FR:synergistic:0.25:0.20:0:random,synergistic,pi_2,0.25,0.2,0.0,0.0,0.0,0.0,True,0.8,0.8
cheapest_first,development:402:FB+FR:synergistic:0.25:0.20:0:cheapest_first,synergistic,pi_2,0.25,0.2,0.0,0.0,1.0,1.1,False,-0.3,0.8
highest_stage_posterior,development:402:FB+FR:synergistic:0.25:0.20:0:highest_stage_posterior,synergistic,pi_2,0.25,0.2,0.0,0.0,0.0,0.0,True,0.8,0.8
greedy_gain,development:402:FB+FR:synergistic:0.25:0.20:0:greedy_gain,synergistic,pi_2,0.25,0.2,0.0,0.0,0.0,0.0,True,0.8,0.8
end_to_end,development:402:FB+FR:synergistic:0.25:0.20:0:end_to_end,synergistic,pi_2,0.25,0.2,0.0,0.0,0.0,0.0,True,0.8,0.8
oracle,development:402:FB+FR:synergistic:0.25:0.20:0:oracle,synergistic,pi_2,0.25,0.2,0.0,0.0,0.0,0.0,True,0.8,0.8
qrtc,development:402:FB+FR:synergistic:0.50:0.00:0:qrtc,synergistic,pi_2,0.5,0.0,0.0,0.0,0.0,0.0,True,0.8,0.8
random,development:402:FB+FR:synergistic:0.50:0.00:0:random,synergistic,pi_2,0.5,0.0,0.0,0.0,0.0,0.0,True,0.8,0.8
cheapest_first,development:402:FB+FR:synergistic:0.50:0.00:0:cheapest_first,synergistic,pi_2,0.5,0.0,0.0,0.0,1.0,1.1,False,-0.3,0.8
highest_stage_posterior,development:402:FB+FR:synergistic:0.50:0.00:0:highest_stage_posterior,synergistic,pi_2,0.5,0.0,0.0,0.0,0.0,0.0,True,0.8,0.8
greedy_gain,development:402:FB+FR:synergistic:0.50:0.00:0:greedy_gain,synergistic,pi_2,0.5,0.0,0.0,0.0,0.0,0.0,True,0.8,0.8
end_to_end,development:402:FB+FR:synergistic:0.50:0.00:0:end_to_end,synergistic,pi_2,0.5,0.0,0.0,0.0,0.0,0.0,True,0.8,0.8
oracle,development:402:FB+FR:synergistic:0.50:0.00:0:oracle,synergistic,pi_2,0.5,0.0,0.0,0.0,0.0,0.0,True,0.8,0.8
qrtc,development:402:FB+FR:synergistic:0.50:0.05:0:qrtc,synergistic,pi_2,0.5,0.05,0.0,0.0,0.0,0.0,True,0.8,0.8
random,development:402:FB+FR:synergistic:0.50:0.05:0:random,synergistic,pi_2,0.5,0.05,0.0,0.0,1.0,1.2000000000000002,False,-0.4,0.8
cheapest_first,development:402:FB+FR:synergistic:0.50:0.05:0:cheapest_first,synergistic,pi_2,0.5,0.05,0.0,0.0,1.0,1.1,False,-0.3,0.8
highest_stage_posterior,development:402:FB+FR:synergistic:0.50:0.05:0:highest_stage_posterior,synergistic,pi_2,0.5,0.05,0.0,0.0,0.0,0.0,True,0.8,0.8
greedy_gain,development:402:FB+FR:synergistic:0.50:0.05:0:greedy_gain,synergistic,pi_2,0.5,0.05,0.0,0.0,0.0,0.0,True,0.8,0.8
end_to_end,development:402:FB+FR:synergistic:0.50:0.05:0:end_to_end,synergistic,pi_2,0.5,0.05,0.0,0.0,0.0,0.0,True,0.8,0.8
oracle,development:402:FB+FR:synergistic:0.50:0.05:0:oracle,synergistic,pi_2,0.5,0.05,0.0,0.0,0.0,0.0,True,0.8,0.8
qrtc,development:402:FB+FR:synergistic:0.50:0.10:0:qrtc,synergistic,pi_2,0.5,0.1,0.0,0.0,0.0,0.0,True,0.8,0.8
random,development:402:FB+FR:synergistic:0.50:0.10:0:random,synergistic,pi_2,0.5,0.1,0.0,0.0,1.0,1.3,False,-0.5,0.8
cheapest_first,development:402:FB+FR:synergistic:0.50:0.10:0:cheapest_first,synergistic,pi_2,0.5,0.1,0.0,0.0,1.0,1.1,False,-0.3,0.8
highest_stage_posterior,development:402:FB+FR:synergistic:0.50:0.10:0:highest_stage_posterior,synergistic,pi_2,0.5,0.1,0.0,0.0,0.0,0.0,True,0.8,0.8
greedy_gain,development:402:FB+FR:synergistic:0.50:0.10:0:greedy_gain,synergistic,pi_2,0.5,0.1,0.0,0.0,0.0,0.0,True,0.8,0.8
end_to_end,development:402:FB+FR:synergistic:0.50:0.10:0:end_to_end,synergistic,pi_2,0.5,0.1,0.0,0.0,0.0,0.0,True,0.8,0.8
oracle,development:402:FB+FR:synergistic:0.50:0.10:0:oracle,synergistic,pi_2,0.5,0.1,0.0,0.0,0.0,0.0,True,0.8,0.8
qrtc,development:402:FB+FR:synergistic:0.50:0.20:0:qrtc,synergistic,pi_2,0.5,0.2,0.0,0.0,0.0,0.0,True,0.8,0.8
random,development:402:FB+FR:synergistic:0.50:0.20:0:random,synergistic,pi_2,0.5,0.2,0.0,0.0,0.0,0.0,True,0.8,0.8
cheapest_first,development:402:FB+FR:synergistic:0.50:0.20:0:cheapest_first,synergistic,pi_2,0.5,0.2,0.0,0.0,1.0,1.1,False,-0.3,0.8
highest_stage_posterior,development:402:FB+FR:synergistic:0.50:0.20:0:highest_stage_posterior,synergistic,pi_2,0.5,0.2,0.0,0.0,0.0,0.0,True,0.8,0.8
greedy_gain,development:402:FB+FR:synergistic:0.50:0.20:0:greedy_gain,synergistic,pi_2,0.5,0.2,0.0,0.0,0.0,0.0,True,0.8,0.8
end_to_end,development:402:FB+FR:synergistic:0.50:0.20:0:end_to_end,synergistic,pi_2,0.5,0.2,0.0,0.0,0.0,0.0,True,0.8,0.8
oracle,development:402:FB+FR:synergistic:0.50:0.20:0:oracle,synergistic,pi_2,0.5,0.2,0.0,0.0,0.0,0.0,True,0.8,0.8
qrtc,development:402:FB+FR:synergistic:0.75:0.00:0:qrtc,synergistic,pi_2,0.75,0.0,0.0,0.0,0.0,0.0,True,0.8,0.8
random,development:402:FB+FR:synergistic:0.75:0.00:0:random,synergistic,pi_2,0.75,0.0,0.0,0.0,1.0,1.2000000000000002,False,-0.4,0.8
cheapest_first,development:402:FB+FR:synergistic:0.75:0.00:0:cheapest_first,synergistic,pi_2,0.75,0.0,0.0,0.0,1.0,1.1,False,-0.3,0.8
highest_stage_posterior,development:402:FB+FR:synergistic:0.75:0.00:0:highest_stage_posterior,synergistic,pi_2,0.75,0.0,0.0,0.0,0.0,0.0,True,0.8,0.8
greedy_gain,development:402:FB+FR:synergistic:0.75:0.00:0:greedy_gain,synergistic,pi_2,0.75,0.0,0.0,0.0,0.0,0.0,True,0.8,0.8
end_to_end,development:402:FB+FR:synergistic:0.75:0.00:0:end_to_end,synergistic,pi_2,0.75,0.0,0.0,0.0,0.0,0.0,True,0.8,0.8
oracle,development:402:FB+FR:synergistic:0.75:0.00:0:oracle,synergistic,pi_2,0.75,0.0,0.0,0.0,0.0,0.0,True,0.8,0.8
qrtc,development:402:FB+FR:synergistic:0.75:0.05:0:qrtc,synergistic,pi_2,0.75,0.05,0.0,0.0,0.0,0.0,True,0.8,0.8
random,development:402:FB+FR:synergistic:0.75:0.05:0:random,synergistic,pi_2,0.75,0.05,0.0,0.0,1.0,1.15,False,-0.35,0.8
cheapest_first,development:402:FB+FR:synergistic:0.75:0.05:0:cheapest_first,synergistic,pi_2,0.75,0.05,0.0,0.0,1.0,1.1,False,-0.3,0.8
highest_stage_posterior,development:402:FB+FR:synergistic:0.75:0.05:0:highest_stage_posterior,synergistic,pi_2,0.75,0.05,0.0,0.0,0.0,0.0,True,0.8,0.8
greedy_gain,development:402:FB+FR:synergistic:0.75:0.05:0:greedy_gain,synergistic,pi_2,0.75,0.05,0.0,0.0,0.0,0.0,True,0.8,0.8
end_to_end,development:402:FB+FR:synergistic:0.75:0.05:0:end_to_end,synergistic,pi_2,0.75,0.05,0.0,0.0,0.0,0.0,True,0.8,0.8
oracle,development:402:FB+FR:synergistic:0.75:0.05:0:oracle,synergistic,pi_2,0.75,0.05,0.0,0.0,0.0,0.0,True,0.8,0.8
qrtc,development:402:FB+FR:synergistic:0.75:0.10:0:qrtc,synergistic,pi_2,0.75,0.1,0.0,0.0,0.0,0.0,True,0.8,0.8
random,development:402:FB+FR:synergistic:0.75:0.10:0:random,synergistic,pi_2,0.75,0.1,0.0,0.0,1.0,1.15,False,-0.35,0.8
cheapest_first,development:402:FB+FR:synergistic:0.75:0.10:0:cheapest_first,synergistic,pi_2,0.75,0.1,0.0,0.0,1.0,1.1,False,-0.3,0.8
highest_stage_posterior,development:402:FB+FR:synergistic:0.75:0.10:0:highest_stage_posterior,synergistic,pi_2,0.75,0.1,0.0,0.0,0.0,0.0,True,0.8,0.8
greedy_gain,development:402:FB+FR:synergistic:0.75:0.10:0:greedy_gain,synergistic,pi_2,0.75,0.1,0.0,0.0,0.0,0.0,True,0.8,0.8
end_to_end,development:402:FB+FR:synergistic:0.75:0.10:0:end_to_end,synergistic,pi_2,0.75,0.1,0.0,0.0,0.0,0.0,True,0.8,0.8
oracle,development:402:FB+FR:synergistic:0.75:0.10:0:oracle,synergistic,pi_2,0.75,0.1,0.0,0.0,0.0,0.0,True,0.8,0.8
qrtc,development:402:FB+FR:synergistic:0.75:0.20:0:qrtc,synergistic,pi_2,0.75,0.2,0.0,0.0,0.0,0.0,True,0.8,0.8
random,development:402:FB+FR:synergistic:0.75:0.20:0:random,synergistic,pi_2,0.75,0.2,0.0,0.0,1.0,1.1,False,-0.3,0.8
cheapest_first,development:402:FB+FR:synergistic:0.75:0.20:0:cheapest_first,synergistic,pi_2,0.75,0.2,0.0,0.0,1.0,1.1,False,-0.3,0.8
highest_stage_posterior,development:402:FB+FR:synergistic:0.75:0.20:0:highest_stage_posterior,synergistic,pi_2,0.75,0.2,0.0,0.0,0.0,0.0,True,0.8,0.8
greedy_gain,development:402:FB+FR:synergistic:0.75:0.20:0:greedy_gain,synergistic,pi_2,0.75,0.2,0.0,0.0,0.0,0.0,True,0.8,0.8
end_to_end,development:402:FB+FR:synergistic:0.75:0.20:0:end_to_end,synergistic,pi_2,0.75,0.2,0.0,0.0,0.0,0.0,True,0.8,0.8
oracle,development:402:FB+FR:synergistic:0.75:0.20:0:oracle,synergistic,pi_2,0.75,0.2,0.0,0.0,0.0,0.0,True,0.8,0.8
qrtc,development:402:FB+FR:synergistic:1.00:0.00:0:qrtc,synergistic,pi_2,1.0,0.0,0.0,0.0,0.0,0.0,True,0.8,0.8
random,development:402:FB+FR:synergistic:1.00:0.00:0:random,synergistic,pi_2,1.0,0.0,0.0,0.0,1.0,1.2000000000000002,False,-0.4,0.8
cheapest_first,development:402:FB+FR:synergistic:1.00:0.00:0:cheapest_first,synergistic,pi_2,1.0,0.0,0.0,0.0,1.0,1.1,False,-0.3,0.8
highest_stage_posterior,development:402:FB+FR:synergistic:1.00:0.00:0:highest_stage_posterior,synergistic,pi_2,1.0,0.0,0.0,0.0,0.0,0.0,True,0.8,0.8
greedy_gain,development:402:FB+FR:synergistic:1.00:0.00:0:greedy_gain,synergistic,pi_2,1.0,0.0,0.0,0.0,0.0,0.0,True,0.8,0.8
end_to_end,development:402:FB+FR:synergistic:1.00:0.00:0:end_to_end,synergistic,pi_2,1.0,0.0,0.0,0.0,0.0,0.0,True,0.8,0.8
oracle,development:402:FB+FR:synergistic:1.00:0.00:0:oracle,synergistic,pi_2,1.0,0.0,0.0,0.0,0.0,0.0,True,0.8,0.8
qrtc,development:402:FB+FR:synergistic:1.00:0.05:0:qrtc,synergistic,pi_2,1.0,0.05,0.0,0.0,0.0,0.0,True,0.8,0.8
random,development:402:FB+FR:synergistic:1.00:0.05:0:random,synergistic,pi_2,1.0,0.05,0.0,0.0,1.0,1.3,False,-0.5,0.8
cheapest_first,development:402:FB+FR:synergistic:1.00:0.05:0:cheapest_first,synergistic,pi_2,1.0,0.05,0.0,0.0,1.0,1.1,False,-0.3,0.8
highest_stage_posterior,development:402:FB+FR:synergistic:1.00:0.05:0:highest_stage_posterior,synergistic,pi_2,1.0,0.05,0.0,0.0,0.0,0.0,True,0.8,0.8
greedy_gain,development:402:FB+FR:synergistic:1.00:0.05:0:greedy_gain,synergistic,pi_2,1.0,0.05,0.0,0.0,0.0,0.0,True,0.8,0.8
end_to_end,development:402:FB+FR:synergistic:1.00:0.05:0:end_to_end,synergistic,pi_2,1.0,0.05,0.0,0.0,0.0,0.0,True,0.8,0.8
oracle,development:402:FB+FR:synergistic:1.00:0.05:0:oracle,synergistic,pi_2,1.0,0.05,0.0,0.0,0.0,0.0,True,0.8,0.8
qrtc,development:402:FB+FR:synergistic:1.00:0.10:0:qrtc,synergistic,pi_2,1.0,0.1,0.0,0.0,0.0,0.0,True,0.8,0.8
random,development:402:FB+FR:synergistic:1.00:0.10:0:random,synergistic,pi_2,1.0,0.1,0.0,0.0,1.0,1.15,False,-0.35,0.8
cheapest_first,development:402:FB+FR:synergistic:1.00:0.10:0:cheapest_first,synergistic,pi_2,1.0,0.1,0.0,0.0,1.0,1.1,False,-0.3,0.8
highest_stage_posterior,development:402:FB+FR:synergistic:1.00:0.10:0:highest_stage_posterior,synergistic,pi_2,1.0,0.1,0.0,0.0,0.0,0.0,True,0.8,0.8
greedy_gain,development:402:FB+FR:synergistic:1.00:0.10:0:greedy_gain,synergistic,pi_2,1.0,0.1,0.0,0.0,0.0,0.0,True,0.8,0.8
end_to_end,development:402:FB+FR:synergistic:1.00:0.10:0:end_to_end,synergistic,pi_2,1.0,0.1,0.0,0.0,0.0,0.0,True,0.8,0.8
oracle,development:402:FB+FR:synergistic:1.00:0.10:0:oracle,synergistic,pi_2,1.0,0.1,0.0,0.0,0.0,0.0,True,0.8,0.8
qrtc,development:402:FB+FR:synergistic:1.00:0.20:0:qrtc,synergistic,pi_2,1.0,0.2,0.0,0.0,0.0,0.0,True,0.8,0.8
random,development:402:FB+FR:synergistic:1.00:0.20:0:random,synergistic,pi_2,1.0,0.2,0.0,0.0,1.0,1.1,False,-0.3,0.8
cheapest_first,development:402:FB+FR:synergistic:1.00:0.20:0:cheapest_first,synergistic,pi_2,1.0,0.2,0.0,0.0,1.0,1.1,False,-0.3,0.8
highest_stage_posterior,development:402:FB+FR:synergistic:1.00:0.20:0:highest_stage_posterior,synergistic,pi_2,1.0,0.2,0.0,0.0,0.0,0.0,True,0.8,0.8
greedy_gain,development:402:FB+FR:synergistic:1.00:0.20:0:greedy_gain,synergistic,pi_2,1.0,0.2,0.0,0.0,0.0,0.0,True,0.8,0.8
end_to_end,development:402:FB+FR:synergistic:1.00:0.20:0:end_to_end,synergistic,pi_2,1.0,0.2,0.0,0.0,0.0,0.0,True,0.8,0.8
oracle,development:402:FB+FR:synergistic:1.00:0.20:0:oracle,synergistic,pi_2,1.0,0.2,0.0,0.0,0.0,0.0,True,0.8,0.8
qrtc,development:403:FG+FW:strict_masking:0.25:0.00:0:qrtc,strict_masking,pi_1,0.25,0.0,0.0,0.0,0.0,0.0,True,0.6499999999999999,0.6499999999999999
random,development:403:FG+FW:strict_masking:0.25:0.00:0:random,strict_masking,pi_1,0.25,0.0,0.0,0.0,1.0,1.0999999999999999,False,-0.45,0.6499999999999999
cheapest_first,development:403:FG+FW:strict_masking:0.25:0.00:0:cheapest_first,strict_masking,pi_1,0.25,0.0,0.0,0.0,1.0,0.95,False,-0.3,0.6499999999999999
highest_stage_posterior,development:403:FG+FW:strict_masking:0.25:0.00:0:highest_stage_posterior,strict_masking,pi_1,0.25,0.0,0.0,0.0,1.0,1.15,False,-0.5,0.6499999999999999
greedy_gain,development:403:FG+FW:strict_masking:0.25:0.00:0:greedy_gain,strict_masking,pi_1,0.25,0.0,0.0,0.0,0.0,0.0,True,0.6499999999999999,0.6499999999999999
end_to_end,development:403:FG+FW:strict_masking:0.25:0.00:0:end_to_end,strict_masking,pi_1,0.25,0.0,0.0,0.0,1.0,0.9999999999999999,False,-0.35,0.6499999999999999
oracle,development:403:FG+FW:strict_masking:0.25:0.00:0:oracle,strict_masking,pi_1,0.25,0.0,0.0,0.0,0.0,0.0,True,0.6499999999999999,0.6499999999999999
qrtc,development:403:FG+FW:strict_masking:0.25:0.05:0:qrtc,strict_masking,pi_1,0.25,0.05,0.0,0.0,0.0,0.0,True,0.6499999999999999,0.6499999999999999
random,development:403:FG+FW:strict_masking:0.25:0.05:0:random,strict_masking,pi_1,0.25,0.05,0.0,0.0,1.0,1.0999999999999999,False,-0.45,0.6499999999999999
cheapest_first,development:403:FG+FW:strict_masking:0.25:0.05:0:cheapest_first,strict_masking,pi_1,0.25,0.05,0.0,0.0,1.0,0.95,False,-0.3,0.6499999999999999
highest_stage_posterior,development:403:FG+FW:strict_masking:0.25:0.05:0:highest_stage_posterior,strict_masking,pi_1,0.25,0.05,0.0,0.0,1.0,1.15,False,-0.5,0.6499999999999999
greedy_gain,development:403:FG+FW:strict_masking:0.25:0.05:0:greedy_gain,strict_masking,pi_1,0.25,0.05,0.0,0.0,0.0,0.0,True,0.6499999999999999,0.6499999999999999
end_to_end,development:403:FG+FW:strict_masking:0.25:0.05:0:end_to_end,strict_masking,pi_1,0.25,0.05,0.0,0.0,1.0,0.9999999999999999,False,-0.35,0.6499999999999999
oracle,development:403:FG+FW:strict_masking:0.25:0.05:0:oracle,strict_masking,pi_1,0.25,0.05,0.0,0.0,0.0,0.0,True,0.6499999999999999,0.6499999999999999
qrtc,development:403:FG+FW:strict_masking:0.25:0.10:0:qrtc,strict_masking,pi_1,0.25,0.1,0.0,0.0,0.0,0.0,True,0.6499999999999999,0.6499999999999999
random,development:403:FG+FW:strict_masking:0.25:0.10:0:random,strict_masking,pi_1,0.25,0.1,0.0,0.0,1.0,0.95,False,-0.3,0.6499999999999999
cheapest_first,development:403:FG+FW:strict_masking:0.25:0.10:0:cheapest_first,strict_masking,pi_1,0.25,0.1,0.0,0.0,1.0,0.95,False,-0.3,0.6499999999999999
highest_stage_posterior,development:403:FG+FW:strict_masking:0.25:0.10:0:highest_stage_posterior,strict_masking,pi_1,0.25,0.1,0.0,0.0,1.0,1.15,False,-0.5,0.6499999999999999
greedy_gain,development:403:FG+FW:strict_masking:0.25:0.10:0:greedy_gain,strict_masking,pi_1,0.25,0.1,0.0,0.0,0.0,0.0,True,0.6499999999999999,0.6499999999999999
end_to_end,development:403:FG+FW:strict_masking:0.25:0.10:0:end_to_end,strict_masking,pi_1,0.25,0.1,0.0,0.0,1.0,0.9999999999999999,False,-0.35,0.6499999999999999
oracle,development:403:FG+FW:strict_masking:0.25:0.10:0:oracle,strict_masking,pi_1,0.25,0.1,0.0,0.0,0.0,0.0,True,0.6499999999999999,0.6499999999999999
qrtc,development:403:FG+FW:strict_masking:0.25:0.20:0:qrtc,strict_masking,pi_1,0.25,0.2,0.0,0.0,0.0,0.0,True,0.6499999999999999,0.6499999999999999
random,development:403:FG+FW:strict_masking:0.25:0.20:0:random,strict_masking,pi_1,0.25,0.2,0.0,0.0,1.0,0.9999999999999999,False,-0.35,0.6499999999999999
cheapest_first,development:403:FG+FW:strict_masking:0.25:0.20:0:cheapest_first,strict_masking,pi_1,0.25,0.2,0.0,0.0,1.0,0.95,False,-0.3,0.6499999999999999
highest_stage_posterior,development:403:FG+FW:strict_masking:0.25:0.20:0:highest_stage_posterior,strict_masking,pi_1,0.25,0.2,0.0,0.0,1.0,1.15,False,-0.5,0.6499999999999999
greedy_gain,development:403:FG+FW:strict_masking:0.25:0.20:0:greedy_gain,strict_masking,pi_1,0.25,0.2,0.0,0.0,0.0,0.0,True,0.6499999999999999,0.6499999999999999
end_to_end,development:403:FG+FW:strict_masking:0.25:0.20:0:end_to_end,strict_masking,pi_1,0.25,0.2,0.0,0.0,1.0,0.9999999999999999,False,-0.35,0.6499999999999999
oracle,development:403:FG+FW:strict_masking:0.25:0.20:0:oracle,strict_masking,pi_1,0.25,0.2,0.0,0.0,0.0,0.0,True,0.6499999999999999,0.6499999999999999
qrtc,development:403:FG+FW:strict_masking:0.50:0.00:0:qrtc,strict_masking,pi_1,0.5,0.0,0.0,0.0,0.0,0.0,True,0.6499999999999999,0.6499999999999999
random,development:403:FG+FW:strict_masking:0.50:0.00:0:random,strict_masking,pi_1,0.5,0.0,0.0,0.0,1.0,1.0999999999999999,False,-0.45,0.6499999999999999
cheapest_first,development:403:FG+FW:strict_masking:0.50:0.00:0:cheapest_first,strict_masking,pi_1,0.5,0.0,0.0,0.0,1.0,0.95,False,-0.3,0.6499999999999999
highest_stage_posterior,development:403:FG+FW:strict_masking:0.50:0.00:0:highest_stage_posterior,strict_masking,pi_1,0.5,0.0,0.0,0.0,1.0,1.15,False,-0.5,0.6499999999999999
greedy_gain,development:403:FG+FW:strict_masking:0.50:0.00:0:greedy_gain,strict_masking,pi_1,0.5,0.0,0.0,0.0,0.0,0.0,True,0.6499999999999999,0.6499999999999999
end_to_end,development:403:FG+FW:strict_masking:0.50:0.00:0:end_to_end,strict_masking,pi_1,0.5,0.0,0.0,0.0,1.0,0.9999999999999999,False,-0.35,0.6499999999999999
oracle,development:403:FG+FW:strict_masking:0.50:0.00:0:oracle,strict_masking,pi_1,0.5,0.0,0.0,0.0,0.0,0.0,True,0.6499999999999999,0.6499999999999999
qrtc,development:403:FG+FW:strict_masking:0.50:0.05:0:qrtc,strict_masking,pi_1,0.5,0.05,0.0,0.0,0.0,0.0,True,0.6499999999999999,0.6499999999999999
random,development:403:FG+FW:strict_masking:0.50:0.05:0:random,strict_masking,pi_1,0.5,0.05,0.0,0.0,1.0,1.0999999999999999,False,-0.45,0.6499999999999999
cheapest_first,development:403:FG+FW:strict_masking:0.50:0.05:0:cheapest_first,strict_masking,pi_1,0.5,0.05,0.0,0.0,1.0,0.95,False,-0.3,0.6499999999999999
highest_stage_posterior,development:403:FG+FW:strict_masking:0.50:0.05:0:highest_stage_posterior,strict_masking,pi_1,0.5,0.05,0.0,0.0,1.0,1.15,False,-0.5,0.6499999999999999
greedy_gain,development:403:FG+FW:strict_masking:0.50:0.05:0:greedy_gain,strict_masking,pi_1,0.5,0.05,0.0,0.0,0.0,0.0,True,0.6499999999999999,0.6499999999999999
end_to_end,development:403:FG+FW:strict_masking:0.50:0.05:0:end_to_end,strict_masking,pi_1,0.5,0.05,0.0,0.0,1.0,0.9999999999999999,False,-0.35,0.6499999999999999
oracle,development:403:FG+FW:strict_masking:0.50:0.05:0:oracle,strict_masking,pi_1,0.5,0.05,0.0,0.0,0.0,0.0,True,0.6499999999999999,0.6499999999999999
qrtc,development:403:FG+FW:strict_masking:0.50:0.10:0:qrtc,strict_masking,pi_1,0.5,0.1,0.0,0.0,0.0,0.0,True,0.6499999999999999,0.6499999999999999
random,development:403:FG+FW:strict_masking:0.50:0.10:0:random,strict_masking,pi_1,0.5,0.1,0.0,0.0,1.0,0.9999999999999999,False,-0.35,0.6499999999999999
cheapest_first,development:403:FG+FW:strict_masking:0.50:0.10:0:cheapest_first,strict_masking,pi_1,0.5,0.1,0.0,0.0,1.0,0.95,False,-0.3,0.6499999999999999
highest_stage_posterior,development:403:FG+FW:strict_masking:0.50:0.10:0:highest_stage_posterior,strict_masking,pi_1,0.5,0.1,0.0,0.0,1.0,1.15,False,-0.5,0.6499999999999999
greedy_gain,development:403:FG+FW:strict_masking:0.50:0.10:0:greedy_gain,strict_masking,pi_1,0.5,0.1,0.0,0.0,0.0,0.0,True,0.6499999999999999,0.6499999999999999
end_to_end,development:403:FG+FW:strict_masking:0.50:0.10:0:end_to_end,strict_masking,pi_1,0.5,0.1,0.0,0.0,1.0,0.9999999999999999,False,-0.35,0.6499999999999999
oracle,development:403:FG+FW:strict_masking:0.50:0.10:0:oracle,strict_masking,pi_1,0.5,0.1,0.0,0.0,0.0,0.0,True,0.6499999999999999,0.6499999999999999
qrtc,development:403:FG+FW:strict_masking:0.50:0.20:0:qrtc,strict_masking,pi_1,0.5,0.2,0.0,0.0,0.0,0.0,True,0.6499999999999999,0.6499999999999999
random,development:403:FG+FW:strict_masking:0.50:0.20:0:random,strict_masking,pi_1,0.5,0.2,0.0,0.0,1.0,0.95,False,-0.3,0.6499999999999999
cheapest_first,development:403:FG+FW:strict_masking:0.50:0.20:0:cheapest_first,strict_masking,pi_1,0.5,0.2,0.0,0.0,1.0,0.95,False,-0.3,0.6499999999999999
highest_stage_posterior,development:403:FG+FW:strict_masking:0.50:0.20:0:highest_stage_posterior,strict_masking,pi_1,0.5,0.2,0.0,0.0,1.0,1.15,False,-0.5,0.6499999999999999
greedy_gain,development:403:FG+FW:strict_masking:0.50:0.20:0:greedy_gain,strict_masking,pi_1,0.5,0.2,0.0,0.0,0.0,0.0,True,0.6499999999999999,0.6499999999999999
end_to_end,development:403:FG+FW:strict_masking:0.50:0.20:0:end_to_end,strict_masking,pi_1,0.5,0.2,0.0,0.0,1.0,0.9999999999999999,False,-0.35,0.6499999999999999
oracle,development:403:FG+FW:strict_masking:0.50:0.20:0:oracle,strict_masking,pi_1,0.5,0.2,0.0,0.0,0.0,0.0,True,0.6499999999999999,0.6499999999999999
qrtc,development:403:FG+FW:strict_masking:0.75:0.00:0:qrtc,strict_masking,pi_1,0.75,0.0,0.0,0.0,0.0,0.0,True,0.6499999999999999,0.6499999999999999
random,development:403:FG+FW:strict_masking:0.75:0.00:0:random,strict_masking,pi_1,0.75,0.0,0.0,0.0,1.0,1.0999999999999999,False,-0.45,0.6499999999999999
cheapest_first,development:403:FG+FW:strict_masking:0.75:0.00:0:cheapest_first,strict_masking,pi_1,0.75,0.0,0.0,0.0,1.0,0.95,False,-0.3,0.6499999999999999
highest_stage_posterior,development:403:FG+FW:strict_masking:0.75:0.00:0:highest_stage_posterior,strict_masking,pi_1,0.75,0.0,0.0,0.0,1.0,1.15,False,-0.5,0.6499999999999999
greedy_gain,development:403:FG+FW:strict_masking:0.75:0.00:0:greedy_gain,strict_masking,pi_1,0.75,0.0,0.0,0.0,0.0,0.0,True,0.6499999999999999,0.6499999999999999
end_to_end,development:403:FG+FW:strict_masking:0.75:0.00:0:end_to_end,strict_masking,pi_1,0.75,0.0,0.0,0.0,1.0,0.9999999999999999,False,-0.35,0.6499999999999999
oracle,development:403:FG+FW:strict_masking:0.75:0.00:0:oracle,strict_masking,pi_1,0.75,0.0,0.0,0.0,0.0,0.0,True,0.6499999999999999,0.6499999999999999
qrtc,development:403:FG+FW:strict_masking:0.75:0.05:0:qrtc,strict_masking,pi_1,0.75,0.05,0.0,0.0,0.0,0.0,True,0.6499999999999999,0.6499999999999999
random,development:403:FG+FW:strict_masking:0.75:0.05:0:random,strict_masking,pi_1,0.75,0.05,0.0,0.0,1.0,0.95,False,-0.3,0.6499999999999999
cheapest_first,development:403:FG+FW:strict_masking:0.75:0.05:0:cheapest_first,strict_masking,pi_1,0.75,0.05,0.0,0.0,1.0,0.95,False,-0.3,0.6499999999999999
highest_stage_posterior,development:403:FG+FW:strict_masking:0.75:0.05:0:highest_stage_posterior,strict_masking,pi_1,0.75,0.05,0.0,0.0,1.0,1.15,False,-0.5,0.6499999999999999
greedy_gain,development:403:FG+FW:strict_masking:0.75:0.05:0:greedy_gain,strict_masking,pi_1,0.75,0.05,0.0,0.0,0.0,0.0,True,0.6499999999999999,0.6499999999999999
end_to_end,development:403:FG+FW:strict_masking:0.75:0.05:0:end_to_end,strict_masking,pi_1,0.75,0.05,0.0,0.0,1.0,0.9999999999999999,False,-0.35,0.6499999999999999
oracle,development:403:FG+FW:strict_masking:0.75:0.05:0:oracle,strict_masking,pi_1,0.75,0.05,0.0,0.0,0.0,0.0,True,0.6499999999999999,0.6499999999999999
qrtc,development:403:FG+FW:strict_masking:0.75:0.10:0:qrtc,strict_masking,pi_1,0.75,0.1,0.0,0.0,0.0,0.0,True,0.6499999999999999,0.6499999999999999
random,development:403:FG+FW:strict_masking:0.75:0.10:0:random,strict_masking,pi_1,0.75,0.1,0.0,0.0,1.0,0.95,False,-0.3,0.6499999999999999
cheapest_first,development:403:FG+FW:strict_masking:0.75:0.10:0:cheapest_first,strict_masking,pi_1,0.75,0.1,0.0,0.0,1.0,0.95,False,-0.3,0.6499999999999999
highest_stage_posterior,development:403:FG+FW:strict_masking:0.75:0.10:0:highest_stage_posterior,strict_masking,pi_1,0.75,0.1,0.0,0.0,1.0,1.15,False,-0.5,0.6499999999999999
greedy_gain,development:403:FG+FW:strict_masking:0.75:0.10:0:greedy_gain,strict_masking,pi_1,0.75,0.1,0.0,0.0,0.0,0.0,True,0.6499999999999999,0.6499999999999999
end_to_end,development:403:FG+FW:strict_masking:0.75:0.10:0:end_to_end,strict_masking,pi_1,0.75,0.1,0.0,0.0,1.0,0.9999999999999999,False,-0.35,0.6499999999999999
oracle,development:403:FG+FW:strict_masking:0.75:0.10:0:oracle,strict_masking,pi_1,0.75,0.1,0.0,0.0,0.0,0.0,True,0.6499999999999999,0.6499999999999999
qrtc,development:403:FG+FW:strict_masking:0.75:0.20:0:qrtc,strict_masking,pi_1,0.75,0.2,0.0,0.0,0.0,0.0,True,0.6499999999999999,0.6499999999999999
random,development:403:FG+FW:strict_masking:0.75:0.20:0:random,strict_masking,pi_1,0.75,0.2,0.0,0.0,1.0,1.15,False,-0.5,0.6499999999999999
cheapest_first,development:403:FG+FW:strict_masking:0.75:0.20:0:cheapest_first,strict_masking,pi_1,0.75,0.2,0.0,0.0,1.0,0.95,False,-0.3,0.6499999999999999
highest_stage_posterior,development:403:FG+FW:strict_masking:0.75:0.20:0:highest_stage_posterior,strict_masking,pi_1,0.75,0.2,0.0,0.0,1.0,1.15,False,-0.5,0.6499999999999999
greedy_gain,development:403:FG+FW:strict_masking:0.75:0.20:0:greedy_gain,strict_masking,pi_1,0.75,0.2,0.0,0.0,0.0,0.0,True,0.6499999999999999,0.6499999999999999
end_to_end,development:403:FG+FW:strict_masking:0.75:0.20:0:end_to_end,strict_masking,pi_1,0.75,0.2,0.0,0.0,1.0,0.9999999999999999,False,-0.35,0.6499999999999999
oracle,development:403:FG+FW:strict_masking:0.75:0.20:0:oracle,strict_masking,pi_1,0.75,0.2,0.0,0.0,0.0,0.0,True,0.6499999999999999,0.6499999999999999
qrtc,development:403:FG+FW:strict_masking:1.00:0.00:0:qrtc,strict_masking,pi_1,1.0,0.0,0.0,0.0,0.0,0.0,True,0.6499999999999999,0.6499999999999999
random,development:403:FG+FW:strict_masking:1.00:0.00:0:random,strict_masking,pi_1,1.0,0.0,0.0,0.0,1.0,1.0999999999999999,False,-0.45,0.6499999999999999
cheapest_first,development:403:FG+FW:strict_masking:1.00:0.00:0:cheapest_first,strict_masking,pi_1,1.0,0.0,0.0,0.0,1.0,0.95,False,-0.3,0.6499999999999999
highest_stage_posterior,development:403:FG+FW:strict_masking:1.00:0.00:0:highest_stage_posterior,strict_masking,pi_1,1.0,0.0,0.0,0.0,1.0,1.15,False,-0.5,0.6499999999999999
greedy_gain,development:403:FG+FW:strict_masking:1.00:0.00:0:greedy_gain,strict_masking,pi_1,1.0,0.0,0.0,0.0,0.0,0.0,True,0.6499999999999999,0.6499999999999999
end_to_end,development:403:FG+FW:strict_masking:1.00:0.00:0:end_to_end,strict_masking,pi_1,1.0,0.0,0.0,0.0,1.0,0.9999999999999999,False,-0.35,0.6499999999999999
oracle,development:403:FG+FW:strict_masking:1.00:0.00:0:oracle,strict_masking,pi_1,1.0,0.0,0.0,0.0,0.0,0.0,True,0.6499999999999999,0.6499999999999999
qrtc,development:403:FG+FW:strict_masking:1.00:0.05:0:qrtc,strict_masking,pi_1,1.0,0.05,0.0,0.0,0.0,0.0,True,0.6499999999999999,0.6499999999999999
random,development:403:FG+FW:strict_masking:1.00:0.05:0:random,strict_masking,pi_1,1.0,0.05,0.0,0.0,1.0,0.9999999999999999,False,-0.35,0.6499999999999999
cheapest_first,development:403:FG+FW:strict_masking:1.00:0.05:0:cheapest_first,strict_masking,pi_1,1.0,0.05,0.0,0.0,1.0,0.95,False,-0.3,0.6499999999999999
highest_stage_posterior,development:403:FG+FW:strict_masking:1.00:0.05:0:highest_stage_posterior,strict_masking,pi_1,1.0,0.05,0.0,0.0,1.0,1.15,False,-0.5,0.6499999999999999
greedy_gain,development:403:FG+FW:strict_masking:1.00:0.05:0:greedy_gain,strict_masking,pi_1,1.0,0.05,0.0,0.0,0.0,0.0,True,0.6499999999999999,0.6499999999999999
end_to_end,development:403:FG+FW:strict_masking:1.00:0.05:0:end_to_end,strict_masking,pi_1,1.0,0.05,0.0,0.0,1.0,0.9999999999999999,False,-0.35,0.6499999999999999
oracle,development:403:FG+FW:strict_masking:1.00:0.05:0:oracle,strict_masking,pi_1,1.0,0.05,0.0,0.0,0.0,0.0,True,0.6499999999999999,0.6499999999999999
qrtc,development:403:FG+FW:strict_masking:1.00:0.10:0:qrtc,strict_masking,pi_1,1.0,0.1,0.0,0.0,0.0,0.0,True,0.6499999999999999,0.6499999999999999
random,development:403:FG+FW:strict_masking:1.00:0.10:0:random,strict_masking,pi_1,1.0,0.1,0.0,0.0,1.0,1.0999999999999999,False,-0.45,0.6499999999999999
cheapest_first,development:403:FG+FW:strict_masking:1.00:0.10:0:cheapest_first,strict_masking,pi_1,1.0,0.1,0.0,0.0,1.0,0.95,False,-0.3,0.6499999999999999
highest_stage_posterior,development:403:FG+FW:strict_masking:1.00:0.10:0:highest_stage_posterior,strict_masking,pi_1,1.0,0.1,0.0,0.0,1.0,1.15,False,-0.5,0.6499999999999999
greedy_gain,development:403:FG+FW:strict_masking:1.00:0.10:0:greedy_gain,strict_masking,pi_1,1.0,0.1,0.0,0.0,0.0,0.0,True,0.6499999999999999,0.6499999999999999
end_to_end,development:403:FG+FW:strict_masking:1.00:0.10:0:end_to_end,strict_masking,pi_1,1.0,0.1,0.0,0.0,1.0,0.9999999999999999,False,-0.35,0.6499999999999999
oracle,development:403:FG+FW:strict_masking:1.00:0.10:0:oracle,strict_masking,pi_1,1.0,0.1,0.0,0.0,0.0,0.0,True,0.6499999999999999,0.6499999999999999
qrtc,development:403:FG+FW:strict_masking:1.00:0.20:0:qrtc,strict_masking,pi_1,1.0,0.2,0.0,0.0,0.0,0.0,True,0.6499999999999999,0.6499999999999999
random,development:403:FG+FW:strict_masking:1.00:0.20:0:random,strict_masking,pi_1,1.0,0.2,0.0,0.0,1.0,1.15,False,-0.5,0.6499999999999999
cheapest_first,development:403:FG+FW:strict_masking:1.00:0.20:0:cheapest_first,strict_masking,pi_1,1.0,0.2,0.0,0.0,1.0,0.95,False,-0.3,0.6499999999999999
highest_stage_posterior,development:403:FG+FW:strict_masking:1.00:0.20:0:highest_stage_posterior,strict_masking,pi_1,1.0,0.2,0.0,0.0,1.0,1.15,False,-0.5,0.6499999999999999
greedy_gain,development:403:FG+FW:strict_masking:1.00:0.20:0:greedy_gain,strict_masking,pi_1,1.0,0.2,0.0,0.0,0.0,0.0,True,0.6499999999999999,0.6499999999999999
end_to_end,development:403:FG+FW:strict_masking:1.00:0.20:0:end_to_end,strict_masking,pi_1,1.0,0.2,0.0,0.0,1.0,0.9999999999999999,False,-0.35,0.6499999999999999
oracle,development:403:FG+FW:strict_masking:1.00:0.20:0:oracle,strict_masking,pi_1,1.0,0.2,0.0,0.0,0.0,0.0,True,0.6499999999999999,0.6499999999999999
qrtc,development:403:FG+FW:soft_masking:0.25:0.00:0:qrtc,soft_masking,pi_1,0.25,0.0,0.0,0.0,0.0,0.2500000000000001,True,0.6499999999999999,0.9
random,development:403:FG+FW:soft_masking:0.25:0.00:0:random,soft_masking,pi_1,0.25,0.0,0.0,0.0,1.0,1.35,False,-0.45,0.9
cheapest_first,development:403:FG+FW:soft_masking:0.25:0.00:0:cheapest_first,soft_masking,pi_1,0.25,0.0,0.0,0.0,1.0,1.2,False,-0.3,0.9
highest_stage_posterior,development:403:FG+FW:soft_masking:0.25:0.00:0:highest_stage_posterior,soft_masking,pi_1,0.25,0.0,0.0,0.0,0.0,0.15000000000000002,True,0.75,0.9
greedy_gain,development:403:FG+FW:soft_masking:0.25:0.00:0:greedy_gain,soft_masking,pi_1,0.25,0.0,0.0,0.0,0.0,0.15000000000000002,True,0.75,0.9
end_to_end,development:403:FG+FW:soft_masking:0.25:0.00:0:end_to_end,soft_masking,pi_1,0.25,0.0,0.0,0.0,0.0,0.15000000000000002,True,0.75,0.9
oracle,development:403:FG+FW:soft_masking:0.25:0.00:0:oracle,soft_masking,pi_1,0.25,0.0,0.0,0.0,0.0,0.0,True,0.9,0.9
qrtc,development:403:FG+FW:soft_masking:0.25:0.05:0:qrtc,soft_masking,pi_1,0.25,0.05,0.0,0.0,0.0,0.2500000000000001,True,0.6499999999999999,0.9
random,development:403:FG+FW:soft_masking:0.25:0.05:0:random,soft_masking,pi_1,0.25,0.05,0.0,0.0,1.0,1.35,False,-0.45,0.9
cheapest_first,development:403:FG+FW:soft_masking:0.25:0.05:0:cheapest_first,soft_masking,pi_1,0.25,0.05,0.0,0.0,1.0,1.2,False,-0.3,0.9
highest_stage_posterior,development:403:FG+FW:soft_masking:0.25:0.05:0:highest_stage_posterior,soft_masking,pi_1,0.25,0.05,0.0,0.0,0.0,0.15000000000000002,True,0.75,0.9
greedy_gain,development:403:FG+FW:soft_masking:0.25:0.05:0:greedy_gain,soft_masking,pi_1,0.25,0.05,0.0,0.0,0.0,0.15000000000000002,True,0.75,0.9
end_to_end,development:403:FG+FW:soft_masking:0.25:0.05:0:end_to_end,soft_masking,pi_1,0.25,0.05,0.0,0.0,0.0,0.15000000000000002,True,0.75,0.9
oracle,development:403:FG+FW:soft_masking:0.25:0.05:0:oracle,soft_masking,pi_1,0.25,0.05,0.0,0.0,0.0,0.0,True,0.9,0.9
qrtc,development:403:FG+FW:soft_masking:0.25:0.10:0:qrtc,soft_masking,pi_1,0.25,0.1,0.0,0.0,0.0,0.2500000000000001,True,0.6499999999999999,0.9
random,development:403:FG+FW:soft_masking:0.25:0.10:0:random,soft_masking,pi_1,0.25,0.1,0.0,0.0,1.0,1.2,False,-0.3,0.9
cheapest_first,development:403:FG+FW:soft_masking:0.25:0.10:0:cheapest_first,soft_masking,pi_1,0.25,0.1,0.0,0.0,1.0,1.2,False,-0.3,0.9
highest_stage_posterior,development:403:FG+FW:soft_masking:0.25:0.10:0:highest_stage_posterior,soft_masking,pi_1,0.25,0.1,0.0,0.0,0.0,0.15000000000000002,True,0.75,0.9
greedy_gain,development:403:FG+FW:soft_masking:0.25:0.10:0:greedy_gain,soft_masking,pi_1,0.25,0.1,0.0,0.0,0.0,0.15000000000000002,True,0.75,0.9
end_to_end,development:403:FG+FW:soft_masking:0.25:0.10:0:end_to_end,soft_masking,pi_1,0.25,0.1,0.0,0.0,0.0,0.15000000000000002,True,0.75,0.9
oracle,development:403:FG+FW:soft_masking:0.25:0.10:0:oracle,soft_masking,pi_1,0.25,0.1,0.0,0.0,0.0,0.0,True,0.9,0.9
qrtc,development:403:FG+FW:soft_masking:0.25:0.20:0:qrtc,soft_masking,pi_1,0.25,0.2,0.0,0.0,0.0,0.2500000000000001,True,0.6499999999999999,0.9
random,development:403:FG+FW:soft_masking:0.25:0.20:0:random,soft_masking,pi_1,0.25,0.2,0.0,0.0,0.0,0.0,True,0.9,0.9
cheapest_first,development:403:FG+FW:soft_masking:0.25:0.20:0:cheapest_first,soft_masking,pi_1,0.25,0.2,0.0,0.0,1.0,1.2,False,-0.3,0.9
highest_stage_posterior,development:403:FG+FW:soft_masking:0.25:0.20:0:highest_stage_posterior,soft_masking,pi_1,0.25,0.2,0.0,0.0,0.0,0.15000000000000002,True,0.75,0.9
greedy_gain,development:403:FG+FW:soft_masking:0.25:0.20:0:greedy_gain,soft_masking,pi_1,0.25,0.2,0.0,0.0,0.0,0.15000000000000002,True,0.75,0.9
end_to_end,development:403:FG+FW:soft_masking:0.25:0.20:0:end_to_end,soft_masking,pi_1,0.25,0.2,0.0,0.0,0.0,0.15000000000000002,True,0.75,0.9
oracle,development:403:FG+FW:soft_masking:0.25:0.20:0:oracle,soft_masking,pi_1,0.25,0.2,0.0,0.0,0.0,0.0,True,0.9,0.9
qrtc,development:403:FG+FW:soft_masking:0.50:0.00:0:qrtc,soft_masking,pi_1,0.5,0.0,0.0,0.0,0.0,0.2500000000000001,True,0.6499999999999999,0.9
random,development:403:FG+FW:soft_masking:0.50:0.00:0:random,soft_masking,pi_1,0.5,0.0,0.0,0.0,1.0,1.35,False,-0.45,0.9
cheapest_first,development:403:FG+FW:soft_masking:0.50:0.00:0:cheapest_first,soft_masking,pi_1,0.5,0.0,0.0,0.0,1.0,1.2,False,-0.3,0.9
highest_stage_posterior,development:403:FG+FW:soft_masking:0.50:0.00:0:highest_stage_posterior,soft_masking,pi_1,0.5,0.0,0.0,0.0,0.0,0.15000000000000002,True,0.75,0.9
greedy_gain,development:403:FG+FW:soft_masking:0.50:0.00:0:greedy_gain,soft_masking,pi_1,0.5,0.0,0.0,0.0,0.0,0.15000000000000002,True,0.75,0.9
end_to_end,development:403:FG+FW:soft_masking:0.50:0.00:0:end_to_end,soft_masking,pi_1,0.5,0.0,0.0,0.0,0.0,0.15000000000000002,True,0.75,0.9
oracle,development:403:FG+FW:soft_masking:0.50:0.00:0:oracle,soft_masking,pi_1,0.5,0.0,0.0,0.0,0.0,0.0,True,0.9,0.9
qrtc,development:403:FG+FW:soft_masking:0.50:0.05:0:qrtc,soft_masking,pi_1,0.5,0.05,0.0,0.0,0.0,0.2500000000000001,True,0.6499999999999999,0.9
random,development:403:FG+FW:soft_masking:0.50:0.05:0:random,soft_masking,pi_1,0.5,0.05,0.0,0.0,1.0,1.35,False,-0.45,0.9
cheapest_first,development:403:FG+FW:soft_masking:0.50:0.05:0:cheapest_first,soft_masking,pi_1,0.5,0.05,0.0,0.0,1.0,1.2,False,-0.3,0.9
highest_stage_posterior,development:403:FG+FW:soft_masking:0.50:0.05:0:highest_stage_posterior,soft_masking,pi_1,0.5,0.05,0.0,0.0,0.0,0.15000000000000002,True,0.75,0.9
greedy_gain,development:403:FG+FW:soft_masking:0.50:0.05:0:greedy_gain,soft_masking,pi_1,0.5,0.05,0.0,0.0,0.0,0.15000000000000002,True,0.75,0.9
end_to_end,development:403:FG+FW:soft_masking:0.50:0.05:0:end_to_end,soft_masking,pi_1,0.5,0.05,0.0,0.0,0.0,0.15000000000000002,True,0.75,0.9
oracle,development:403:FG+FW:soft_masking:0.50:0.05:0:oracle,soft_masking,pi_1,0.5,0.05,0.0,0.0,0.0,0.0,True,0.9,0.9
qrtc,development:403:FG+FW:soft_masking:0.50:0.10:0:qrtc,soft_masking,pi_1,0.5,0.1,0.0,0.0,0.0,0.2500000000000001,True,0.6499999999999999,0.9
random,development:403:FG+FW:soft_masking:0.50:0.10:0:random,soft_masking,pi_1,0.5,0.1,0.0,0.0,0.0,0.0,True,0.9,0.9
cheapest_first,development:403:FG+FW:soft_masking:0.50:0.10:0:cheapest_first,soft_masking,pi_1,0.5,0.1,0.0,0.0,1.0,1.2,False,-0.3,0.9
highest_stage_posterior,development:403:FG+FW:soft_masking:0.50:0.10:0:highest_stage_posterior,soft_masking,pi_1,0.5,0.1,0.0,0.0,0.0,0.15000000000000002,True,0.75,0.9
greedy_gain,development:403:FG+FW:soft_masking:0.50:0.10:0:greedy_gain,soft_masking,pi_1,0.5,0.1,0.0,0.0,0.0,0.15000000000000002,True,0.75,0.9
end_to_end,development:403:FG+FW:soft_masking:0.50:0.10:0:end_to_end,soft_masking,pi_1,0.5,0.1,0.0,0.0,0.0,0.15000000000000002,True,0.75,0.9
oracle,development:403:FG+FW:soft_masking:0.50:0.10:0:oracle,soft_masking,pi_1,0.5,0.1,0.0,0.0,0.0,0.0,True,0.9,0.9
qrtc,development:403:FG+FW:soft_masking:0.50:0.20:0:qrtc,soft_masking,pi_1,0.5,0.2,0.0,0.0,0.0,0.2500000000000001,True,0.6499999999999999,0.9
random,development:403:FG+FW:soft_masking:0.50:0.20:0:random,soft_masking,pi_1,0.5,0.2,0.0,0.0,1.0,1.2,False,-0.3,0.9
cheapest_first,development:403:FG+FW:soft_masking:0.50:0.20:0:cheapest_first,soft_masking,pi_1,0.5,0.2,0.0,0.0,1.0,1.2,False,-0.3,0.9
highest_stage_posterior,development:403:FG+FW:soft_masking:0.50:0.20:0:highest_stage_posterior,soft_masking,pi_1,0.5,0.2,0.0,0.0,0.0,0.15000000000000002,True,0.75,0.9
greedy_gain,development:403:FG+FW:soft_masking:0.50:0.20:0:greedy_gain,soft_masking,pi_1,0.5,0.2,0.0,0.0,0.0,0.15000000000000002,True,0.75,0.9
end_to_end,development:403:FG+FW:soft_masking:0.50:0.20:0:end_to_end,soft_masking,pi_1,0.5,0.2,0.0,0.0,0.0,0.15000000000000002,True,0.75,0.9
oracle,development:403:FG+FW:soft_masking:0.50:0.20:0:oracle,soft_masking,pi_1,0.5,0.2,0.0,0.0,0.0,0.0,True,0.9,0.9
qrtc,development:403:FG+FW:soft_masking:0.75:0.00:0:qrtc,soft_masking,pi_1,0.75,0.0,0.0,0.0,0.0,0.2500000000000001,True,0.6499999999999999,0.9
random,development:403:FG+FW:soft_masking:0.75:0.00:0:random,soft_masking,pi_1,0.75,0.0,0.0,0.0,1.0,1.35,False,-0.45,0.9
cheapest_first,development:403:FG+FW:soft_masking:0.75:0.00:0:cheapest_first,soft_masking,pi_1,0.75,0.0,0.0,0.0,1.0,1.2,False,-0.3,0.9
highest_stage_posterior,development:403:FG+FW:soft_masking:0.75:0.00:0:highest_stage_posterior,soft_masking,pi_1,0.75,0.0,0.0,0.0,0.0,0.15000000000000002,True,0.75,0.9
greedy_gain,development:403:FG+FW:soft_masking:0.75:0.00:0:greedy_gain,soft_masking,pi_1,0.75,0.0,0.0,0.0,0.0,0.15000000000000002,True,0.75,0.9
end_to_end,development:403:FG+FW:soft_masking:0.75:0.00:0:end_to_end,soft_masking,pi_1,0.75,0.0,0.0,0.0,0.0,0.15000000000000002,True,0.75,0.9
oracle,development:403:FG+FW:soft_masking:0.75:0.00:0:oracle,soft_masking,pi_1,0.75,0.0,0.0,0.0,0.0,0.0,True,0.9,0.9
qrtc,development:403:FG+FW:soft_masking:0.75:0.05:0:qrtc,soft_masking,pi_1,0.75,0.05,0.0,0.0,0.0,0.2500000000000001,True,0.6499999999999999,0.9
random,development:403:FG+FW:soft_masking:0.75:0.05:0:random,soft_masking,pi_1,0.75,0.05,0.0,0.0,1.0,1.2,False,-0.3,0.9
cheapest_first,development:403:FG+FW:soft_masking:0.75:0.05:0:cheapest_first,soft_masking,pi_1,0.75,0.05,0.0,0.0,1.0,1.2,False,-0.3,0.9
highest_stage_posterior,development:403:FG+FW:soft_masking:0.75:0.05:0:highest_stage_posterior,soft_masking,pi_1,0.75,0.05,0.0,0.0,0.0,0.15000000000000002,True,0.75,0.9
greedy_gain,development:403:FG+FW:soft_masking:0.75:0.05:0:greedy_gain,soft_masking,pi_1,0.75,0.05,0.0,0.0,0.0,0.15000000000000002,True,0.75,0.9
end_to_end,development:403:FG+FW:soft_masking:0.75:0.05:0:end_to_end,soft_masking,pi_1,0.75,0.05,0.0,0.0,0.0,0.15000000000000002,True,0.75,0.9
oracle,development:403:FG+FW:soft_masking:0.75:0.05:0:oracle,soft_masking,pi_1,0.75,0.05,0.0,0.0,0.0,0.0,True,0.9,0.9
qrtc,development:403:FG+FW:soft_masking:0.75:0.10:0:qrtc,soft_masking,pi_1,0.75,0.1,0.0,0.0,0.0,0.2500000000000001,True,0.6499999999999999,0.9
random,development:403:FG+FW:soft_masking:0.75:0.10:0:random,soft_masking,pi_1,0.75,0.1,0.0,0.0,1.0,1.2,False,-0.3,0.9
cheapest_first,development:403:FG+FW:soft_masking:0.75:0.10:0:cheapest_first,soft_masking,pi_1,0.75,0.1,0.0,0.0,1.0,1.2,False,-0.3,0.9
highest_stage_posterior,development:403:FG+FW:soft_masking:0.75:0.10:0:highest_stage_posterior,soft_masking,pi_1,0.75,0.1,0.0,0.0,0.0,0.15000000000000002,True,0.75,0.9
greedy_gain,development:403:FG+FW:soft_masking:0.75:0.10:0:greedy_gain,soft_masking,pi_1,0.75,0.1,0.0,0.0,0.0,0.15000000000000002,True,0.75,0.9
end_to_end,development:403:FG+FW:soft_masking:0.75:0.10:0:end_to_end,soft_masking,pi_1,0.75,0.1,0.0,0.0,0.0,0.15000000000000002,True,0.75,0.9
oracle,development:403:FG+FW:soft_masking:0.75:0.10:0:oracle,soft_masking,pi_1,0.75,0.1,0.0,0.0,0.0,0.0,True,0.9,0.9
qrtc,development:403:FG+FW:soft_masking:0.75:0.20:0:qrtc,soft_masking,pi_1,0.75,0.2,0.0,0.0,0.0,0.2500000000000001,True,0.6499999999999999,0.9
random,development:403:FG+FW:soft_masking:0.75:0.20:0:random,soft_masking,pi_1,0.75,0.2,0.0,0.0,0.0,0.15000000000000002,True,0.75,0.9
cheapest_first,development:403:FG+FW:soft_masking:0.75:0.20:0:cheapest_first,soft_masking,pi_1,0.75,0.2,0.0,0.0,1.0,1.2,False,-0.3,0.9
highest_stage_posterior,development:403:FG+FW:soft_masking:0.75:0.20:0:highest_stage_posterior,soft_masking,pi_1,0.75,0.2,0.0,0.0,0.0,0.15000000000000002,True,0.75,0.9
greedy_gain,development:403:FG+FW:soft_masking:0.75:0.20:0:greedy_gain,soft_masking,pi_1,0.75,0.2,0.0,0.0,0.0,0.15000000000000002,True,0.75,0.9
end_to_end,development:403:FG+FW:soft_masking:0.75:0.20:0:end_to_end,soft_masking,pi_1,0.75,0.2,0.0,0.0,0.0,0.15000000000000002,True,0.75,0.9
oracle,development:403:FG+FW:soft_masking:0.75:0.20:0:oracle,soft_masking,pi_1,0.75,0.2,0.0,0.0,0.0,0.0,True,0.9,0.9
qrtc,development:403:FG+FW:soft_masking:1.00:0.00:0:qrtc,soft_masking,pi_1,1.0,0.0,0.0,0.0,0.0,0.2500000000000001,True,0.6499999999999999,0.9
random,development:403:FG+FW:soft_masking:1.00:0.00:0:random,soft_masking,pi_1,1.0,0.0,0.0,0.0,1.0,1.35,False,-0.45,0.9
cheapest_first,development:403:FG+FW:soft_masking:1.00:0.00:0:cheapest_first,soft_masking,pi_1,1.0,0.0,0.0,0.0,1.0,1.2,False,-0.3,0.9
highest_stage_posterior,development:403:FG+FW:soft_masking:1.00:0.00:0:highest_stage_posterior,soft_masking,pi_1,1.0,0.0,0.0,0.0,0.0,0.15000000000000002,True,0.75,0.9
greedy_gain,development:403:FG+FW:soft_masking:1.00:0.00:0:greedy_gain,soft_masking,pi_1,1.0,0.0,0.0,0.0,0.0,0.15000000000000002,True,0.75,0.9
end_to_end,development:403:FG+FW:soft_masking:1.00:0.00:0:end_to_end,soft_masking,pi_1,1.0,0.0,0.0,0.0,0.0,0.15000000000000002,True,0.75,0.9
oracle,development:403:FG+FW:soft_masking:1.00:0.00:0:oracle,soft_masking,pi_1,1.0,0.0,0.0,0.0,0.0,0.0,True,0.9,0.9
qrtc,development:403:FG+FW:soft_masking:1.00:0.05:0:qrtc,soft_masking,pi_1,1.0,0.05,0.0,0.0,0.0,0.2500000000000001,True,0.6499999999999999,0.9
random,development:403:FG+FW:soft_masking:1.00:0.05:0:random,soft_masking,pi_1,1.0,0.05,0.0,0.0,0.0,0.0,True,0.9,0.9
cheapest_first,development:403:FG+FW:soft_masking:1.00:0.05:0:cheapest_first,soft_masking,pi_1,1.0,0.05,0.0,0.0,1.0,1.2,False,-0.3,0.9
highest_stage_posterior,development:403:FG+FW:soft_masking:1.00:0.05:0:highest_stage_posterior,soft_masking,pi_1,1.0,0.05,0.0,0.0,0.0,0.15000000000000002,True,0.75,0.9
greedy_gain,development:403:FG+FW:soft_masking:1.00:0.05:0:greedy_gain,soft_masking,pi_1,1.0,0.05,0.0,0.0,0.0,0.15000000000000002,True,0.75,0.9
end_to_end,development:403:FG+FW:soft_masking:1.00:0.05:0:end_to_end,soft_masking,pi_1,1.0,0.05,0.0,0.0,0.0,0.15000000000000002,True,0.75,0.9
oracle,development:403:FG+FW:soft_masking:1.00:0.05:0:oracle,soft_masking,pi_1,1.0,0.05,0.0,0.0,0.0,0.0,True,0.9,0.9
qrtc,development:403:FG+FW:soft_masking:1.00:0.10:0:qrtc,soft_masking,pi_1,1.0,0.1,0.0,0.0,0.0,0.2500000000000001,True,0.6499999999999999,0.9
random,development:403:FG+FW:soft_masking:1.00:0.10:0:random,soft_masking,pi_1,1.0,0.1,0.0,0.0,1.0,1.35,False,-0.45,0.9
cheapest_first,development:403:FG+FW:soft_masking:1.00:0.10:0:cheapest_first,soft_masking,pi_1,1.0,0.1,0.0,0.0,1.0,1.2,False,-0.3,0.9
highest_stage_posterior,development:403:FG+FW:soft_masking:1.00:0.10:0:highest_stage_posterior,soft_masking,pi_1,1.0,0.1,0.0,0.0,0.0,0.15000000000000002,True,0.75,0.9
greedy_gain,development:403:FG+FW:soft_masking:1.00:0.10:0:greedy_gain,soft_masking,pi_1,1.0,0.1,0.0,0.0,0.0,0.15000000000000002,True,0.75,0.9
end_to_end,development:403:FG+FW:soft_masking:1.00:0.10:0:end_to_end,soft_masking,pi_1,1.0,0.1,0.0,0.0,0.0,0.15000000000000002,True,0.75,0.9
oracle,development:403:FG+FW:soft_masking:1.00:0.10:0:oracle,soft_masking,pi_1,1.0,0.1,0.0,0.0,0.0,0.0,True,0.9,0.9
qrtc,development:403:FG+FW:soft_masking:1.00:0.20:0:qrtc,soft_masking,pi_1,1.0,0.2,0.0,0.0,0.0,0.2500000000000001,True,0.6499999999999999,0.9
random,development:403:FG+FW:soft_masking:1.00:0.20:0:random,soft_masking,pi_1,1.0,0.2,0.0,0.0,0.0,0.15000000000000002,True,0.75,0.9
cheapest_first,development:403:FG+FW:soft_masking:1.00:0.20:0:cheapest_first,soft_masking,pi_1,1.0,0.2,0.0,0.0,1.0,1.2,False,-0.3,0.9
highest_stage_posterior,development:403:FG+FW:soft_masking:1.00:0.20:0:highest_stage_posterior,soft_masking,pi_1,1.0,0.2,0.0,0.0,0.0,0.15000000000000002,True,0.75,0.9
greedy_gain,development:403:FG+FW:soft_masking:1.00:0.20:0:greedy_gain,soft_masking,pi_1,1.0,0.2,0.0,0.0,0.0,0.15000000000000002,True,0.75,0.9
end_to_end,development:403:FG+FW:soft_masking:1.00:0.20:0:end_to_end,soft_masking,pi_1,1.0,0.2,0.0,0.0,0.0,0.15000000000000002,True,0.75,0.9
oracle,development:403:FG+FW:soft_masking:1.00:0.20:0:oracle,soft_masking,pi_1,1.0,0.2,0.0,0.0,0.0,0.0,True,0.9,0.9
qrtc,development:403:FG+FW:independent:0.25:0.00:0:qrtc,independent,pi_1,0.25,0.0,0.0,0.0,0.0,0.15000000000000002,True,0.75,0.9
random,development:403:FG+FW:independent:0.25:0.00:0:random,independent,pi_1,0.25,0.0,0.0,0.0,1.0,1.35,False,-0.45,0.9
cheapest_first,development:403:FG+FW:independent:0.25:0.00:0:cheapest_first,independent,pi_1,0.25,0.0,0.0,0.0,1.0,1.2,False,-0.3,0.9
highest_stage_posterior,development:403:FG+FW:independent:0.25:0.00:0:highest_stage_posterior,independent,pi_1,0.25,0.0,0.0,0.0,0.0,0.15000000000000002,True,0.75,0.9
greedy_gain,development:403:FG+FW:independent:0.25:0.00:0:greedy_gain,independent,pi_1,0.25,0.0,0.0,0.0,0.0,0.15000000000000002,True,0.75,0.9
end_to_end,development:403:FG+FW:independent:0.25:0.00:0:end_to_end,independent,pi_1,0.25,0.0,0.0,0.0,0.0,0.15000000000000002,True,0.75,0.9
oracle,development:403:FG+FW:independent:0.25:0.00:0:oracle,independent,pi_1,0.25,0.0,0.0,0.0,0.0,0.0,True,0.9,0.9
qrtc,development:403:FG+FW:independent:0.25:0.05:0:qrtc,independent,pi_1,0.25,0.05,0.0,0.0,0.0,0.15000000000000002,True,0.75,0.9
random,development:403:FG+FW:independent:0.25:0.05:0:random,independent,pi_1,0.25,0.05,0.0,0.0,1.0,1.35,False,-0.45,0.9
cheapest_first,development:403:FG+FW:independent:0.25:0.05:0:cheapest_first,independent,pi_1,0.25,0.05,0.0,0.0,1.0,1.2,False,-0.3,0.9
highest_stage_posterior,development:403:FG+FW:independent:0.25:0.05:0:highest_stage_posterior,independent,pi_1,0.25,0.05,0.0,0.0,0.0,0.15000000000000002,True,0.75,0.9
greedy_gain,development:403:FG+FW:independent:0.25:0.05:0:greedy_gain,independent,pi_1,0.25,0.05,0.0,0.0,0.0,0.15000000000000002,True,0.75,0.9
end_to_end,development:403:FG+FW:independent:0.25:0.05:0:end_to_end,independent,pi_1,0.25,0.05,0.0,0.0,0.0,0.15000000000000002,True,0.75,0.9
oracle,development:403:FG+FW:independent:0.25:0.05:0:oracle,independent,pi_1,0.25,0.05,0.0,0.0,0.0,0.0,True,0.9,0.9
qrtc,development:403:FG+FW:independent:0.25:0.10:0:qrtc,independent,pi_1,0.25,0.1,0.0,0.0,0.0,0.15000000000000002,True,0.75,0.9
random,development:403:FG+FW:independent:0.25:0.10:0:random,independent,pi_1,0.25,0.1,0.0,0.0,1.0,1.2,False,-0.3,0.9
cheapest_first,development:403:FG+FW:independent:0.25:0.10:0:cheapest_first,independent,pi_1,0.25,0.1,0.0,0.0,1.0,1.2,False,-0.3,0.9
highest_stage_posterior,development:403:FG+FW:independent:0.25:0.10:0:highest_stage_posterior,independent,pi_1,0.25,0.1,0.0,0.0,0.0,0.15000000000000002,True,0.75,0.9
greedy_gain,development:403:FG+FW:independent:0.25:0.10:0:greedy_gain,independent,pi_1,0.25,0.1,0.0,0.0,0.0,0.15000000000000002,True,0.75,0.9
end_to_end,development:403:FG+FW:independent:0.25:0.10:0:end_to_end,independent,pi_1,0.25,0.1,0.0,0.0,0.0,0.15000000000000002,True,0.75,0.9
oracle,development:403:FG+FW:independent:0.25:0.10:0:oracle,independent,pi_1,0.25,0.1,0.0,0.0,0.0,0.0,True,0.9,0.9
qrtc,development:403:FG+FW:independent:0.25:0.20:0:qrtc,independent,pi_1,0.25,0.2,0.0,0.0,0.0,0.15000000000000002,True,0.75,0.9
random,development:403:FG+FW:independent:0.25:0.20:0:random,independent,pi_1,0.25,0.2,0.0,0.0,0.0,0.0,True,0.9,0.9
cheapest_first,development:403:FG+FW:independent:0.25:0.20:0:cheapest_first,independent,pi_1,0.25,0.2,0.0,0.0,1.0,1.2,False,-0.3,0.9
highest_stage_posterior,development:403:FG+FW:independent:0.25:0.20:0:highest_stage_posterior,independent,pi_1,0.25,0.2,0.0,0.0,0.0,0.15000000000000002,True,0.75,0.9
greedy_gain,development:403:FG+FW:independent:0.25:0.20:0:greedy_gain,independent,pi_1,0.25,0.2,0.0,0.0,0.0,0.15000000000000002,True,0.75,0.9
end_to_end,development:403:FG+FW:independent:0.25:0.20:0:end_to_end,independent,pi_1,0.25,0.2,0.0,0.0,0.0,0.15000000000000002,True,0.75,0.9
oracle,development:403:FG+FW:independent:0.25:0.20:0:oracle,independent,pi_1,0.25,0.2,0.0,0.0,0.0,0.0,True,0.9,0.9
qrtc,development:403:FG+FW:independent:0.50:0.00:0:qrtc,independent,pi_1,0.5,0.0,0.0,0.0,0.0,0.15000000000000002,True,0.75,0.9
random,development:403:FG+FW:independent:0.50:0.00:0:random,independent,pi_1,0.5,0.0,0.0,0.0,1.0,1.35,False,-0.45,0.9
cheapest_first,development:403:FG+FW:independent:0.50:0.00:0:cheapest_first,independent,pi_1,0.5,0.0,0.0,0.0,1.0,1.2,False,-0.3,0.9
highest_stage_posterior,development:403:FG+FW:independent:0.50:0.00:0:highest_stage_posterior,independent,pi_1,0.5,0.0,0.0,0.0,0.0,0.15000000000000002,True,0.75,0.9
greedy_gain,development:403:FG+FW:independent:0.50:0.00:0:greedy_gain,independent,pi_1,0.5,0.0,0.0,0.0,0.0,0.15000000000000002,True,0.75,0.9
end_to_end,development:403:FG+FW:independent:0.50:0.00:0:end_to_end,independent,pi_1,0.5,0.0,0.0,0.0,0.0,0.15000000000000002,True,0.75,0.9
oracle,development:403:FG+FW:independent:0.50:0.00:0:oracle,independent,pi_1,0.5,0.0,0.0,0.0,0.0,0.0,True,0.9,0.9
qrtc,development:403:FG+FW:independent:0.50:0.05:0:qrtc,independent,pi_1,0.5,0.05,0.0,0.0,0.0,0.15000000000000002,True,0.75,0.9
random,development:403:FG+FW:independent:0.50:0.05:0:random,independent,pi_1,0.5,0.05,0.0,0.0,1.0,1.35,False,-0.45,0.9
cheapest_first,development:403:FG+FW:independent:0.50:0.05:0:cheapest_first,independent,pi_1,0.5,0.05,0.0,0.0,1.0,1.2,False,-0.3,0.9
highest_stage_posterior,development:403:FG+FW:independent:0.50:0.05:0:highest_stage_posterior,independent,pi_1,0.5,0.05,0.0,0.0,0.0,0.15000000000000002,True,0.75,0.9
greedy_gain,development:403:FG+FW:independent:0.50:0.05:0:greedy_gain,independent,pi_1,0.5,0.05,0.0,0.0,0.0,0.15000000000000002,True,0.75,0.9
end_to_end,development:403:FG+FW:independent:0.50:0.05:0:end_to_end,independent,pi_1,0.5,0.05,0.0,0.0,0.0,0.15000000000000002,True,0.75,0.9
oracle,development:403:FG+FW:independent:0.50:0.05:0:oracle,independent,pi_1,0.5,0.05,0.0,0.0,0.0,0.0,True,0.9,0.9
qrtc,development:403:FG+FW:independent:0.50:0.10:0:qrtc,independent,pi_1,0.5,0.1,0.0,0.0,0.0,0.15000000000000002,True,0.75,0.9
random,development:403:FG+FW:independent:0.50:0.10:0:random,independent,pi_1,0.5,0.1,0.0,0.0,0.0,0.0,True,0.9,0.9
cheapest_first,development:403:FG+FW:independent:0.50:0.10:0:cheapest_first,independent,pi_1,0.5,0.1,0.0,0.0,1.0,1.2,False,-0.3,0.9
highest_stage_posterior,development:403:FG+FW:independent:0.50:0.10:0:highest_stage_posterior,independent,pi_1,0.5,0.1,0.0,0.0,0.0,0.15000000000000002,True,0.75,0.9
greedy_gain,development:403:FG+FW:independent:0.50:0.10:0:greedy_gain,independent,pi_1,0.5,0.1,0.0,0.0,0.0,0.15000000000000002,True,0.75,0.9
end_to_end,development:403:FG+FW:independent:0.50:0.10:0:end_to_end,independent,pi_1,0.5,0.1,0.0,0.0,0.0,0.15000000000000002,True,0.75,0.9
oracle,development:403:FG+FW:independent:0.50:0.10:0:oracle,independent,pi_1,0.5,0.1,0.0,0.0,0.0,0.0,True,0.9,0.9
qrtc,development:403:FG+FW:independent:0.50:0.20:0:qrtc,independent,pi_1,0.5,0.2,0.0,0.0,0.0,0.15000000000000002,True,0.75,0.9
random,development:403:FG+FW:independent:0.50:0.20:0:random,independent,pi_1,0.5,0.2,0.0,0.0,1.0,1.2,False,-0.3,0.9
cheapest_first,development:403:FG+FW:independent:0.50:0.20:0:cheapest_first,independent,pi_1,0.5,0.2,0.0,0.0,1.0,1.2,False,-0.3,0.9
highest_stage_posterior,development:403:FG+FW:independent:0.50:0.20:0:highest_stage_posterior,independent,pi_1,0.5,0.2,0.0,0.0,0.0,0.15000000000000002,True,0.75,0.9
greedy_gain,development:403:FG+FW:independent:0.50:0.20:0:greedy_gain,independent,pi_1,0.5,0.2,0.0,0.0,0.0,0.15000000000000002,True,0.75,0.9
end_to_end,development:403:FG+FW:independent:0.50:0.20:0:end_to_end,independent,pi_1,0.5,0.2,0.0,0.0,0.0,0.15000000000000002,True,0.75,0.9
oracle,development:403:FG+FW:independent:0.50:0.20:0:oracle,independent,pi_1,0.5,0.2,0.0,0.0,0.0,0.0,True,0.9,0.9
qrtc,development:403:FG+FW:independent:0.75:0.00:0:qrtc,independent,pi_1,0.75,0.0,0.0,0.0,0.0,0.15000000000000002,True,0.75,0.9
random,development:403:FG+FW:independent:0.75:0.00:0:random,independent,pi_1,0.75,0.0,0.0,0.0,1.0,1.35,False,-0.45,0.9
cheapest_first,development:403:FG+FW:independent:0.75:0.00:0:cheapest_first,independent,pi_1,0.75,0.0,0.0,0.0,1.0,1.2,False,-0.3,0.9
highest_stage_posterior,development:403:FG+FW:independent:0.75:0.00:0:highest_stage_posterior,independent,pi_1,0.75,0.0,0.0,0.0,0.0,0.15000000000000002,True,0.75,0.9
greedy_gain,development:403:FG+FW:independent:0.75:0.00:0:greedy_gain,independent,pi_1,0.75,0.0,0.0,0.0,0.0,0.15000000000000002,True,0.75,0.9
end_to_end,development:403:FG+FW:independent:0.75:0.00:0:end_to_end,independent,pi_1,0.75,0.0,0.0,0.0,0.0,0.15000000000000002,True,0.75,0.9
oracle,development:403:FG+FW:independent:0.75:0.00:0:oracle,independent,pi_1,0.75,0.0,0.0,0.0,0.0,0.0,True,0.9,0.9
qrtc,development:403:FG+FW:independent:0.75:0.05:0:qrtc,independent,pi_1,0.75,0.05,0.0,0.0,0.0,0.15000000000000002,True,0.75,0.9
random,development:403:FG+FW:independent:0.75:0.05:0:random,independent,pi_1,0.75,0.05,0.0,0.0,1.0,1.2,False,-0.3,0.9
cheapest_first,development:403:FG+FW:independent:0.75:0.05:0:cheapest_first,independent,pi_1,0.75,0.05,0.0,0.0,1.0,1.2,False,-0.3,0.9
highest_stage_posterior,development:403:FG+FW:independent:0.75:0.05:0:highest_stage_posterior,independent,pi_1,0.75,0.05,0.0,0.0,0.0,0.15000000000000002,True,0.75,0.9
greedy_gain,development:403:FG+FW:independent:0.75:0.05:0:greedy_gain,independent,pi_1,0.75,0.05,0.0,0.0,0.0,0.15000000000000002,True,0.75,0.9
end_to_end,development:403:FG+FW:independent:0.75:0.05:0:end_to_end,independent,pi_1,0.75,0.05,0.0,0.0,0.0,0.15000000000000002,True,0.75,0.9
oracle,development:403:FG+FW:independent:0.75:0.05:0:oracle,independent,pi_1,0.75,0.05,0.0,0.0,0.0,0.0,True,0.9,0.9
qrtc,development:403:FG+FW:independent:0.75:0.10:0:qrtc,independent,pi_1,0.75,0.1,0.0,0.0,0.0,0.15000000000000002,True,0.75,0.9
random,development:403:FG+FW:independent:0.75:0.10:0:random,independent,pi_1,0.75,0.1,0.0,0.0,1.0,1.2,False,-0.3,0.9
cheapest_first,development:403:FG+FW:independent:0.75:0.10:0:cheapest_first,independent,pi_1,0.75,0.1,0.0,0.0,1.0,1.2,False,-0.3,0.9
highest_stage_posterior,development:403:FG+FW:independent:0.75:0.10:0:highest_stage_posterior,independent,pi_1,0.75,0.1,0.0,0.0,0.0,0.15000000000000002,True,0.75,0.9
greedy_gain,development:403:FG+FW:independent:0.75:0.10:0:greedy_gain,independent,pi_1,0.75,0.1,0.0,0.0,0.0,0.15000000000000002,True,0.75,0.9
end_to_end,development:403:FG+FW:independent:0.75:0.10:0:end_to_end,independent,pi_1,0.75,0.1,0.0,0.0,0.0,0.15000000000000002,True,0.75,0.9
oracle,development:403:FG+FW:independent:0.75:0.10:0:oracle,independent,pi_1,0.75,0.1,0.0,0.0,0.0,0.0,True,0.9,0.9
qrtc,development:403:FG+FW:independent:0.75:0.20:0:qrtc,independent,pi_1,0.75,0.2,0.0,0.0,0.0,0.15000000000000002,True,0.75,0.9
random,development:403:FG+FW:independent:0.75:0.20:0:random,independent,pi_1,0.75,0.2,0.0,0.0,0.0,0.15000000000000002,True,0.75,0.9
cheapest_first,development:403:FG+FW:independent:0.75:0.20:0:cheapest_first,independent,pi_1,0.75,0.2,0.0,0.0,1.0,1.2,False,-0.3,0.9
highest_stage_posterior,development:403:FG+FW:independent:0.75:0.20:0:highest_stage_posterior,independent,pi_1,0.75,0.2,0.0,0.0,0.0,0.15000000000000002,True,0.75,0.9
greedy_gain,development:403:FG+FW:independent:0.75:0.20:0:greedy_gain,independent,pi_1,0.75,0.2,0.0,0.0,0.0,0.15000000000000002,True,0.75,0.9
end_to_end,development:403:FG+FW:independent:0.75:0.20:0:end_to_end,independent,pi_1,0.75,0.2,0.0,0.0,0.0,0.15000000000000002,True,0.75,0.9
oracle,development:403:FG+FW:independent:0.75:0.20:0:oracle,independent,pi_1,0.75,0.2,0.0,0.0,0.0,0.0,True,0.9,0.9
qrtc,development:403:FG+FW:independent:1.00:0.00:0:qrtc,independent,pi_1,1.0,0.0,0.0,0.0,0.0,0.15000000000000002,True,0.75,0.9
random,development:403:FG+FW:independent:1.00:0.00:0:random,independent,pi_1,1.0,0.0,0.0,0.0,1.0,1.35,False,-0.45,0.9
cheapest_first,development:403:FG+FW:independent:1.00:0.00:0:cheapest_first,independent,pi_1,1.0,0.0,0.0,0.0,1.0,1.2,False,-0.3,0.9
highest_stage_posterior,development:403:FG+FW:independent:1.00:0.00:0:highest_stage_posterior,independent,pi_1,1.0,0.0,0.0,0.0,0.0,0.15000000000000002,True,0.75,0.9
greedy_gain,development:403:FG+FW:independent:1.00:0.00:0:greedy_gain,independent,pi_1,1.0,0.0,0.0,0.0,0.0,0.15000000000000002,True,0.75,0.9
end_to_end,development:403:FG+FW:independent:1.00:0.00:0:end_to_end,independent,pi_1,1.0,0.0,0.0,0.0,0.0,0.15000000000000002,True,0.75,0.9
oracle,development:403:FG+FW:independent:1.00:0.00:0:oracle,independent,pi_1,1.0,0.0,0.0,0.0,0.0,0.0,True,0.9,0.9
qrtc,development:403:FG+FW:independent:1.00:0.05:0:qrtc,independent,pi_1,1.0,0.05,0.0,0.0,0.0,0.15000000000000002,True,0.75,0.9
random,development:403:FG+FW:independent:1.00:0.05:0:random,independent,pi_1,1.0,0.05,0.0,0.0,0.0,0.0,True,0.9,0.9
cheapest_first,development:403:FG+FW:independent:1.00:0.05:0:cheapest_first,independent,pi_1,1.0,0.05,0.0,0.0,1.0,1.2,False,-0.3,0.9
highest_stage_posterior,development:403:FG+FW:independent:1.00:0.05:0:highest_stage_posterior,independent,pi_1,1.0,0.05,0.0,0.0,0.0,0.15000000000000002,True,0.75,0.9
greedy_gain,development:403:FG+FW:independent:1.00:0.05:0:greedy_gain,independent,pi_1,1.0,0.05,0.0,0.0,0.0,0.15000000000000002,True,0.75,0.9
end_to_end,development:403:FG+FW:independent:1.00:0.05:0:end_to_end,independent,pi_1,1.0,0.05,0.0,0.0,0.0,0.15000000000000002,True,0.75,0.9
oracle,development:403:FG+FW:independent:1.00:0.05:0:oracle,independent,pi_1,1.0,0.05,0.0,0.0,0.0,0.0,True,0.9,0.9
qrtc,development:403:FG+FW:independent:1.00:0.10:0:qrtc,independent,pi_1,1.0,0.1,0.0,0.0,0.0,0.15000000000000002,True,0.75,0.9
random,development:403:FG+FW:independent:1.00:0.10:0:random,independent,pi_1,1.0,0.1,0.0,0.0,1.0,1.35,False,-0.45,0.9
cheapest_first,development:403:FG+FW:independent:1.00:0.10:0:cheapest_first,independent,pi_1,1.0,0.1,0.0,0.0,1.0,1.2,False,-0.3,0.9
highest_stage_posterior,development:403:FG+FW:independent:1.00:0.10:0:highest_stage_posterior,independent,pi_1,1.0,0.1,0.0,0.0,0.0,0.15000000000000002,True,0.75,0.9
greedy_gain,development:403:FG+FW:independent:1.00:0.10:0:greedy_gain,independent,pi_1,1.0,0.1,0.0,0.0,0.0,0.15000000000000002,True,0.75,0.9
end_to_end,development:403:FG+FW:independent:1.00:0.10:0:end_to_end,independent,pi_1,1.0,0.1,0.0,0.0,0.0,0.15000000000000002,True,0.75,0.9
oracle,development:403:FG+FW:independent:1.00:0.10:0:oracle,independent,pi_1,1.0,0.1,0.0,0.0,0.0,0.0,True,0.9,0.9
qrtc,development:403:FG+FW:independent:1.00:0.20:0:qrtc,independent,pi_1,1.0,0.2,0.0,0.0,0.0,0.15000000000000002,True,0.75,0.9
random,development:403:FG+FW:independent:1.00:0.20:0:random,independent,pi_1,1.0,0.2,0.0,0.0,0.0,0.15000000000000002,True,0.75,0.9
cheapest_first,development:403:FG+FW:independent:1.00:0.20:0:cheapest_first,independent,pi_1,1.0,0.2,0.0,0.0,1.0,1.2,False,-0.3,0.9
highest_stage_posterior,development:403:FG+FW:independent:1.00:0.20:0:highest_stage_posterior,independent,pi_1,1.0,0.2,0.0,0.0,0.0,0.15000000000000002,True,0.75,0.9
greedy_gain,development:403:FG+FW:independent:1.00:0.20:0:greedy_gain,independent,pi_1,1.0,0.2,0.0,0.0,0.0,0.15000000000000002,True,0.75,0.9
end_to_end,development:403:FG+FW:independent:1.00:0.20:0:end_to_end,independent,pi_1,1.0,0.2,0.0,0.0,0.0,0.15000000000000002,True,0.75,0.9
oracle,development:403:FG+FW:independent:1.00:0.20:0:oracle,independent,pi_1,1.0,0.2,0.0,0.0,0.0,0.0,True,0.9,0.9
qrtc,development:403:FG+FW:synergistic:0.25:0.00:0:qrtc,synergistic,pi_1,0.25,0.0,0.0,0.0,0.0,0.15000000000000002,True,0.75,0.9
random,development:403:FG+FW:synergistic:0.25:0.00:0:random,synergistic,pi_1,0.25,0.0,0.0,0.0,1.0,1.35,False,-0.45,0.9
cheapest_first,development:403:FG+FW:synergistic:0.25:0.00:0:cheapest_first,synergistic,pi_1,0.25,0.0,0.0,0.0,1.0,1.2,False,-0.3,0.9
highest_stage_posterior,development:403:FG+FW:synergistic:0.25:0.00:0:highest_stage_posterior,synergistic,pi_1,0.25,0.0,0.0,0.0,0.0,0.15000000000000002,True,0.75,0.9
greedy_gain,development:403:FG+FW:synergistic:0.25:0.00:0:greedy_gain,synergistic,pi_1,0.25,0.0,0.0,0.0,0.0,0.15000000000000002,True,0.75,0.9
end_to_end,development:403:FG+FW:synergistic:0.25:0.00:0:end_to_end,synergistic,pi_1,0.25,0.0,0.0,0.0,0.0,0.15000000000000002,True,0.75,0.9
oracle,development:403:FG+FW:synergistic:0.25:0.00:0:oracle,synergistic,pi_1,0.25,0.0,0.0,0.0,0.0,0.0,True,0.9,0.9
qrtc,development:403:FG+FW:synergistic:0.25:0.05:0:qrtc,synergistic,pi_1,0.25,0.05,0.0,0.0,0.0,0.15000000000000002,True,0.75,0.9
random,development:403:FG+FW:synergistic:0.25:0.05:0:random,synergistic,pi_1,0.25,0.05,0.0,0.0,1.0,1.35,False,-0.45,0.9
cheapest_first,development:403:FG+FW:synergistic:0.25:0.05:0:cheapest_first,synergistic,pi_1,0.25,0.05,0.0,0.0,1.0,1.2,False,-0.3,0.9
highest_stage_posterior,development:403:FG+FW:synergistic:0.25:0.05:0:highest_stage_posterior,synergistic,pi_1,0.25,0.05,0.0,0.0,0.0,0.15000000000000002,True,0.75,0.9
greedy_gain,development:403:FG+FW:synergistic:0.25:0.05:0:greedy_gain,synergistic,pi_1,0.25,0.05,0.0,0.0,0.0,0.15000000000000002,True,0.75,0.9
end_to_end,development:403:FG+FW:synergistic:0.25:0.05:0:end_to_end,synergistic,pi_1,0.25,0.05,0.0,0.0,0.0,0.15000000000000002,True,0.75,0.9
oracle,development:403:FG+FW:synergistic:0.25:0.05:0:oracle,synergistic,pi_1,0.25,0.05,0.0,0.0,0.0,0.0,True,0.9,0.9
qrtc,development:403:FG+FW:synergistic:0.25:0.10:0:qrtc,synergistic,pi_1,0.25,0.1,0.0,0.0,0.0,0.15000000000000002,True,0.75,0.9
random,development:403:FG+FW:synergistic:0.25:0.10:0:random,synergistic,pi_1,0.25,0.1,0.0,0.0,1.0,1.2,False,-0.3,0.9
cheapest_first,development:403:FG+FW:synergistic:0.25:0.10:0:cheapest_first,synergistic,pi_1,0.25,0.1,0.0,0.0,1.0,1.2,False,-0.3,0.9
highest_stage_posterior,development:403:FG+FW:synergistic:0.25:0.10:0:highest_stage_posterior,synergistic,pi_1,0.25,0.1,0.0,0.0,0.0,0.15000000000000002,True,0.75,0.9
greedy_gain,development:403:FG+FW:synergistic:0.25:0.10:0:greedy_gain,synergistic,pi_1,0.25,0.1,0.0,0.0,0.0,0.15000000000000002,True,0.75,0.9
end_to_end,development:403:FG+FW:synergistic:0.25:0.10:0:end_to_end,synergistic,pi_1,0.25,0.1,0.0,0.0,0.0,0.15000000000000002,True,0.75,0.9
oracle,development:403:FG+FW:synergistic:0.25:0.10:0:oracle,synergistic,pi_1,0.25,0.1,0.0,0.0,0.0,0.0,True,0.9,0.9
qrtc,development:403:FG+FW:synergistic:0.25:0.20:0:qrtc,synergistic,pi_1,0.25,0.2,0.0,0.0,0.0,0.15000000000000002,True,0.75,0.9
random,development:403:FG+FW:synergistic:0.25:0.20:0:random,synergistic,pi_1,0.25,0.2,0.0,0.0,0.0,0.0,True,0.9,0.9
cheapest_first,development:403:FG+FW:synergistic:0.25:0.20:0:cheapest_first,synergistic,pi_1,0.25,0.2,0.0,0.0,1.0,1.2,False,-0.3,0.9
highest_stage_posterior,development:403:FG+FW:synergistic:0.25:0.20:0:highest_stage_posterior,synergistic,pi_1,0.25,0.2,0.0,0.0,0.0,0.15000000000000002,True,0.75,0.9
greedy_gain,development:403:FG+FW:synergistic:0.25:0.20:0:greedy_gain,synergistic,pi_1,0.25,0.2,0.0,0.0,0.0,0.15000000000000002,True,0.75,0.9
end_to_end,development:403:FG+FW:synergistic:0.25:0.20:0:end_to_end,synergistic,pi_1,0.25,0.2,0.0,0.0,0.0,0.15000000000000002,True,0.75,0.9
oracle,development:403:FG+FW:synergistic:0.25:0.20:0:oracle,synergistic,pi_1,0.25,0.2,0.0,0.0,0.0,0.0,True,0.9,0.9
qrtc,development:403:FG+FW:synergistic:0.50:0.00:0:qrtc,synergistic,pi_1,0.5,0.0,0.0,0.0,0.0,0.15000000000000002,True,0.75,0.9
random,development:403:FG+FW:synergistic:0.50:0.00:0:random,synergistic,pi_1,0.5,0.0,0.0,0.0,1.0,1.35,False,-0.45,0.9
cheapest_first,development:403:FG+FW:synergistic:0.50:0.00:0:cheapest_first,synergistic,pi_1,0.5,0.0,0.0,0.0,1.0,1.2,False,-0.3,0.9
highest_stage_posterior,development:403:FG+FW:synergistic:0.50:0.00:0:highest_stage_posterior,synergistic,pi_1,0.5,0.0,0.0,0.0,0.0,0.15000000000000002,True,0.75,0.9
greedy_gain,development:403:FG+FW:synergistic:0.50:0.00:0:greedy_gain,synergistic,pi_1,0.5,0.0,0.0,0.0,0.0,0.15000000000000002,True,0.75,0.9
end_to_end,development:403:FG+FW:synergistic:0.50:0.00:0:end_to_end,synergistic,pi_1,0.5,0.0,0.0,0.0,0.0,0.15000000000000002,True,0.75,0.9
oracle,development:403:FG+FW:synergistic:0.50:0.00:0:oracle,synergistic,pi_1,0.5,0.0,0.0,0.0,0.0,0.0,True,0.9,0.9
qrtc,development:403:FG+FW:synergistic:0.50:0.05:0:qrtc,synergistic,pi_1,0.5,0.05,0.0,0.0,0.0,0.15000000000000002,True,0.75,0.9
random,development:403:FG+FW:synergistic:0.50:0.05:0:random,synergistic,pi_1,0.5,0.05,0.0,0.0,1.0,1.35,False,-0.45,0.9
cheapest_first,development:403:FG+FW:synergistic:0.50:0.05:0:cheapest_first,synergistic,pi_1,0.5,0.05,0.0,0.0,1.0,1.2,False,-0.3,0.9
highest_stage_posterior,development:403:FG+FW:synergistic:0.50:0.05:0:highest_stage_posterior,synergistic,pi_1,0.5,0.05,0.0,0.0,0.0,0.15000000000000002,True,0.75,0.9
greedy_gain,development:403:FG+FW:synergistic:0.50:0.05:0:greedy_gain,synergistic,pi_1,0.5,0.05,0.0,0.0,0.0,0.15000000000000002,True,0.75,0.9
end_to_end,development:403:FG+FW:synergistic:0.50:0.05:0:end_to_end,synergistic,pi_1,0.5,0.05,0.0,0.0,0.0,0.15000000000000002,True,0.75,0.9
oracle,development:403:FG+FW:synergistic:0.50:0.05:0:oracle,synergistic,pi_1,0.5,0.05,0.0,0.0,0.0,0.0,True,0.9,0.9
qrtc,development:403:FG+FW:synergistic:0.50:0.10:0:qrtc,synergistic,pi_1,0.5,0.1,0.0,0.0,0.0,0.15000000000000002,True,0.75,0.9
random,development:403:FG+FW:synergistic:0.50:0.10:0:random,synergistic,pi_1,0.5,0.1,0.0,0.0,0.0,0.0,True,0.9,0.9
cheapest_first,development:403:FG+FW:synergistic:0.50:0.10:0:cheapest_first,synergistic,pi_1,0.5,0.1,0.0,0.0,1.0,1.2,False,-0.3,0.9
highest_stage_posterior,development:403:FG+FW:synergistic:0.50:0.10:0:highest_stage_posterior,synergistic,pi_1,0.5,0.1,0.0,0.0,0.0,0.15000000000000002,True,0.75,0.9
greedy_gain,development:403:FG+FW:synergistic:0.50:0.10:0:greedy_gain,synergistic,pi_1,0.5,0.1,0.0,0.0,0.0,0.15000000000000002,True,0.75,0.9
end_to_end,development:403:FG+FW:synergistic:0.50:0.10:0:end_to_end,synergistic,pi_1,0.5,0.1,0.0,0.0,0.0,0.15000000000000002,True,0.75,0.9
oracle,development:403:FG+FW:synergistic:0.50:0.10:0:oracle,synergistic,pi_1,0.5,0.1,0.0,0.0,0.0,0.0,True,0.9,0.9
qrtc,development:403:FG+FW:synergistic:0.50:0.20:0:qrtc,synergistic,pi_1,0.5,0.2,0.0,0.0,0.0,0.15000000000000002,True,0.75,0.9
random,development:403:FG+FW:synergistic:0.50:0.20:0:random,synergistic,pi_1,0.5,0.2,0.0,0.0,1.0,1.2,False,-0.3,0.9
cheapest_first,development:403:FG+FW:synergistic:0.50:0.20:0:cheapest_first,synergistic,pi_1,0.5,0.2,0.0,0.0,1.0,1.2,False,-0.3,0.9
highest_stage_posterior,development:403:FG+FW:synergistic:0.50:0.20:0:highest_stage_posterior,synergistic,pi_1,0.5,0.2,0.0,0.0,0.0,0.15000000000000002,True,0.75,0.9
greedy_gain,development:403:FG+FW:synergistic:0.50:0.20:0:greedy_gain,synergistic,pi_1,0.5,0.2,0.0,0.0,0.0,0.15000000000000002,True,0.75,0.9
end_to_end,development:403:FG+FW:synergistic:0.50:0.20:0:end_to_end,synergistic,pi_1,0.5,0.2,0.0,0.0,0.0,0.15000000000000002,True,0.75,0.9
oracle,development:403:FG+FW:synergistic:0.50:0.20:0:oracle,synergistic,pi_1,0.5,0.2,0.0,0.0,0.0,0.0,True,0.9,0.9
qrtc,development:403:FG+FW:synergistic:0.75:0.00:0:qrtc,synergistic,pi_1,0.75,0.0,0.0,0.0,0.0,0.15000000000000002,True,0.75,0.9
random,development:403:FG+FW:synergistic:0.75:0.00:0:random,synergistic,pi_1,0.75,0.0,0.0,0.0,1.0,1.35,False,-0.45,0.9
cheapest_first,development:403:FG+FW:synergistic:0.75:0.00:0:cheapest_first,synergistic,pi_1,0.75,0.0,0.0,0.0,1.0,1.2,False,-0.3,0.9
highest_stage_posterior,development:403:FG+FW:synergistic:0.75:0.00:0:highest_stage_posterior,synergistic,pi_1,0.75,0.0,0.0,0.0,0.0,0.15000000000000002,True,0.75,0.9
greedy_gain,development:403:FG+FW:synergistic:0.75:0.00:0:greedy_gain,synergistic,pi_1,0.75,0.0,0.0,0.0,0.0,0.15000000000000002,True,0.75,0.9
end_to_end,development:403:FG+FW:synergistic:0.75:0.00:0:end_to_end,synergistic,pi_1,0.75,0.0,0.0,0.0,0.0,0.15000000000000002,True,0.75,0.9
oracle,development:403:FG+FW:synergistic:0.75:0.00:0:oracle,synergistic,pi_1,0.75,0.0,0.0,0.0,0.0,0.0,True,0.9,0.9
qrtc,development:403:FG+FW:synergistic:0.75:0.05:0:qrtc,synergistic,pi_1,0.75,0.05,0.0,0.0,0.0,0.15000000000000002,True,0.75,0.9
random,development:403:FG+FW:synergistic:0.75:0.05:0:random,synergistic,pi_1,0.75,0.05,0.0,0.0,1.0,1.2,False,-0.3,0.9
cheapest_first,development:403:FG+FW:synergistic:0.75:0.05:0:cheapest_first,synergistic,pi_1,0.75,0.05,0.0,0.0,1.0,1.2,False,-0.3,0.9
highest_stage_posterior,development:403:FG+FW:synergistic:0.75:0.05:0:highest_stage_posterior,synergistic,pi_1,0.75,0.05,0.0,0.0,0.0,0.15000000000000002,True,0.75,0.9
greedy_gain,development:403:FG+FW:synergistic:0.75:0.05:0:greedy_gain,synergistic,pi_1,0.75,0.05,0.0,0.0,0.0,0.15000000000000002,True,0.75,0.9
end_to_end,development:403:FG+FW:synergistic:0.75:0.05:0:end_to_end,synergistic,pi_1,0.75,0.05,0.0,0.0,0.0,0.15000000000000002,True,0.75,0.9
oracle,development:403:FG+FW:synergistic:0.75:0.05:0:oracle,synergistic,pi_1,0.75,0.05,0.0,0.0,0.0,0.0,True,0.9,0.9
qrtc,development:403:FG+FW:synergistic:0.75:0.10:0:qrtc,synergistic,pi_1,0.75,0.1,0.0,0.0,0.0,0.15000000000000002,True,0.75,0.9
random,development:403:FG+FW:synergistic:0.75:0.10:0:random,synergistic,pi_1,0.75,0.1,0.0,0.0,1.0,1.2,False,-0.3,0.9
cheapest_first,development:403:FG+FW:synergistic:0.75:0.10:0:cheapest_first,synergistic,pi_1,0.75,0.1,0.0,0.0,1.0,1.2,False,-0.3,0.9
highest_stage_posterior,development:403:FG+FW:synergistic:0.75:0.10:0:highest_stage_posterior,synergistic,pi_1,0.75,0.1,0.0,0.0,0.0,0.15000000000000002,True,0.75,0.9
greedy_gain,development:403:FG+FW:synergistic:0.75:0.10:0:greedy_gain,synergistic,pi_1,0.75,0.1,0.0,0.0,0.0,0.15000000000000002,True,0.75,0.9
end_to_end,development:403:FG+FW:synergistic:0.75:0.10:0:end_to_end,synergistic,pi_1,0.75,0.1,0.0,0.0,0.0,0.15000000000000002,True,0.75,0.9
oracle,development:403:FG+FW:synergistic:0.75:0.10:0:oracle,synergistic,pi_1,0.75,0.1,0.0,0.0,0.0,0.0,True,0.9,0.9
qrtc,development:403:FG+FW:synergistic:0.75:0.20:0:qrtc,synergistic,pi_1,0.75,0.2,0.0,0.0,0.0,0.15000000000000002,True,0.75,0.9
random,development:403:FG+FW:synergistic:0.75:0.20:0:random,synergistic,pi_1,0.75,0.2,0.0,0.0,0.0,0.15000000000000002,True,0.75,0.9
cheapest_first,development:403:FG+FW:synergistic:0.75:0.20:0:cheapest_first,synergistic,pi_1,0.75,0.2,0.0,0.0,1.0,1.2,False,-0.3,0.9
highest_stage_posterior,development:403:FG+FW:synergistic:0.75:0.20:0:highest_stage_posterior,synergistic,pi_1,0.75,0.2,0.0,0.0,0.0,0.15000000000000002,True,0.75,0.9
greedy_gain,development:403:FG+FW:synergistic:0.75:0.20:0:greedy_gain,synergistic,pi_1,0.75,0.2,0.0,0.0,0.0,0.15000000000000002,True,0.75,0.9
end_to_end,development:403:FG+FW:synergistic:0.75:0.20:0:end_to_end,synergistic,pi_1,0.75,0.2,0.0,0.0,0.0,0.15000000000000002,True,0.75,0.9
oracle,development:403:FG+FW:synergistic:0.75:0.20:0:oracle,synergistic,pi_1,0.75,0.2,0.0,0.0,0.0,0.0,True,0.9,0.9
qrtc,development:403:FG+FW:synergistic:1.00:0.00:0:qrtc,synergistic,pi_1,1.0,0.0,0.0,0.0,0.0,0.15000000000000002,True,0.75,0.9
random,development:403:FG+FW:synergistic:1.00:0.00:0:random,synergistic,pi_1,1.0,0.0,0.0,0.0,1.0,1.35,False,-0.45,0.9
cheapest_first,development:403:FG+FW:synergistic:1.00:0.00:0:cheapest_first,synergistic,pi_1,1.0,0.0,0.0,0.0,1.0,1.2,False,-0.3,0.9
highest_stage_posterior,development:403:FG+FW:synergistic:1.00:0.00:0:highest_stage_posterior,synergistic,pi_1,1.0,0.0,0.0,0.0,0.0,0.15000000000000002,True,0.75,0.9
greedy_gain,development:403:FG+FW:synergistic:1.00:0.00:0:greedy_gain,synergistic,pi_1,1.0,0.0,0.0,0.0,0.0,0.15000000000000002,True,0.75,0.9
end_to_end,development:403:FG+FW:synergistic:1.00:0.00:0:end_to_end,synergistic,pi_1,1.0,0.0,0.0,0.0,0.0,0.15000000000000002,True,0.75,0.9
oracle,development:403:FG+FW:synergistic:1.00:0.00:0:oracle,synergistic,pi_1,1.0,0.0,0.0,0.0,0.0,0.0,True,0.9,0.9
qrtc,development:403:FG+FW:synergistic:1.00:0.05:0:qrtc,synergistic,pi_1,1.0,0.05,0.0,0.0,0.0,0.15000000000000002,True,0.75,0.9
random,development:403:FG+FW:synergistic:1.00:0.05:0:random,synergistic,pi_1,1.0,0.05,0.0,0.0,0.0,0.0,True,0.9,0.9
cheapest_first,development:403:FG+FW:synergistic:1.00:0.05:0:cheapest_first,synergistic,pi_1,1.0,0.05,0.0,0.0,1.0,1.2,False,-0.3,0.9
highest_stage_posterior,development:403:FG+FW:synergistic:1.00:0.05:0:highest_stage_posterior,synergistic,pi_1,1.0,0.05,0.0,0.0,0.0,0.15000000000000002,True,0.75,0.9
greedy_gain,development:403:FG+FW:synergistic:1.00:0.05:0:greedy_gain,synergistic,pi_1,1.0,0.05,0.0,0.0,0.0,0.15000000000000002,True,0.75,0.9
end_to_end,development:403:FG+FW:synergistic:1.00:0.05:0:end_to_end,synergistic,pi_1,1.0,0.05,0.0,0.0,0.0,0.15000000000000002,True,0.75,0.9
oracle,development:403:FG+FW:synergistic:1.00:0.05:0:oracle,synergistic,pi_1,1.0,0.05,0.0,0.0,0.0,0.0,True,0.9,0.9
qrtc,development:403:FG+FW:synergistic:1.00:0.10:0:qrtc,synergistic,pi_1,1.0,0.1,0.0,0.0,0.0,0.15000000000000002,True,0.75,0.9
random,development:403:FG+FW:synergistic:1.00:0.10:0:random,synergistic,pi_1,1.0,0.1,0.0,0.0,1.0,1.35,False,-0.45,0.9
cheapest_first,development:403:FG+FW:synergistic:1.00:0.10:0:cheapest_first,synergistic,pi_1,1.0,0.1,0.0,0.0,1.0,1.2,False,-0.3,0.9
highest_stage_posterior,development:403:FG+FW:synergistic:1.00:0.10:0:highest_stage_posterior,synergistic,pi_1,1.0,0.1,0.0,0.0,0.0,0.15000000000000002,True,0.75,0.9
greedy_gain,development:403:FG+FW:synergistic:1.00:0.10:0:greedy_gain,synergistic,pi_1,1.0,0.1,0.0,0.0,0.0,0.15000000000000002,True,0.75,0.9
end_to_end,development:403:FG+FW:synergistic:1.00:0.10:0:end_to_end,synergistic,pi_1,1.0,0.1,0.0,0.0,0.0,0.15000000000000002,True,0.75,0.9
oracle,development:403:FG+FW:synergistic:1.00:0.10:0:oracle,synergistic,pi_1,1.0,0.1,0.0,0.0,0.0,0.0,True,0.9,0.9
qrtc,development:403:FG+FW:synergistic:1.00:0.20:0:qrtc,synergistic,pi_1,1.0,0.2,0.0,0.0,0.0,0.15000000000000002,True,0.75,0.9
random,development:403:FG+FW:synergistic:1.00:0.20:0:random,synergistic,pi_1,1.0,0.2,0.0,0.0,0.0,0.15000000000000002,True,0.75,0.9
cheapest_first,development:403:FG+FW:synergistic:1.00:0.20:0:cheapest_first,synergistic,pi_1,1.0,0.2,0.0,0.0,1.0,1.2,False,-0.3,0.9
highest_stage_posterior,development:403:FG+FW:synergistic:1.00:0.20:0:highest_stage_posterior,synergistic,pi_1,1.0,0.2,0.0,0.0,0.0,0.15000000000000002,True,0.75,0.9
greedy_gain,development:403:FG+FW:synergistic:1.00:0.20:0:greedy_gain,synergistic,pi_1,1.0,0.2,0.0,0.0,0.0,0.15000000000000002,True,0.75,0.9
end_to_end,development:403:FG+FW:synergistic:1.00:0.20:0:end_to_end,synergistic,pi_1,1.0,0.2,0.0,0.0,0.0,0.15000000000000002,True,0.75,0.9
oracle,development:403:FG+FW:synergistic:1.00:0.20:0:oracle,synergistic,pi_1,1.0,0.2,0.0,0.0,0.0,0.0,True,0.9,0.9
qrtc,development:403:FR+FJ:strict_masking:0.25:0.00:0:qrtc,strict_masking,pi_2,0.25,0.0,0.0,0.0,0.0,0.0,True,0.75,0.75
random,development:403:FR+FJ:strict_masking:0.25:0.00:0:random,strict_masking,pi_2,0.25,0.0,0.0,0.0,1.0,1.2,False,-0.45,0.75
cheapest_first,development:403:FR+FJ:strict_masking:0.25:0.00:0:cheapest_first,strict_masking,pi_2,0.25,0.0,0.0,0.0,1.0,1.05,False,-0.3,0.75
highest_stage_posterior,development:403:FR+FJ:strict_masking:0.25:0.00:0:highest_stage_posterior,strict_masking,pi_2,0.25,0.0,0.0,0.0,1.0,1.2,False,-0.45,0.75
greedy_gain,development:403:FR+FJ:strict_masking:0.25:0.00:0:greedy_gain,strict_masking,pi_2,0.25,0.0,0.0,0.0,0.0,0.0,True,0.75,0.75
end_to_end,development:403:FR+FJ:strict_masking:0.25:0.00:0:end_to_end,strict_masking,pi_2,0.25,0.0,0.0,0.0,1.0,1.05,False,-0.3,0.75
oracle,development:403:FR+FJ:strict_masking:0.25:0.00:0:oracle,strict_masking,pi_2,0.25,0.0,0.0,0.0,0.0,0.0,True,0.75,0.75
qrtc,development:403:FR+FJ:strict_masking:0.25:0.05:0:qrtc,strict_masking,pi_2,0.25,0.05,0.0,0.0,0.0,0.0,True,0.75,0.75
random,development:403:FR+FJ:strict_masking:0.25:0.05:0:random,strict_masking,pi_2,0.25,0.05,0.0,0.0,1.0,1.2,False,-0.45,0.75
cheapest_first,development:403:FR+FJ:strict_masking:0.25:0.05:0:cheapest_first,strict_masking,pi_2,0.25,0.05,0.0,0.0,1.0,1.05,False,-0.3,0.75
highest_stage_posterior,development:403:FR+FJ:strict_masking:0.25:0.05:0:highest_stage_posterior,strict_masking,pi_2,0.25,0.05,0.0,0.0,1.0,1.2,False,-0.45,0.75
greedy_gain,development:403:FR+FJ:strict_masking:0.25:0.05:0:greedy_gain,strict_masking,pi_2,0.25,0.05,0.0,0.0,0.0,0.0,True,0.75,0.75
end_to_end,development:403:FR+FJ:strict_masking:0.25:0.05:0:end_to_end,strict_masking,pi_2,0.25,0.05,0.0,0.0,1.0,1.05,False,-0.3,0.75
oracle,development:403:FR+FJ:strict_masking:0.25:0.05:0:oracle,strict_masking,pi_2,0.25,0.05,0.0,0.0,0.0,0.0,True,0.75,0.75
qrtc,development:403:FR+FJ:strict_masking:0.25:0.10:0:qrtc,strict_masking,pi_2,0.25,0.1,0.0,0.0,0.0,0.0,True,0.75,0.75
random,development:403:FR+FJ:strict_masking:0.25:0.10:0:random,strict_masking,pi_2,0.25,0.1,0.0,0.0,1.0,1.05,False,-0.3,0.75
cheapest_first,development:403:FR+FJ:strict_masking:0.25:0.10:0:cheapest_first,strict_masking,pi_2,0.25,0.1,0.0,0.0,1.0,1.05,False,-0.3,0.75
highest_stage_posterior,development:403:FR+FJ:strict_masking:0.25:0.10:0:highest_stage_posterior,strict_masking,pi_2,0.25,0.1,0.0,0.0,1.0,1.2,False,-0.45,0.75
greedy_gain,development:403:FR+FJ:strict_masking:0.25:0.10:0:greedy_gain,strict_masking,pi_2,0.25,0.1,0.0,0.0,0.0,0.0,True,0.75,0.75
end_to_end,development:403:FR+FJ:strict_masking:0.25:0.10:0:end_to_end,strict_masking,pi_2,0.25,0.1,0.0,0.0,1.0,1.05,False,-0.3,0.75
oracle,development:403:FR+FJ:strict_masking:0.25:0.10:0:oracle,strict_masking,pi_2,0.25,0.1,0.0,0.0,0.0,0.0,True,0.75,0.75
qrtc,development:403:FR+FJ:strict_masking:0.25:0.20:0:qrtc,strict_masking,pi_2,0.25,0.2,0.0,0.0,0.0,0.0,True,0.75,0.75
random,development:403:FR+FJ:strict_masking:0.25:0.20:0:random,strict_masking,pi_2,0.25,0.2,0.0,0.0,1.0,1.1,False,-0.35,0.75
cheapest_first,development:403:FR+FJ:strict_masking:0.25:0.20:0:cheapest_first,strict_masking,pi_2,0.25,0.2,0.0,0.0,1.0,1.05,False,-0.3,0.75
highest_stage_posterior,development:403:FR+FJ:strict_masking:0.25:0.20:0:highest_stage_posterior,strict_masking,pi_2,0.25,0.2,0.0,0.0,1.0,1.2,False,-0.45,0.75
greedy_gain,development:403:FR+FJ:strict_masking:0.25:0.20:0:greedy_gain,strict_masking,pi_2,0.25,0.2,0.0,0.0,0.0,0.0,True,0.75,0.75
end_to_end,development:403:FR+FJ:strict_masking:0.25:0.20:0:end_to_end,strict_masking,pi_2,0.25,0.2,0.0,0.0,1.0,1.05,False,-0.3,0.75
oracle,development:403:FR+FJ:strict_masking:0.25:0.20:0:oracle,strict_masking,pi_2,0.25,0.2,0.0,0.0,0.0,0.0,True,0.75,0.75
qrtc,development:403:FR+FJ:strict_masking:0.50:0.00:0:qrtc,strict_masking,pi_2,0.5,0.0,0.0,0.0,0.0,0.0,True,0.75,0.75
random,development:403:FR+FJ:strict_masking:0.50:0.00:0:random,strict_masking,pi_2,0.5,0.0,0.0,0.0,1.0,1.2,False,-0.45,0.75
cheapest_first,development:403:FR+FJ:strict_masking:0.50:0.00:0:cheapest_first,strict_masking,pi_2,0.5,0.0,0.0,0.0,1.0,1.05,False,-0.3,0.75
highest_stage_posterior,development:403:FR+FJ:strict_masking:0.50:0.00:0:highest_stage_posterior,strict_masking,pi_2,0.5,0.0,0.0,0.0,1.0,1.2,False,-0.45,0.75
greedy_gain,development:403:FR+FJ:strict_masking:0.50:0.00:0:greedy_gain,strict_masking,pi_2,0.5,0.0,0.0,0.0,0.0,0.0,True,0.75,0.75
end_to_end,development:403:FR+FJ:strict_masking:0.50:0.00:0:end_to_end,strict_masking,pi_2,0.5,0.0,0.0,0.0,1.0,1.05,False,-0.3,0.75
oracle,development:403:FR+FJ:strict_masking:0.50:0.00:0:oracle,strict_masking,pi_2,0.5,0.0,0.0,0.0,0.0,0.0,True,0.75,0.75
qrtc,development:403:FR+FJ:strict_masking:0.50:0.05:0:qrtc,strict_masking,pi_2,0.5,0.05,0.0,0.0,0.0,0.0,True,0.75,0.75
random,development:403:FR+FJ:strict_masking:0.50:0.05:0:random,strict_masking,pi_2,0.5,0.05,0.0,0.0,1.0,1.2,False,-0.45,0.75
cheapest_first,development:403:FR+FJ:strict_masking:0.50:0.05:0:cheapest_first,strict_masking,pi_2,0.5,0.05,0.0,0.0,1.0,1.05,False,-0.3,0.75
highest_stage_posterior,development:403:FR+FJ:strict_masking:0.50:0.05:0:highest_stage_posterior,strict_masking,pi_2,0.5,0.05,0.0,0.0,1.0,1.2,False,-0.45,0.75
greedy_gain,development:403:FR+FJ:strict_masking:0.50:0.05:0:greedy_gain,strict_masking,pi_2,0.5,0.05,0.0,0.0,0.0,0.0,True,0.75,0.75
end_to_end,development:403:FR+FJ:strict_masking:0.50:0.05:0:end_to_end,strict_masking,pi_2,0.5,0.05,0.0,0.0,1.0,1.05,False,-0.3,0.75
oracle,development:403:FR+FJ:strict_masking:0.50:0.05:0:oracle,strict_masking,pi_2,0.5,0.05,0.0,0.0,0.0,0.0,True,0.75,0.75
qrtc,development:403:FR+FJ:strict_masking:0.50:0.10:0:qrtc,strict_masking,pi_2,0.5,0.1,0.0,0.0,0.0,0.0,True,0.75,0.75
random,development:403:FR+FJ:strict_masking:0.50:0.10:0:random,strict_masking,pi_2,0.5,0.1,0.0,0.0,1.0,1.1,False,-0.35,0.75
cheapest_first,development:403:FR+FJ:strict_masking:0.50:0.10:0:cheapest_first,strict_masking,pi_2,0.5,0.1,0.0,0.0,1.0,1.05,False,-0.3,0.75
highest_stage_posterior,development:403:FR+FJ:strict_masking:0.50:0.10:0:highest_stage_posterior,strict_masking,pi_2,0.5,0.1,0.0,0.0,1.0,1.2,False,-0.45,0.75
greedy_gain,development:403:FR+FJ:strict_masking:0.50:0.10:0:greedy_gain,strict_masking,pi_2,0.5,0.1,0.0,0.0,0.0,0.0,True,0.75,0.75
end_to_end,development:403:FR+FJ:strict_masking:0.50:0.10:0:end_to_end,strict_masking,pi_2,0.5,0.1,0.0,0.0,1.0,1.05,False,-0.3,0.75
oracle,development:403:FR+FJ:strict_masking:0.50:0.10:0:oracle,strict_masking,pi_2,0.5,0.1,0.0,0.0,0.0,0.0,True,0.75,0.75
qrtc,development:403:FR+FJ:strict_masking:0.50:0.20:0:qrtc,strict_masking,pi_2,0.5,0.2,0.0,0.0,0.0,0.0,True,0.75,0.75
random,development:403:FR+FJ:strict_masking:0.50:0.20:0:random,strict_masking,pi_2,0.5,0.2,0.0,0.0,1.0,1.05,False,-0.3,0.75
cheapest_first,development:403:FR+FJ:strict_masking:0.50:0.20:0:cheapest_first,strict_masking,pi_2,0.5,0.2,0.0,0.0,1.0,1.05,False,-0.3,0.75
highest_stage_posterior,development:403:FR+FJ:strict_masking:0.50:0.20:0:highest_stage_posterior,strict_masking,pi_2,0.5,0.2,0.0,0.0,1.0,1.2,False,-0.45,0.75
greedy_gain,development:403:FR+FJ:strict_masking:0.50:0.20:0:greedy_gain,strict_masking,pi_2,0.5,0.2,0.0,0.0,0.0,0.0,True,0.75,0.75
end_to_end,development:403:FR+FJ:strict_masking:0.50:0.20:0:end_to_end,strict_masking,pi_2,0.5,0.2,0.0,0.0,1.0,1.05,False,-0.3,0.75
oracle,development:403:FR+FJ:strict_masking:0.50:0.20:0:oracle,strict_masking,pi_2,0.5,0.2,0.0,0.0,0.0,0.0,True,0.75,0.75
qrtc,development:403:FR+FJ:strict_masking:0.75:0.00:0:qrtc,strict_masking,pi_2,0.75,0.0,0.0,0.0,0.0,0.0,True,0.75,0.75
random,development:403:FR+FJ:strict_masking:0.75:0.00:0:random,strict_masking,pi_2,0.75,0.0,0.0,0.0,1.0,1.2,False,-0.45,0.75
cheapest_first,development:403:FR+FJ:strict_masking:0.75:0.00:0:cheapest_first,strict_masking,pi_2,0.75,0.0,0.0,0.0,1.0,1.05,False,-0.3,0.75
highest_stage_posterior,development:403:FR+FJ:strict_masking:0.75:0.00:0:highest_stage_posterior,strict_masking,pi_2,0.75,0.0,0.0,0.0,1.0,1.2,False,-0.45,0.75
greedy_gain,development:403:FR+FJ:strict_masking:0.75:0.00:0:greedy_gain,strict_masking,pi_2,0.75,0.0,0.0,0.0,0.0,0.0,True,0.75,0.75
end_to_end,development:403:FR+FJ:strict_masking:0.75:0.00:0:end_to_end,strict_masking,pi_2,0.75,0.0,0.0,0.0,1.0,1.05,False,-0.3,0.75
oracle,development:403:FR+FJ:strict_masking:0.75:0.00:0:oracle,strict_masking,pi_2,0.75,0.0,0.0,0.0,0.0,0.0,True,0.75,0.75
qrtc,development:403:FR+FJ:strict_masking:0.75:0.05:0:qrtc,strict_masking,pi_2,0.75,0.05,0.0,0.0,0.0,0.0,True,0.75,0.75
random,development:403:FR+FJ:strict_masking:0.75:0.05:0:random,strict_masking,pi_2,0.75,0.05,0.0,0.0,1.0,1.05,False,-0.3,0.75
cheapest_first,development:403:FR+FJ:strict_masking:0.75:0.05:0:cheapest_first,strict_masking,pi_2,0.75,0.05,0.0,0.0,1.0,1.05,False,-0.3,0.75
highest_stage_posterior,development:403:FR+FJ:strict_masking:0.75:0.05:0:highest_stage_posterior,strict_masking,pi_2,0.75,0.05,0.0,0.0,1.0,1.2,False,-0.45,0.75
greedy_gain,development:403:FR+FJ:strict_masking:0.75:0.05:0:greedy_gain,strict_masking,pi_2,0.75,0.05,0.0,0.0,0.0,0.0,True,0.75,0.75
end_to_end,development:403:FR+FJ:strict_masking:0.75:0.05:0:end_to_end,strict_masking,pi_2,0.75,0.05,0.0,0.0,1.0,1.05,False,-0.3,0.75
oracle,development:403:FR+FJ:strict_masking:0.75:0.05:0:oracle,strict_masking,pi_2,0.75,0.05,0.0,0.0,0.0,0.0,True,0.75,0.75
qrtc,development:403:FR+FJ:strict_masking:0.75:0.10:0:qrtc,strict_masking,pi_2,0.75,0.1,0.0,0.0,0.0,0.0,True,0.75,0.75
random,development:403:FR+FJ:strict_masking:0.75:0.10:0:random,strict_masking,pi_2,0.75,0.1,0.0,0.0,1.0,1.05,False,-0.3,0.75
cheapest_first,development:403:FR+FJ:strict_masking:0.75:0.10:0:cheapest_first,strict_masking,pi_2,0.75,0.1,0.0,0.0,1.0,1.05,False,-0.3,0.75
highest_stage_posterior,development:403:FR+FJ:strict_masking:0.75:0.10:0:highest_stage_posterior,strict_masking,pi_2,0.75,0.1,0.0,0.0,1.0,1.2,False,-0.45,0.75
greedy_gain,development:403:FR+FJ:strict_masking:0.75:0.10:0:greedy_gain,strict_masking,pi_2,0.75,0.1,0.0,0.0,0.0,0.0,True,0.75,0.75
end_to_end,development:403:FR+FJ:strict_masking:0.75:0.10:0:end_to_end,strict_masking,pi_2,0.75,0.1,0.0,0.0,1.0,1.05,False,-0.3,0.75
oracle,development:403:FR+FJ:strict_masking:0.75:0.10:0:oracle,strict_masking,pi_2,0.75,0.1,0.0,0.0,0.0,0.0,True,0.75,0.75
qrtc,development:403:FR+FJ:strict_masking:0.75:0.20:0:qrtc,strict_masking,pi_2,0.75,0.2,0.0,0.0,0.0,0.0,True,0.75,0.75
random,development:403:FR+FJ:strict_masking:0.75:0.20:0:random,strict_masking,pi_2,0.75,0.2,0.0,0.0,1.0,1.25,False,-0.5,0.75
cheapest_first,development:403:FR+FJ:strict_masking:0.75:0.20:0:cheapest_first,strict_masking,pi_2,0.75,0.2,0.0,0.0,1.0,1.05,False,-0.3,0.75
highest_stage_posterior,development:403:FR+FJ:strict_masking:0.75:0.20:0:highest_stage_posterior,strict_masking,pi_2,0.75,0.2,0.0,0.0,1.0,1.2,False,-0.45,0.75
greedy_gain,development:403:FR+FJ:strict_masking:0.75:0.20:0:greedy_gain,strict_masking,pi_2,0.75,0.2,0.0,0.0,0.0,0.0,True,0.75,0.75
end_to_end,development:403:FR+FJ:strict_masking:0.75:0.20:0:end_to_end,strict_masking,pi_2,0.75,0.2,0.0,0.0,1.0,1.05,False,-0.3,0.75
oracle,development:403:FR+FJ:strict_masking:0.75:0.20:0:oracle,strict_masking,pi_2,0.75,0.2,0.0,0.0,0.0,0.0,True,0.75,0.75
qrtc,development:403:FR+FJ:strict_masking:1.00:0.00:0:qrtc,strict_masking,pi_2,1.0,0.0,0.0,0.0,0.0,0.0,True,0.75,0.75
random,development:403:FR+FJ:strict_masking:1.00:0.00:0:random,strict_masking,pi_2,1.0,0.0,0.0,0.0,1.0,1.2,False,-0.45,0.75
cheapest_first,development:403:FR+FJ:strict_masking:1.00:0.00:0:cheapest_first,strict_masking,pi_2,1.0,0.0,0.0,0.0,1.0,1.05,False,-0.3,0.75
highest_stage_posterior,development:403:FR+FJ:strict_masking:1.00:0.00:0:highest_stage_posterior,strict_masking,pi_2,1.0,0.0,0.0,0.0,1.0,1.2,False,-0.45,0.75
greedy_gain,development:403:FR+FJ:strict_masking:1.00:0.00:0:greedy_gain,strict_masking,pi_2,1.0,0.0,0.0,0.0,0.0,0.0,True,0.75,0.75
end_to_end,development:403:FR+FJ:strict_masking:1.00:0.00:0:end_to_end,strict_masking,pi_2,1.0,0.0,0.0,0.0,1.0,1.05,False,-0.3,0.75
oracle,development:403:FR+FJ:strict_masking:1.00:0.00:0:oracle,strict_masking,pi_2,1.0,0.0,0.0,0.0,0.0,0.0,True,0.75,0.75
qrtc,development:403:FR+FJ:strict_masking:1.00:0.05:0:qrtc,strict_masking,pi_2,1.0,0.05,0.0,0.0,0.0,0.0,True,0.75,0.75
random,development:403:FR+FJ:strict_masking:1.00:0.05:0:random,strict_masking,pi_2,1.0,0.05,0.0,0.0,1.0,1.1,False,-0.35,0.75
cheapest_first,development:403:FR+FJ:strict_masking:1.00:0.05:0:cheapest_first,strict_masking,pi_2,1.0,0.05,0.0,0.0,1.0,1.05,False,-0.3,0.75
highest_stage_posterior,development:403:FR+FJ:strict_masking:1.00:0.05:0:highest_stage_posterior,strict_masking,pi_2,1.0,0.05,0.0,0.0,1.0,1.2,False,-0.45,0.75
greedy_gain,development:403:FR+FJ:strict_masking:1.00:0.05:0:greedy_gain,strict_masking,pi_2,1.0,0.05,0.0,0.0,0.0,0.0,True,0.75,0.75
end_to_end,development:403:FR+FJ:strict_masking:1.00:0.05:0:end_to_end,strict_masking,pi_2,1.0,0.05,0.0,0.0,1.0,1.05,False,-0.3,0.75
oracle,development:403:FR+FJ:strict_masking:1.00:0.05:0:oracle,strict_masking,pi_2,1.0,0.05,0.0,0.0,0.0,0.0,True,0.75,0.75
qrtc,development:403:FR+FJ:strict_masking:1.00:0.10:0:qrtc,strict_masking,pi_2,1.0,0.1,0.0,0.0,0.0,0.0,True,0.75,0.75
random,development:403:FR+FJ:strict_masking:1.00:0.10:0:random,strict_masking,pi_2,1.0,0.1,0.0,0.0,1.0,1.2,False,-0.45,0.75
cheapest_first,development:403:FR+FJ:strict_masking:1.00:0.10:0:cheapest_first,strict_masking,pi_2,1.0,0.1,0.0,0.0,1.0,1.05,False,-0.3,0.75
highest_stage_posterior,development:403:FR+FJ:strict_masking:1.00:0.10:0:highest_stage_posterior,strict_masking,pi_2,1.0,0.1,0.0,0.0,1.0,1.2,False,-0.45,0.75
greedy_gain,development:403:FR+FJ:strict_masking:1.00:0.10:0:greedy_gain,strict_masking,pi_2,1.0,0.1,0.0,0.0,0.0,0.0,True,0.75,0.75
end_to_end,development:403:FR+FJ:strict_masking:1.00:0.10:0:end_to_end,strict_masking,pi_2,1.0,0.1,0.0,0.0,1.0,1.05,False,-0.3,0.75
oracle,development:403:FR+FJ:strict_masking:1.00:0.10:0:oracle,strict_masking,pi_2,1.0,0.1,0.0,0.0,0.0,0.0,True,0.75,0.75
qrtc,development:403:FR+FJ:strict_masking:1.00:0.20:0:qrtc,strict_masking,pi_2,1.0,0.2,0.0,0.0,0.0,0.0,True,0.75,0.75
random,development:403:FR+FJ:strict_masking:1.00:0.20:0:random,strict_masking,pi_2,1.0,0.2,0.0,0.0,1.0,1.25,False,-0.5,0.75
cheapest_first,development:403:FR+FJ:strict_masking:1.00:0.20:0:cheapest_first,strict_masking,pi_2,1.0,0.2,0.0,0.0,1.0,1.05,False,-0.3,0.75
highest_stage_posterior,development:403:FR+FJ:strict_masking:1.00:0.20:0:highest_stage_posterior,strict_masking,pi_2,1.0,0.2,0.0,0.0,1.0,1.2,False,-0.45,0.75
greedy_gain,development:403:FR+FJ:strict_masking:1.00:0.20:0:greedy_gain,strict_masking,pi_2,1.0,0.2,0.0,0.0,0.0,0.0,True,0.75,0.75
end_to_end,development:403:FR+FJ:strict_masking:1.00:0.20:0:end_to_end,strict_masking,pi_2,1.0,0.2,0.0,0.0,1.0,1.05,False,-0.3,0.75
oracle,development:403:FR+FJ:strict_masking:1.00:0.20:0:oracle,strict_masking,pi_2,1.0,0.2,0.0,0.0,0.0,0.0,True,0.75,0.75
qrtc,development:403:FR+FJ:soft_masking:0.25:0.00:0:qrtc,soft_masking,pi_2,0.25,0.0,0.0,0.0,0.0,0.19999999999999996,True,0.75,0.95
random,development:403:FR+FJ:soft_masking:0.25:0.00:0:random,soft_masking,pi_2,0.25,0.0,0.0,0.0,0.0,0.1499999999999999,True,0.8,0.95
cheapest_first,development:403:FR+FJ:soft_masking:0.25:0.00:0:cheapest_first,soft_masking,pi_2,0.25,0.0,0.0,0.0,0.0,0.0,True,0.95,0.95
highest_stage_posterior,development:403:FR+FJ:soft_masking:0.25:0.00:0:highest_stage_posterior,soft_masking,pi_2,0.25,0.0,0.0,0.0,0.0,0.1499999999999999,True,0.8,0.95
greedy_gain,development:403:FR+FJ:soft_masking:0.25:0.00:0:greedy_gain,soft_masking,pi_2,0.25,0.0,0.0,0.0,0.0,0.1499999999999999,True,0.8,0.95
end_to_end,development:403:FR+FJ:soft_masking:0.25:0.00:0:end_to_end,soft_masking,pi_2,0.25,0.0,0.0,0.0,0.0,0.1499999999999999,True,0.8,0.95
oracle,development:403:FR+FJ:soft_masking:0.25:0.00:0:oracle,soft_masking,pi_2,0.25,0.0,0.0,0.0,0.0,0.0,True,0.95,0.95
qrtc,development:403:FR+FJ:soft_masking:0.25:0.05:0:qrtc,soft_masking,pi_2,0.25,0.05,0.0,0.0,0.0,0.19999999999999996,True,0.75,0.95
random,development:403:FR+FJ:soft_masking:0.25:0.05:0:random,soft_masking,pi_2,0.25,0.05,0.0,0.0,0.0,0.1499999999999999,True,0.8,0.95
cheapest_first,development:403:FR+FJ:soft_masking:0.25:0.05:0:cheapest_first,soft_masking,pi_2,0.25,0.05,0.0,0.0,0.0,0.0,True,0.95,0.95
highest_stage_posterior,development:403:FR+FJ:soft_masking:0.25:0.05:0:highest_stage_posterior,soft_masking,pi_2,0.25,0.05,0.0,0.0,0.0,0.1499999999999999,True,0.8,0.95
greedy_gain,development:403:FR+FJ:soft_masking:0.25:0.05:0:greedy_gain,soft_masking,pi_2,0.25,0.05,0.0,0.0,0.0,0.1499999999999999,True,0.8,0.95
end_to_end,development:403:FR+FJ:soft_masking:0.25:0.05:0:end_to_end,soft_masking,pi_2,0.25,0.05,0.0,0.0,0.0,0.1499999999999999,True,0.8,0.95
oracle,development:403:FR+FJ:soft_masking:0.25:0.05:0:oracle,soft_masking,pi_2,0.25,0.05,0.0,0.0,0.0,0.0,True,0.95,0.95
qrtc,development:403:FR+FJ:soft_masking:0.25:0.10:0:qrtc,soft_masking,pi_2,0.25,0.1,0.0,0.0,0.0,0.19999999999999996,True,0.75,0.95
random,development:403:FR+FJ:soft_masking:0.25:0.10:0:random,soft_masking,pi_2,0.25,0.1,0.0,0.0,1.0,1.25,False,-0.3,0.95
cheapest_first,development:403:FR+FJ:soft_masking:0.25:0.10:0:cheapest_first,soft_masking,pi_2,0.25,0.1,0.0,0.0,0.0,0.0,True,0.95,0.95
highest_stage_posterior,development:403:FR+FJ:soft_masking:0.25:0.10:0:highest_stage_posterior,soft_masking,pi_2,0.25,0.1,0.0,0.0,0.0,0.1499999999999999,True,0.8,0.95
greedy_gain,development:403:FR+FJ:soft_masking:0.25:0.10:0:greedy_gain,soft_masking,pi_2,0.25,0.1,0.0,0.0,0.0,0.1499999999999999,True,0.8,0.95
end_to_end,development:403:FR+FJ:soft_masking:0.25:0.10:0:end_to_end,soft_masking,pi_2,0.25,0.1,0.0,0.0,0.0,0.1499999999999999,True,0.8,0.95
oracle,development:403:FR+FJ:soft_masking:0.25:0.10:0:oracle,soft_masking,pi_2,0.25,0.1,0.0,0.0,0.0,0.0,True,0.95,0.95
qrtc,development:403:FR+FJ:soft_masking:0.25:0.20:0:qrtc,soft_masking,pi_2,0.25,0.2,0.0,0.0,0.0,0.19999999999999996,True,0.75,0.95
random,development:403:FR+FJ:soft_masking:0.25:0.20:0:random,soft_masking,pi_2,0.25,0.2,0.0,0.0,1.0,1.2999999999999998,False,-0.35,0.95
cheapest_first,development:403:FR+FJ:soft_masking:0.25:0.20:0:cheapest_first,soft_masking,pi_2,0.25,0.2,0.0,0.0,0.0,0.0,True,0.95,0.95
highest_stage_posterior,development:403:FR+FJ:soft_masking:0.25:0.20:0:highest_stage_posterior,soft_masking,pi_2,0.25,0.2,0.0,0.0,0.0,0.1499999999999999,True,0.8,0.95
greedy_gain,development:403:FR+FJ:soft_masking:0.25:0.20:0:greedy_gain,soft_masking,pi_2,0.25,0.2,0.0,0.0,0.0,0.1499999999999999,True,0.8,0.95
end_to_end,development:403:FR+FJ:soft_masking:0.25:0.20:0:end_to_end,soft_masking,pi_2,0.25,0.2,0.0,0.0,0.0,0.1499999999999999,True,0.8,0.95
oracle,development:403:FR+FJ:soft_masking:0.25:0.20:0:oracle,soft_masking,pi_2,0.25,0.2,0.0,0.0,0.0,0.0,True,0.95,0.95
qrtc,development:403:FR+FJ:soft_masking:0.50:0.00:0:qrtc,soft_masking,pi_2,0.5,0.0,0.0,0.0,0.0,0.19999999999999996,True,0.75,0.95
random,development:403:FR+FJ:soft_masking:0.50:0.00:0:random,soft_masking,pi_2,0.5,0.0,0.0,0.0,1.0,1.4,False,-0.45,0.95
cheapest_first,development:403:FR+FJ:soft_masking:0.50:0.00:0:cheapest_first,soft_masking,pi_2,0.5,0.0,0.0,0.0,0.0,0.0,True,0.95,0.95
highest_stage_posterior,development:403:FR+FJ:soft_masking:0.50:0.00:0:highest_stage_posterior,soft_masking,pi_2,0.5,0.0,0.0,0.0,0.0,0.1499999999999999,True,0.8,0.95
greedy_gain,development:403:FR+FJ:soft_masking:0.50:0.00:0:greedy_gain,soft_masking,pi_2,0.5,0.0,0.0,0.0,0.0,0.1499999999999999,True,0.8,0.95
end_to_end,development:403:FR+FJ:soft_masking:0.50:0.00:0:end_to_end,soft_masking,pi_2,0.5,0.0,0.0,0.0,0.0,0.1499999999999999,True,0.8,0.95
oracle,development:403:FR+FJ:soft_masking:0.50:0.00:0:oracle,soft_masking,pi_2,0.5,0.0,0.0,0.0,0.0,0.0,True,0.95,0.95
qrtc,development:403:FR+FJ:soft_masking:0.50:0.05:0:qrtc,soft_masking,pi_2,0.5,0.05,0.0,0.0,0.0,0.19999999999999996,True,0.75,0.95
random,development:403:FR+FJ:soft_masking:0.50:0.05:0:random,soft_masking,pi_2,0.5,0.05,0.0,0.0,1.0,1.4,False,-0.45,0.95
cheapest_first,development:403:FR+FJ:soft_masking:0.50:0.05:0:cheapest_first,soft_masking,pi_2,0.5,0.05,0.0,0.0,0.0,0.0,True,0.95,0.95
highest_stage_posterior,development:403:FR+FJ:soft_masking:0.50:0.05:0:highest_stage_posterior,soft_masking,pi_2,0.5,0.05,0.0,0.0,0.0,0.1499999999999999,True,0.8,0.95
greedy_gain,development:403:FR+FJ:soft_masking:0.50:0.05:0:greedy_gain,soft_masking,pi_2,0.5,0.05,0.0,0.0,0.0,0.1499999999999999,True,0.8,0.95
end_to_end,development:403:FR+FJ:soft_masking:0.50:0.05:0:end_to_end,soft_masking,pi_2,0.5,0.05,0.0,0.0,0.0,0.1499999999999999,True,0.8,0.95
oracle,development:403:FR+FJ:soft_masking:0.50:0.05:0:oracle,soft_masking,pi_2,0.5,0.05,0.0,0.0,0.0,0.0,True,0.95,0.95
qrtc,development:403:FR+FJ:soft_masking:0.50:0.10:0:qrtc,soft_masking,pi_2,0.5,0.1,0.0,0.0,0.0,0.19999999999999996,True,0.75,0.95
random,development:403:FR+FJ:soft_masking:0.50:0.10:0:random,soft_masking,pi_2,0.5,0.1,0.0,0.0,1.0,1.2999999999999998,False,-0.35,0.95
cheapest_first,development:403:FR+FJ:soft_masking:0.50:0.10:0:cheapest_first,soft_masking,pi_2,0.5,0.1,0.0,0.0,0.0,0.0,True,0.95,0.95
highest_stage_posterior,development:403:FR+FJ:soft_masking:0.50:0.10:0:highest_stage_posterior,soft_masking,pi_2,0.5,0.1,0.0,0.0,0.0,0.1499999999999999,True,0.8,0.95
greedy_gain,development:403:FR+FJ:soft_masking:0.50:0.10:0:greedy_gain,soft_masking,pi_2,0.5,0.1,0.0,0.0,0.0,0.1499999999999999,True,0.8,0.95
end_to_end,development:403:FR+FJ:soft_masking:0.50:0.10:0:end_to_end,soft_masking,pi_2,0.5,0.1,0.0,0.0,0.0,0.1499999999999999,True,0.8,0.95
oracle,development:403:FR+FJ:soft_masking:0.50:0.10:0:oracle,soft_masking,pi_2,0.5,0.1,0.0,0.0,0.0,0.0,True,0.95,0.95
qrtc,development:403:FR+FJ:soft_masking:0.50:0.20:0:qrtc,soft_masking,pi_2,0.5,0.2,0.0,0.0,0.0,0.19999999999999996,True,0.75,0.95
random,development:403:FR+FJ:soft_masking:0.50:0.20:0:random,soft_masking,pi_2,0.5,0.2,0.0,0.0,0.0,0.0,True,0.95,0.95
cheapest_first,development:403:FR+FJ:soft_masking:0.50:0.20:0:cheapest_first,soft_masking,pi_2,0.5,0.2,0.0,0.0,0.0,0.0,True,0.95,0.95
highest_stage_posterior,development:403:FR+FJ:soft_masking:0.50:0.20:0:highest_stage_posterior,soft_masking,pi_2,0.5,0.2,0.0,0.0,0.0,0.1499999999999999,True,0.8,0.95
greedy_gain,development:403:FR+FJ:soft_masking:0.50:0.20:0:greedy_gain,soft_masking,pi_2,0.5,0.2,0.0,0.0,0.0,0.1499999999999999,True,0.8,0.95
end_to_end,development:403:FR+FJ:soft_masking:0.50:0.20:0:end_to_end,soft_masking,pi_2,0.5,0.2,0.0,0.0,0.0,0.1499999999999999,True,0.8,0.95
oracle,development:403:FR+FJ:soft_masking:0.50:0.20:0:oracle,soft_masking,pi_2,0.5,0.2,0.0,0.0,0.0,0.0,True,0.95,0.95
qrtc,development:403:FR+FJ:soft_masking:0.75:0.00:0:qrtc,soft_masking,pi_2,0.75,0.0,0.0,0.0,0.0,0.19999999999999996,True,0.75,0.95
random,development:403:FR+FJ:soft_masking:0.75:0.00:0:random,soft_masking,pi_2,0.75,0.0,0.0,0.0,0.0,0.1499999999999999,True,0.8,0.95
cheapest_first,development:403:FR+FJ:soft_masking:0.75:0.00:0:cheapest_first,soft_masking,pi_2,0.75,0.0,0.0,0.0,0.0,0.0,True,0.95,0.95
highest_stage_posterior,development:403:FR+FJ:soft_masking:0.75:0.00:0:highest_stage_posterior,soft_masking,pi_2,0.75,0.0,0.0,0.0,0.0,0.1499999999999999,True,0.8,0.95
greedy_gain,development:403:FR+FJ:soft_masking:0.75:0.00:0:greedy_gain,soft_masking,pi_2,0.75,0.0,0.0,0.0,0.0,0.1499999999999999,True,0.8,0.95
end_to_end,development:403:FR+FJ:soft_masking:0.75:0.00:0:end_to_end,soft_masking,pi_2,0.75,0.0,0.0,0.0,0.0,0.1499999999999999,True,0.8,0.95
oracle,development:403:FR+FJ:soft_masking:0.75:0.00:0:oracle,soft_masking,pi_2,0.75,0.0,0.0,0.0,0.0,0.0,True,0.95,0.95
qrtc,development:403:FR+FJ:soft_masking:0.75:0.05:0:qrtc,soft_masking,pi_2,0.75,0.05,0.0,0.0,0.0,0.19999999999999996,True,0.75,0.95
random,development:403:FR+FJ:soft_masking:0.75:0.05:0:random,soft_masking,pi_2,0.75,0.05,0.0,0.0,1.0,1.25,False,-0.3,0.95
cheapest_first,development:403:FR+FJ:soft_masking:0.75:0.05:0:cheapest_first,soft_masking,pi_2,0.75,0.05,0.0,0.0,0.0,0.0,True,0.95,0.95
highest_stage_posterior,development:403:FR+FJ:soft_masking:0.75:0.05:0:highest_stage_posterior,soft_masking,pi_2,0.75,0.05,0.0,0.0,0.0,0.1499999999999999,True,0.8,0.95
greedy_gain,development:403:FR+FJ:soft_masking:0.75:0.05:0:greedy_gain,soft_masking,pi_2,0.75,0.05,0.0,0.0,0.0,0.1499999999999999,True,0.8,0.95
end_to_end,development:403:FR+FJ:soft_masking:0.75:0.05:0:end_to_end,soft_masking,pi_2,0.75,0.05,0.0,0.0,0.0,0.1499999999999999,True,0.8,0.95
oracle,development:403:FR+FJ:soft_masking:0.75:0.05:0:oracle,soft_masking,pi_2,0.75,0.05,0.0,0.0,0.0,0.0,True,0.95,0.95
qrtc,development:403:FR+FJ:soft_masking:0.75:0.10:0:qrtc,soft_masking,pi_2,0.75,0.1,0.0,0.0,0.0,0.19999999999999996,True,0.75,0.95
random,development:403:FR+FJ:soft_masking:0.75:0.10:0:random,soft_masking,pi_2,0.75,0.1,0.0,0.0,1.0,1.25,False,-0.3,0.95
cheapest_first,development:403:FR+FJ:soft_masking:0.75:0.10:0:cheapest_first,soft_masking,pi_2,0.75,0.1,0.0,0.0,0.0,0.0,True,0.95,0.95
highest_stage_posterior,development:403:FR+FJ:soft_masking:0.75:0.10:0:highest_stage_posterior,soft_masking,pi_2,0.75,0.1,0.0,0.0,0.0,0.1499999999999999,True,0.8,0.95
greedy_gain,development:403:FR+FJ:soft_masking:0.75:0.10:0:greedy_gain,soft_masking,pi_2,0.75,0.1,0.0,0.0,0.0,0.1499999999999999,True,0.8,0.95
end_to_end,development:403:FR+FJ:soft_masking:0.75:0.10:0:end_to_end,soft_masking,pi_2,0.75,0.1,0.0,0.0,0.0,0.1499999999999999,True,0.8,0.95
oracle,development:403:FR+FJ:soft_masking:0.75:0.10:0:oracle,soft_masking,pi_2,0.75,0.1,0.0,0.0,0.0,0.0,True,0.95,0.95
qrtc,development:403:FR+FJ:soft_masking:0.75:0.20:0:qrtc,soft_masking,pi_2,0.75,0.2,0.0,0.0,0.0,0.19999999999999996,True,0.75,0.95
random,development:403:FR+FJ:soft_masking:0.75:0.20:0:random,soft_masking,pi_2,0.75,0.2,0.0,0.0,1.0,1.45,False,-0.5,0.95
cheapest_first,development:403:FR+FJ:soft_masking:0.75:0.20:0:cheapest_first,soft_masking,pi_2,0.75,0.2,0.0,0.0,0.0,0.0,True,0.95,0.95
highest_stage_posterior,development:403:FR+FJ:soft_masking:0.75:0.20:0:highest_stage_posterior,soft_masking,pi_2,0.75,0.2,0.0,0.0,0.0,0.1499999999999999,True,0.8,0.95
greedy_gain,development:403:FR+FJ:soft_masking:0.75:0.20:0:greedy_gain,soft_masking,pi_2,0.75,0.2,0.0,0.0,0.0,0.1499999999999999,True,0.8,0.95
end_to_end,development:403:FR+FJ:soft_masking:0.75:0.20:0:end_to_end,soft_masking,pi_2,0.75,0.2,0.0,0.0,0.0,0.1499999999999999,True,0.8,0.95
oracle,development:403:FR+FJ:soft_masking:0.75:0.20:0:oracle,soft_masking,pi_2,0.75,0.2,0.0,0.0,0.0,0.0,True,0.95,0.95
qrtc,development:403:FR+FJ:soft_masking:1.00:0.00:0:qrtc,soft_masking,pi_2,1.0,0.0,0.0,0.0,0.0,0.19999999999999996,True,0.75,0.95
random,development:403:FR+FJ:soft_masking:1.00:0.00:0:random,soft_masking,pi_2,1.0,0.0,0.0,0.0,1.0,1.4,False,-0.45,0.95
cheapest_first,development:403:FR+FJ:soft_masking:1.00:0.00:0:cheapest_first,soft_masking,pi_2,1.0,0.0,0.0,0.0,0.0,0.0,True,0.95,0.95
highest_stage_posterior,development:403:FR+FJ:soft_masking:1.00:0.00:0:highest_stage_posterior,soft_masking,pi_2,1.0,0.0,0.0,0.0,0.0,0.1499999999999999,True,0.8,0.95
greedy_gain,development:403:FR+FJ:soft_masking:1.00:0.00:0:greedy_gain,soft_masking,pi_2,1.0,0.0,0.0,0.0,0.0,0.1499999999999999,True,0.8,0.95
end_to_end,development:403:FR+FJ:soft_masking:1.00:0.00:0:end_to_end,soft_masking,pi_2,1.0,0.0,0.0,0.0,0.0,0.1499999999999999,True,0.8,0.95
oracle,development:403:FR+FJ:soft_masking:1.00:0.00:0:oracle,soft_masking,pi_2,1.0,0.0,0.0,0.0,0.0,0.0,True,0.95,0.95
qrtc,development:403:FR+FJ:soft_masking:1.00:0.05:0:qrtc,soft_masking,pi_2,1.0,0.05,0.0,0.0,0.0,0.19999999999999996,True,0.75,0.95
random,development:403:FR+FJ:soft_masking:1.00:0.05:0:random,soft_masking,pi_2,1.0,0.05,0.0,0.0,1.0,1.2999999999999998,False,-0.35,0.95
cheapest_first,development:403:FR+FJ:soft_masking:1.00:0.05:0:cheapest_first,soft_masking,pi_2,1.0,0.05,0.0,0.0,0.0,0.0,True,0.95,0.95
highest_stage_posterior,development:403:FR+FJ:soft_masking:1.00:0.05:0:highest_stage_posterior,soft_masking,pi_2,1.0,0.05,0.0,0.0,0.0,0.1499999999999999,True,0.8,0.95
greedy_gain,development:403:FR+FJ:soft_masking:1.00:0.05:0:greedy_gain,soft_masking,pi_2,1.0,0.05,0.0,0.0,0.0,0.1499999999999999,True,0.8,0.95
end_to_end,development:403:FR+FJ:soft_masking:1.00:0.05:0:end_to_end,soft_masking,pi_2,1.0,0.05,0.0,0.0,0.0,0.1499999999999999,True,0.8,0.95
oracle,development:403:FR+FJ:soft_masking:1.00:0.05:0:oracle,soft_masking,pi_2,1.0,0.05,0.0,0.0,0.0,0.0,True,0.95,0.95
qrtc,development:403:FR+FJ:soft_masking:1.00:0.10:0:qrtc,soft_masking,pi_2,1.0,0.1,0.0,0.0,0.0,0.19999999999999996,True,0.75,0.95
random,development:403:FR+FJ:soft_masking:1.00:0.10:0:random,soft_masking,pi_2,1.0,0.1,0.0,0.0,1.0,1.4,False,-0.45,0.95
cheapest_first,development:403:FR+FJ:soft_masking:1.00:0.10:0:cheapest_first,soft_masking,pi_2,1.0,0.1,0.0,0.0,0.0,0.0,True,0.95,0.95
highest_stage_posterior,development:403:FR+FJ:soft_masking:1.00:0.10:0:highest_stage_posterior,soft_masking,pi_2,1.0,0.1,0.0,0.0,0.0,0.1499999999999999,True,0.8,0.95
greedy_gain,development:403:FR+FJ:soft_masking:1.00:0.10:0:greedy_gain,soft_masking,pi_2,1.0,0.1,0.0,0.0,0.0,0.1499999999999999,True,0.8,0.95
end_to_end,development:403:FR+FJ:soft_masking:1.00:0.10:0:end_to_end,soft_masking,pi_2,1.0,0.1,0.0,0.0,0.0,0.1499999999999999,True,0.8,0.95
oracle,development:403:FR+FJ:soft_masking:1.00:0.10:0:oracle,soft_masking,pi_2,1.0,0.1,0.0,0.0,0.0,0.0,True,0.95,0.95
qrtc,development:403:FR+FJ:soft_masking:1.00:0.20:0:qrtc,soft_masking,pi_2,1.0,0.2,0.0,0.0,0.0,0.19999999999999996,True,0.75,0.95
random,development:403:FR+FJ:soft_masking:1.00:0.20:0:random,soft_masking,pi_2,1.0,0.2,0.0,0.0,1.0,1.45,False,-0.5,0.95
cheapest_first,development:403:FR+FJ:soft_masking:1.00:0.20:0:cheapest_first,soft_masking,pi_2,1.0,0.2,0.0,0.0,0.0,0.0,True,0.95,0.95
highest_stage_posterior,development:403:FR+FJ:soft_masking:1.00:0.20:0:highest_stage_posterior,soft_masking,pi_2,1.0,0.2,0.0,0.0,0.0,0.1499999999999999,True,0.8,0.95
greedy_gain,development:403:FR+FJ:soft_masking:1.00:0.20:0:greedy_gain,soft_masking,pi_2,1.0,0.2,0.0,0.0,0.0,0.1499999999999999,True,0.8,0.95
end_to_end,development:403:FR+FJ:soft_masking:1.00:0.20:0:end_to_end,soft_masking,pi_2,1.0,0.2,0.0,0.0,0.0,0.1499999999999999,True,0.8,0.95
oracle,development:403:FR+FJ:soft_masking:1.00:0.20:0:oracle,soft_masking,pi_2,1.0,0.2,0.0,0.0,0.0,0.0,True,0.95,0.95
qrtc,development:403:FR+FJ:independent:0.25:0.00:0:qrtc,independent,pi_2,0.25,0.0,0.0,0.0,0.0,0.1499999999999999,True,0.8,0.95
random,development:403:FR+FJ:independent:0.25:0.00:0:random,independent,pi_2,0.25,0.0,0.0,0.0,0.0,0.1499999999999999,True,0.8,0.95
cheapest_first,development:403:FR+FJ:independent:0.25:0.00:0:cheapest_first,independent,pi_2,0.25,0.0,0.0,0.0,0.0,0.0,True,0.95,0.95
highest_stage_posterior,development:403:FR+FJ:independent:0.25:0.00:0:highest_stage_posterior,independent,pi_2,0.25,0.0,0.0,0.0,0.0,0.1499999999999999,True,0.8,0.95
greedy_gain,development:403:FR+FJ:independent:0.25:0.00:0:greedy_gain,independent,pi_2,0.25,0.0,0.0,0.0,0.0,0.1499999999999999,True,0.8,0.95
end_to_end,development:403:FR+FJ:independent:0.25:0.00:0:end_to_end,independent,pi_2,0.25,0.0,0.0,0.0,0.0,0.1499999999999999,True,0.8,0.95
oracle,development:403:FR+FJ:independent:0.25:0.00:0:oracle,independent,pi_2,0.25,0.0,0.0,0.0,0.0,0.0,True,0.95,0.95
qrtc,development:403:FR+FJ:independent:0.25:0.05:0:qrtc,independent,pi_2,0.25,0.05,0.0,0.0,0.0,0.1499999999999999,True,0.8,0.95
random,development:403:FR+FJ:independent:0.25:0.05:0:random,independent,pi_2,0.25,0.05,0.0,0.0,0.0,0.1499999999999999,True,0.8,0.95
cheapest_first,development:403:FR+FJ:independent:0.25:0.05:0:cheapest_first,independent,pi_2,0.25,0.05,0.0,0.0,0.0,0.0,True,0.95,0.95
highest_stage_posterior,development:403:FR+FJ:independent:0.25:0.05:0:highest_stage_posterior,independent,pi_2,0.25,0.05,0.0,0.0,0.0,0.1499999999999999,True,0.8,0.95
greedy_gain,development:403:FR+FJ:independent:0.25:0.05:0:greedy_gain,independent,pi_2,0.25,0.05,0.0,0.0,0.0,0.1499999999999999,True,0.8,0.95
end_to_end,development:403:FR+FJ:independent:0.25:0.05:0:end_to_end,independent,pi_2,0.25,0.05,0.0,0.0,0.0,0.1499999999999999,True,0.8,0.95
oracle,development:403:FR+FJ:independent:0.25:0.05:0:oracle,independent,pi_2,0.25,0.05,0.0,0.0,0.0,0.0,True,0.95,0.95
qrtc,development:403:FR+FJ:independent:0.25:0.10:0:qrtc,independent,pi_2,0.25,0.1,0.0,0.0,0.0,0.1499999999999999,True,0.8,0.95
random,development:403:FR+FJ:independent:0.25:0.10:0:random,independent,pi_2,0.25,0.1,0.0,0.0,1.0,1.25,False,-0.3,0.95
cheapest_first,development:403:FR+FJ:independent:0.25:0.10:0:cheapest_first,independent,pi_2,0.25,0.1,0.0,0.0,0.0,0.0,True,0.95,0.95
highest_stage_posterior,development:403:FR+FJ:independent:0.25:0.10:0:highest_stage_posterior,independent,pi_2,0.25,0.1,0.0,0.0,0.0,0.1499999999999999,True,0.8,0.95
greedy_gain,development:403:FR+FJ:independent:0.25:0.10:0:greedy_gain,independent,pi_2,0.25,0.1,0.0,0.0,0.0,0.1499999999999999,True,0.8,0.95
end_to_end,development:403:FR+FJ:independent:0.25:0.10:0:end_to_end,independent,pi_2,0.25,0.1,0.0,0.0,0.0,0.1499999999999999,True,0.8,0.95
oracle,development:403:FR+FJ:independent:0.25:0.10:0:oracle,independent,pi_2,0.25,0.1,0.0,0.0,0.0,0.0,True,0.95,0.95
qrtc,development:403:FR+FJ:independent:0.25:0.20:0:qrtc,independent,pi_2,0.25,0.2,0.0,0.0,0.0,0.1499999999999999,True,0.8,0.95
random,development:403:FR+FJ:independent:0.25:0.20:0:random,independent,pi_2,0.25,0.2,0.0,0.0,1.0,1.2999999999999998,False,-0.35,0.95
cheapest_first,development:403:FR+FJ:independent:0.25:0.20:0:cheapest_first,independent,pi_2,0.25,0.2,0.0,0.0,0.0,0.0,True,0.95,0.95
highest_stage_posterior,development:403:FR+FJ:independent:0.25:0.20:0:highest_stage_posterior,independent,pi_2,0.25,0.2,0.0,0.0,0.0,0.1499999999999999,True,0.8,0.95
greedy_gain,development:403:FR+FJ:independent:0.25:0.20:0:greedy_gain,independent,pi_2,0.25,0.2,0.0,0.0,0.0,0.1499999999999999,True,0.8,0.95
end_to_end,development:403:FR+FJ:independent:0.25:0.20:0:end_to_end,independent,pi_2,0.25,0.2,0.0,0.0,0.0,0.1499999999999999,True,0.8,0.95
oracle,development:403:FR+FJ:independent:0.25:0.20:0:oracle,independent,pi_2,0.25,0.2,0.0,0.0,0.0,0.0,True,0.95,0.95
qrtc,development:403:FR+FJ:independent:0.50:0.00:0:qrtc,independent,pi_2,0.5,0.0,0.0,0.0,0.0,0.1499999999999999,True,0.8,0.95
random,development:403:FR+FJ:independent:0.50:0.00:0:random,independent,pi_2,0.5,0.0,0.0,0.0,1.0,1.4,False,-0.45,0.95
cheapest_first,development:403:FR+FJ:independent:0.50:0.00:0:cheapest_first,independent,pi_2,0.5,0.0,0.0,0.0,0.0,0.0,True,0.95,0.95
highest_stage_posterior,development:403:FR+FJ:independent:0.50:0.00:0:highest_stage_posterior,independent,pi_2,0.5,0.0,0.0,0.0,0.0,0.1499999999999999,True,0.8,0.95
greedy_gain,development:403:FR+FJ:independent:0.50:0.00:0:greedy_gain,independent,pi_2,0.5,0.0,0.0,0.0,0.0,0.1499999999999999,True,0.8,0.95
end_to_end,development:403:FR+FJ:independent:0.50:0.00:0:end_to_end,independent,pi_2,0.5,0.0,0.0,0.0,0.0,0.1499999999999999,True,0.8,0.95
oracle,development:403:FR+FJ:independent:0.50:0.00:0:oracle,independent,pi_2,0.5,0.0,0.0,0.0,0.0,0.0,True,0.95,0.95
qrtc,development:403:FR+FJ:independent:0.50:0.05:0:qrtc,independent,pi_2,0.5,0.05,0.0,0.0,0.0,0.1499999999999999,True,0.8,0.95
random,development:403:FR+FJ:independent:0.50:0.05:0:random,independent,pi_2,0.5,0.05,0.0,0.0,1.0,1.4,False,-0.45,0.95
cheapest_first,development:403:FR+FJ:independent:0.50:0.05:0:cheapest_first,independent,pi_2,0.5,0.05,0.0,0.0,0.0,0.0,True,0.95,0.95
highest_stage_posterior,development:403:FR+FJ:independent:0.50:0.05:0:highest_stage_posterior,independent,pi_2,0.5,0.05,0.0,0.0,0.0,0.1499999999999999,True,0.8,0.95
greedy_gain,development:403:FR+FJ:independent:0.50:0.05:0:greedy_gain,independent,pi_2,0.5,0.05,0.0,0.0,0.0,0.1499999999999999,True,0.8,0.95
end_to_end,development:403:FR+FJ:independent:0.50:0.05:0:end_to_end,independent,pi_2,0.5,0.05,0.0,0.0,0.0,0.1499999999999999,True,0.8,0.95
oracle,development:403:FR+FJ:independent:0.50:0.05:0:oracle,independent,pi_2,0.5,0.05,0.0,0.0,0.0,0.0,True,0.95,0.95
qrtc,development:403:FR+FJ:independent:0.50:0.10:0:qrtc,independent,pi_2,0.5,0.1,0.0,0.0,0.0,0.1499999999999999,True,0.8,0.95
random,development:403:FR+FJ:independent:0.50:0.10:0:random,independent,pi_2,0.5,0.1,0.0,0.0,1.0,1.2999999999999998,False,-0.35,0.95
cheapest_first,development:403:FR+FJ:independent:0.50:0.10:0:cheapest_first,independent,pi_2,0.5,0.1,0.0,0.0,0.0,0.0,True,0.95,0.95
highest_stage_posterior,development:403:FR+FJ:independent:0.50:0.10:0:highest_stage_posterior,independent,pi_2,0.5,0.1,0.0,0.0,0.0,0.1499999999999999,True,0.8,0.95
greedy_gain,development:403:FR+FJ:independent:0.50:0.10:0:greedy_gain,independent,pi_2,0.5,0.1,0.0,0.0,0.0,0.1499999999999999,True,0.8,0.95
end_to_end,development:403:FR+FJ:independent:0.50:0.10:0:end_to_end,independent,pi_2,0.5,0.1,0.0,0.0,0.0,0.1499999999999999,True,0.8,0.95
oracle,development:403:FR+FJ:independent:0.50:0.10:0:oracle,independent,pi_2,0.5,0.1,0.0,0.0,0.0,0.0,True,0.95,0.95
qrtc,development:403:FR+FJ:independent:0.50:0.20:0:qrtc,independent,pi_2,0.5,0.2,0.0,0.0,0.0,0.1499999999999999,True,0.8,0.95
random,development:403:FR+FJ:independent:0.50:0.20:0:random,independent,pi_2,0.5,0.2,0.0,0.0,0.0,0.0,True,0.95,0.95
cheapest_first,development:403:FR+FJ:independent:0.50:0.20:0:cheapest_first,independent,pi_2,0.5,0.2,0.0,0.0,0.0,0.0,True,0.95,0.95
highest_stage_posterior,development:403:FR+FJ:independent:0.50:0.20:0:highest_stage_posterior,independent,pi_2,0.5,0.2,0.0,0.0,0.0,0.1499999999999999,True,0.8,0.95
greedy_gain,development:403:FR+FJ:independent:0.50:0.20:0:greedy_gain,independent,pi_2,0.5,0.2,0.0,0.0,0.0,0.1499999999999999,True,0.8,0.95
end_to_end,development:403:FR+FJ:independent:0.50:0.20:0:end_to_end,independent,pi_2,0.5,0.2,0.0,0.0,0.0,0.1499999999999999,True,0.8,0.95
oracle,development:403:FR+FJ:independent:0.50:0.20:0:oracle,independent,pi_2,0.5,0.2,0.0,0.0,0.0,0.0,True,0.95,0.95
qrtc,development:403:FR+FJ:independent:0.75:0.00:0:qrtc,independent,pi_2,0.75,0.0,0.0,0.0,0.0,0.1499999999999999,True,0.8,0.95
random,development:403:FR+FJ:independent:0.75:0.00:0:random,independent,pi_2,0.75,0.0,0.0,0.0,0.0,0.1499999999999999,True,0.8,0.95
cheapest_first,development:403:FR+FJ:independent:0.75:0.00:0:cheapest_first,independent,pi_2,0.75,0.0,0.0,0.0,0.0,0.0,True,0.95,0.95
highest_stage_posterior,development:403:FR+FJ:independent:0.75:0.00:0:highest_stage_posterior,independent,pi_2,0.75,0.0,0.0,0.0,0.0,0.1499999999999999,True,0.8,0.95
greedy_gain,development:403:FR+FJ:independent:0.75:0.00:0:greedy_gain,independent,pi_2,0.75,0.0,0.0,0.0,0.0,0.1499999999999999,True,0.8,0.95
end_to_end,development:403:FR+FJ:independent:0.75:0.00:0:end_to_end,independent,pi_2,0.75,0.0,0.0,0.0,0.0,0.1499999999999999,True,0.8,0.95
oracle,development:403:FR+FJ:independent:0.75:0.00:0:oracle,independent,pi_2,0.75,0.0,0.0,0.0,0.0,0.0,True,0.95,0.95
qrtc,development:403:FR+FJ:independent:0.75:0.05:0:qrtc,independent,pi_2,0.75,0.05,0.0,0.0,0.0,0.1499999999999999,True,0.8,0.95
random,development:403:FR+FJ:independent:0.75:0.05:0:random,independent,pi_2,0.75,0.05,0.0,0.0,1.0,1.25,False,-0.3,0.95
cheapest_first,development:403:FR+FJ:independent:0.75:0.05:0:cheapest_first,independent,pi_2,0.75,0.05,0.0,0.0,0.0,0.0,True,0.95,0.95
highest_stage_posterior,development:403:FR+FJ:independent:0.75:0.05:0:highest_stage_posterior,independent,pi_2,0.75,0.05,0.0,0.0,0.0,0.1499999999999999,True,0.8,0.95
greedy_gain,development:403:FR+FJ:independent:0.75:0.05:0:greedy_gain,independent,pi_2,0.75,0.05,0.0,0.0,0.0,0.1499999999999999,True,0.8,0.95
end_to_end,development:403:FR+FJ:independent:0.75:0.05:0:end_to_end,independent,pi_2,0.75,0.05,0.0,0.0,0.0,0.1499999999999999,True,0.8,0.95
oracle,development:403:FR+FJ:independent:0.75:0.05:0:oracle,independent,pi_2,0.75,0.05,0.0,0.0,0.0,0.0,True,0.95,0.95
qrtc,development:403:FR+FJ:independent:0.75:0.10:0:qrtc,independent,pi_2,0.75,0.1,0.0,0.0,0.0,0.1499999999999999,True,0.8,0.95
random,development:403:FR+FJ:independent:0.75:0.10:0:random,independent,pi_2,0.75,0.1,0.0,0.0,1.0,1.25,False,-0.3,0.95
cheapest_first,development:403:FR+FJ:independent:0.75:0.10:0:cheapest_first,independent,pi_2,0.75,0.1,0.0,0.0,0.0,0.0,True,0.95,0.95
highest_stage_posterior,development:403:FR+FJ:independent:0.75:0.10:0:highest_stage_posterior,independent,pi_2,0.75,0.1,0.0,0.0,0.0,0.1499999999999999,True,0.8,0.95
greedy_gain,development:403:FR+FJ:independent:0.75:0.10:0:greedy_gain,independent,pi_2,0.75,0.1,0.0,0.0,0.0,0.1499999999999999,True,0.8,0.95
end_to_end,development:403:FR+FJ:independent:0.75:0.10:0:end_to_end,independent,pi_2,0.75,0.1,0.0,0.0,0.0,0.1499999999999999,True,0.8,0.95
oracle,development:403:FR+FJ:independent:0.75:0.10:0:oracle,independent,pi_2,0.75,0.1,0.0,0.0,0.0,0.0,True,0.95,0.95
qrtc,development:403:FR+FJ:independent:0.75:0.20:0:qrtc,independent,pi_2,0.75,0.2,0.0,0.0,0.0,0.1499999999999999,True,0.8,0.95
random,development:403:FR+FJ:independent:0.75:0.20:0:random,independent,pi_2,0.75,0.2,0.0,0.0,1.0,1.45,False,-0.5,0.95
cheapest_first,development:403:FR+FJ:independent:0.75:0.20:0:cheapest_first,independent,pi_2,0.75,0.2,0.0,0.0,0.0,0.0,True,0.95,0.95
highest_stage_posterior,development:403:FR+FJ:independent:0.75:0.20:0:highest_stage_posterior,independent,pi_2,0.75,0.2,0.0,0.0,0.0,0.1499999999999999,True,0.8,0.95
greedy_gain,development:403:FR+FJ:independent:0.75:0.20:0:greedy_gain,independent,pi_2,0.75,0.2,0.0,0.0,0.0,0.1499999999999999,True,0.8,0.95
end_to_end,development:403:FR+FJ:independent:0.75:0.20:0:end_to_end,independent,pi_2,0.75,0.2,0.0,0.0,0.0,0.1499999999999999,True,0.8,0.95
oracle,development:403:FR+FJ:independent:0.75:0.20:0:oracle,independent,pi_2,0.75,0.2,0.0,0.0,0.0,0.0,True,0.95,0.95
qrtc,development:403:FR+FJ:independent:1.00:0.00:0:qrtc,independent,pi_2,1.0,0.0,0.0,0.0,0.0,0.1499999999999999,True,0.8,0.95
random,development:403:FR+FJ:independent:1.00:0.00:0:random,independent,pi_2,1.0,0.0,0.0,0.0,1.0,1.4,False,-0.45,0.95
cheapest_first,development:403:FR+FJ:independent:1.00:0.00:0:cheapest_first,independent,pi_2,1.0,0.0,0.0,0.0,0.0,0.0,True,0.95,0.95
highest_stage_posterior,development:403:FR+FJ:independent:1.00:0.00:0:highest_stage_posterior,independent,pi_2,1.0,0.0,0.0,0.0,0.0,0.1499999999999999,True,0.8,0.95
greedy_gain,development:403:FR+FJ:independent:1.00:0.00:0:greedy_gain,independent,pi_2,1.0,0.0,0.0,0.0,0.0,0.1499999999999999,True,0.8,0.95
end_to_end,development:403:FR+FJ:independent:1.00:0.00:0:end_to_end,independent,pi_2,1.0,0.0,0.0,0.0,0.0,0.1499999999999999,True,0.8,0.95
oracle,development:403:FR+FJ:independent:1.00:0.00:0:oracle,independent,pi_2,1.0,0.0,0.0,0.0,0.0,0.0,True,0.95,0.95
qrtc,development:403:FR+FJ:independent:1.00:0.05:0:qrtc,independent,pi_2,1.0,0.05,0.0,0.0,0.0,0.1499999999999999,True,0.8,0.95
random,development:403:FR+FJ:independent:1.00:0.05:0:random,independent,pi_2,1.0,0.05,0.0,0.0,1.0,1.2999999999999998,False,-0.35,0.95
cheapest_first,development:403:FR+FJ:independent:1.00:0.05:0:cheapest_first,independent,pi_2,1.0,0.05,0.0,0.0,0.0,0.0,True,0.95,0.95
highest_stage_posterior,development:403:FR+FJ:independent:1.00:0.05:0:highest_stage_posterior,independent,pi_2,1.0,0.05,0.0,0.0,0.0,0.1499999999999999,True,0.8,0.95
greedy_gain,development:403:FR+FJ:independent:1.00:0.05:0:greedy_gain,independent,pi_2,1.0,0.05,0.0,0.0,0.0,0.1499999999999999,True,0.8,0.95
end_to_end,development:403:FR+FJ:independent:1.00:0.05:0:end_to_end,independent,pi_2,1.0,0.05,0.0,0.0,0.0,0.1499999999999999,True,0.8,0.95
oracle,development:403:FR+FJ:independent:1.00:0.05:0:oracle,independent,pi_2,1.0,0.05,0.0,0.0,0.0,0.0,True,0.95,0.95
qrtc,development:403:FR+FJ:independent:1.00:0.10:0:qrtc,independent,pi_2,1.0,0.1,0.0,0.0,0.0,0.1499999999999999,True,0.8,0.95
random,development:403:FR+FJ:independent:1.00:0.10:0:random,independent,pi_2,1.0,0.1,0.0,0.0,1.0,1.4,False,-0.45,0.95
cheapest_first,development:403:FR+FJ:independent:1.00:0.10:0:cheapest_first,independent,pi_2,1.0,0.1,0.0,0.0,0.0,0.0,True,0.95,0.95
highest_stage_posterior,development:403:FR+FJ:independent:1.00:0.10:0:highest_stage_posterior,independent,pi_2,1.0,0.1,0.0,0.0,0.0,0.1499999999999999,True,0.8,0.95
greedy_gain,development:403:FR+FJ:independent:1.00:0.10:0:greedy_gain,independent,pi_2,1.0,0.1,0.0,0.0,0.0,0.1499999999999999,True,0.8,0.95
end_to_end,development:403:FR+FJ:independent:1.00:0.10:0:end_to_end,independent,pi_2,1.0,0.1,0.0,0.0,0.0,0.1499999999999999,True,0.8,0.95
oracle,development:403:FR+FJ:independent:1.00:0.10:0:oracle,independent,pi_2,1.0,0.1,0.0,0.0,0.0,0.0,True,0.95,0.95
qrtc,development:403:FR+FJ:independent:1.00:0.20:0:qrtc,independent,pi_2,1.0,0.2,0.0,0.0,0.0,0.1499999999999999,True,0.8,0.95
random,development:403:FR+FJ:independent:1.00:0.20:0:random,independent,pi_2,1.0,0.2,0.0,0.0,1.0,1.45,False,-0.5,0.95
cheapest_first,development:403:FR+FJ:independent:1.00:0.20:0:cheapest_first,independent,pi_2,1.0,0.2,0.0,0.0,0.0,0.0,True,0.95,0.95
highest_stage_posterior,development:403:FR+FJ:independent:1.00:0.20:0:highest_stage_posterior,independent,pi_2,1.0,0.2,0.0,0.0,0.0,0.1499999999999999,True,0.8,0.95
greedy_gain,development:403:FR+FJ:independent:1.00:0.20:0:greedy_gain,independent,pi_2,1.0,0.2,0.0,0.0,0.0,0.1499999999999999,True,0.8,0.95
end_to_end,development:403:FR+FJ:independent:1.00:0.20:0:end_to_end,independent,pi_2,1.0,0.2,0.0,0.0,0.0,0.1499999999999999,True,0.8,0.95
oracle,development:403:FR+FJ:independent:1.00:0.20:0:oracle,independent,pi_2,1.0,0.2,0.0,0.0,0.0,0.0,True,0.95,0.95
qrtc,development:403:FR+FJ:synergistic:0.25:0.00:0:qrtc,synergistic,pi_2,0.25,0.0,0.0,0.0,0.0,0.1499999999999999,True,0.8,0.95
random,development:403:FR+FJ:synergistic:0.25:0.00:0:random,synergistic,pi_2,0.25,0.0,0.0,0.0,0.0,0.1499999999999999,True,0.8,0.95
cheapest_first,development:403:FR+FJ:synergistic:0.25:0.00:0:cheapest_first,synergistic,pi_2,0.25,0.0,0.0,0.0,0.0,0.0,True,0.95,0.95
highest_stage_posterior,development:403:FR+FJ:synergistic:0.25:0.00:0:highest_stage_posterior,synergistic,pi_2,0.25,0.0,0.0,0.0,0.0,0.1499999999999999,True,0.8,0.95
greedy_gain,development:403:FR+FJ:synergistic:0.25:0.00:0:greedy_gain,synergistic,pi_2,0.25,0.0,0.0,0.0,0.0,0.1499999999999999,True,0.8,0.95
end_to_end,development:403:FR+FJ:synergistic:0.25:0.00:0:end_to_end,synergistic,pi_2,0.25,0.0,0.0,0.0,0.0,0.1499999999999999,True,0.8,0.95
oracle,development:403:FR+FJ:synergistic:0.25:0.00:0:oracle,synergistic,pi_2,0.25,0.0,0.0,0.0,0.0,0.0,True,0.95,0.95
qrtc,development:403:FR+FJ:synergistic:0.25:0.05:0:qrtc,synergistic,pi_2,0.25,0.05,0.0,0.0,0.0,0.1499999999999999,True,0.8,0.95
random,development:403:FR+FJ:synergistic:0.25:0.05:0:random,synergistic,pi_2,0.25,0.05,0.0,0.0,0.0,0.1499999999999999,True,0.8,0.95
cheapest_first,development:403:FR+FJ:synergistic:0.25:0.05:0:cheapest_first,synergistic,pi_2,0.25,0.05,0.0,0.0,0.0,0.0,True,0.95,0.95
highest_stage_posterior,development:403:FR+FJ:synergistic:0.25:0.05:0:highest_stage_posterior,synergistic,pi_2,0.25,0.05,0.0,0.0,0.0,0.1499999999999999,True,0.8,0.95
greedy_gain,development:403:FR+FJ:synergistic:0.25:0.05:0:greedy_gain,synergistic,pi_2,0.25,0.05,0.0,0.0,0.0,0.1499999999999999,True,0.8,0.95
end_to_end,development:403:FR+FJ:synergistic:0.25:0.05:0:end_to_end,synergistic,pi_2,0.25,0.05,0.0,0.0,0.0,0.1499999999999999,True,0.8,0.95
oracle,development:403:FR+FJ:synergistic:0.25:0.05:0:oracle,synergistic,pi_2,0.25,0.05,0.0,0.0,0.0,0.0,True,0.95,0.95
qrtc,development:403:FR+FJ:synergistic:0.25:0.10:0:qrtc,synergistic,pi_2,0.25,0.1,0.0,0.0,0.0,0.1499999999999999,True,0.8,0.95
random,development:403:FR+FJ:synergistic:0.25:0.10:0:random,synergistic,pi_2,0.25,0.1,0.0,0.0,1.0,1.25,False,-0.3,0.95
cheapest_first,development:403:FR+FJ:synergistic:0.25:0.10:0:cheapest_first,synergistic,pi_2,0.25,0.1,0.0,0.0,0.0,0.0,True,0.95,0.95
highest_stage_posterior,development:403:FR+FJ:synergistic:0.25:0.10:0:highest_stage_posterior,synergistic,pi_2,0.25,0.1,0.0,0.0,0.0,0.1499999999999999,True,0.8,0.95
greedy_gain,development:403:FR+FJ:synergistic:0.25:0.10:0:greedy_gain,synergistic,pi_2,0.25,0.1,0.0,0.0,0.0,0.1499999999999999,True,0.8,0.95
end_to_end,development:403:FR+FJ:synergistic:0.25:0.10:0:end_to_end,synergistic,pi_2,0.25,0.1,0.0,0.0,0.0,0.1499999999999999,True,0.8,0.95
oracle,development:403:FR+FJ:synergistic:0.25:0.10:0:oracle,synergistic,pi_2,0.25,0.1,0.0,0.0,0.0,0.0,True,0.95,0.95
qrtc,development:403:FR+FJ:synergistic:0.25:0.20:0:qrtc,synergistic,pi_2,0.25,0.2,0.0,0.0,0.0,0.1499999999999999,True,0.8,0.95
random,development:403:FR+FJ:synergistic:0.25:0.20:0:random,synergistic,pi_2,0.25,0.2,0.0,0.0,1.0,1.2999999999999998,False,-0.35,0.95
cheapest_first,development:403:FR+FJ:synergistic:0.25:0.20:0:cheapest_first,synergistic,pi_2,0.25,0.2,0.0,0.0,0.0,0.0,True,0.95,0.95
highest_stage_posterior,development:403:FR+FJ:synergistic:0.25:0.20:0:highest_stage_posterior,synergistic,pi_2,0.25,0.2,0.0,0.0,0.0,0.1499999999999999,True,0.8,0.95
greedy_gain,development:403:FR+FJ:synergistic:0.25:0.20:0:greedy_gain,synergistic,pi_2,0.25,0.2,0.0,0.0,0.0,0.1499999999999999,True,0.8,0.95
end_to_end,development:403:FR+FJ:synergistic:0.25:0.20:0:end_to_end,synergistic,pi_2,0.25,0.2,0.0,0.0,0.0,0.1499999999999999,True,0.8,0.95
oracle,development:403:FR+FJ:synergistic:0.25:0.20:0:oracle,synergistic,pi_2,0.25,0.2,0.0,0.0,0.0,0.0,True,0.95,0.95
qrtc,development:403:FR+FJ:synergistic:0.50:0.00:0:qrtc,synergistic,pi_2,0.5,0.0,0.0,0.0,0.0,0.1499999999999999,True,0.8,0.95
random,development:403:FR+FJ:synergistic:0.50:0.00:0:random,synergistic,pi_2,0.5,0.0,0.0,0.0,1.0,1.4,False,-0.45,0.95
cheapest_first,development:403:FR+FJ:synergistic:0.50:0.00:0:cheapest_first,synergistic,pi_2,0.5,0.0,0.0,0.0,0.0,0.0,True,0.95,0.95
highest_stage_posterior,development:403:FR+FJ:synergistic:0.50:0.00:0:highest_stage_posterior,synergistic,pi_2,0.5,0.0,0.0,0.0,0.0,0.1499999999999999,True,0.8,0.95
greedy_gain,development:403:FR+FJ:synergistic:0.50:0.00:0:greedy_gain,synergistic,pi_2,0.5,0.0,0.0,0.0,0.0,0.1499999999999999,True,0.8,0.95
end_to_end,development:403:FR+FJ:synergistic:0.50:0.00:0:end_to_end,synergistic,pi_2,0.5,0.0,0.0,0.0,0.0,0.1499999999999999,True,0.8,0.95
oracle,development:403:FR+FJ:synergistic:0.50:0.00:0:oracle,synergistic,pi_2,0.5,0.0,0.0,0.0,0.0,0.0,True,0.95,0.95
qrtc,development:403:FR+FJ:synergistic:0.50:0.05:0:qrtc,synergistic,pi_2,0.5,0.05,0.0,0.0,0.0,0.1499999999999999,True,0.8,0.95
random,development:403:FR+FJ:synergistic:0.50:0.05:0:random,synergistic,pi_2,0.5,0.05,0.0,0.0,1.0,1.4,False,-0.45,0.95
cheapest_first,development:403:FR+FJ:synergistic:0.50:0.05:0:cheapest_first,synergistic,pi_2,0.5,0.05,0.0,0.0,0.0,0.0,True,0.95,0.95
highest_stage_posterior,development:403:FR+FJ:synergistic:0.50:0.05:0:highest_stage_posterior,synergistic,pi_2,0.5,0.05,0.0,0.0,0.0,0.1499999999999999,True,0.8,0.95
greedy_gain,development:403:FR+FJ:synergistic:0.50:0.05:0:greedy_gain,synergistic,pi_2,0.5,0.05,0.0,0.0,0.0,0.1499999999999999,True,0.8,0.95
end_to_end,development:403:FR+FJ:synergistic:0.50:0.05:0:end_to_end,synergistic,pi_2,0.5,0.05,0.0,0.0,0.0,0.1499999999999999,True,0.8,0.95
oracle,development:403:FR+FJ:synergistic:0.50:0.05:0:oracle,synergistic,pi_2,0.5,0.05,0.0,0.0,0.0,0.0,True,0.95,0.95
qrtc,development:403:FR+FJ:synergistic:0.50:0.10:0:qrtc,synergistic,pi_2,0.5,0.1,0.0,0.0,0.0,0.1499999999999999,True,0.8,0.95
random,development:403:FR+FJ:synergistic:0.50:0.10:0:random,synergistic,pi_2,0.5,0.1,0.0,0.0,1.0,1.2999999999999998,False,-0.35,0.95
cheapest_first,development:403:FR+FJ:synergistic:0.50:0.10:0:cheapest_first,synergistic,pi_2,0.5,0.1,0.0,0.0,0.0,0.0,True,0.95,0.95
highest_stage_posterior,development:403:FR+FJ:synergistic:0.50:0.10:0:highest_stage_posterior,synergistic,pi_2,0.5,0.1,0.0,0.0,0.0,0.1499999999999999,True,0.8,0.95
greedy_gain,development:403:FR+FJ:synergistic:0.50:0.10:0:greedy_gain,synergistic,pi_2,0.5,0.1,0.0,0.0,0.0,0.1499999999999999,True,0.8,0.95
end_to_end,development:403:FR+FJ:synergistic:0.50:0.10:0:end_to_end,synergistic,pi_2,0.5,0.1,0.0,0.0,0.0,0.1499999999999999,True,0.8,0.95
oracle,development:403:FR+FJ:synergistic:0.50:0.10:0:oracle,synergistic,pi_2,0.5,0.1,0.0,0.0,0.0,0.0,True,0.95,0.95
qrtc,development:403:FR+FJ:synergistic:0.50:0.20:0:qrtc,synergistic,pi_2,0.5,0.2,0.0,0.0,0.0,0.1499999999999999,True,0.8,0.95
random,development:403:FR+FJ:synergistic:0.50:0.20:0:random,synergistic,pi_2,0.5,0.2,0.0,0.0,0.0,0.0,True,0.95,0.95
cheapest_first,development:403:FR+FJ:synergistic:0.50:0.20:0:cheapest_first,synergistic,pi_2,0.5,0.2,0.0,0.0,0.0,0.0,True,0.95,0.95
highest_stage_posterior,development:403:FR+FJ:synergistic:0.50:0.20:0:highest_stage_posterior,synergistic,pi_2,0.5,0.2,0.0,0.0,0.0,0.1499999999999999,True,0.8,0.95
greedy_gain,development:403:FR+FJ:synergistic:0.50:0.20:0:greedy_gain,synergistic,pi_2,0.5,0.2,0.0,0.0,0.0,0.1499999999999999,True,0.8,0.95
end_to_end,development:403:FR+FJ:synergistic:0.50:0.20:0:end_to_end,synergistic,pi_2,0.5,0.2,0.0,0.0,0.0,0.1499999999999999,True,0.8,0.95
oracle,development:403:FR+FJ:synergistic:0.50:0.20:0:oracle,synergistic,pi_2,0.5,0.2,0.0,0.0,0.0,0.0,True,0.95,0.95
qrtc,development:403:FR+FJ:synergistic:0.75:0.00:0:qrtc,synergistic,pi_2,0.75,0.0,0.0,0.0,0.0,0.1499999999999999,True,0.8,0.95
random,development:403:FR+FJ:synergistic:0.75:0.00:0:random,synergistic,pi_2,0.75,0.0,0.0,0.0,0.0,0.1499999999999999,True,0.8,0.95
cheapest_first,development:403:FR+FJ:synergistic:0.75:0.00:0:cheapest_first,synergistic,pi_2,0.75,0.0,0.0,0.0,0.0,0.0,True,0.95,0.95
highest_stage_posterior,development:403:FR+FJ:synergistic:0.75:0.00:0:highest_stage_posterior,synergistic,pi_2,0.75,0.0,0.0,0.0,0.0,0.1499999999999999,True,0.8,0.95
greedy_gain,development:403:FR+FJ:synergistic:0.75:0.00:0:greedy_gain,synergistic,pi_2,0.75,0.0,0.0,0.0,0.0,0.1499999999999999,True,0.8,0.95
end_to_end,development:403:FR+FJ:synergistic:0.75:0.00:0:end_to_end,synergistic,pi_2,0.75,0.0,0.0,0.0,0.0,0.1499999999999999,True,0.8,0.95
oracle,development:403:FR+FJ:synergistic:0.75:0.00:0:oracle,synergistic,pi_2,0.75,0.0,0.0,0.0,0.0,0.0,True,0.95,0.95
qrtc,development:403:FR+FJ:synergistic:0.75:0.05:0:qrtc,synergistic,pi_2,0.75,0.05,0.0,0.0,0.0,0.1499999999999999,True,0.8,0.95
random,development:403:FR+FJ:synergistic:0.75:0.05:0:random,synergistic,pi_2,0.75,0.05,0.0,0.0,1.0,1.25,False,-0.3,0.95
cheapest_first,development:403:FR+FJ:synergistic:0.75:0.05:0:cheapest_first,synergistic,pi_2,0.75,0.05,0.0,0.0,0.0,0.0,True,0.95,0.95
highest_stage_posterior,development:403:FR+FJ:synergistic:0.75:0.05:0:highest_stage_posterior,synergistic,pi_2,0.75,0.05,0.0,0.0,0.0,0.1499999999999999,True,0.8,0.95
greedy_gain,development:403:FR+FJ:synergistic:0.75:0.05:0:greedy_gain,synergistic,pi_2,0.75,0.05,0.0,0.0,0.0,0.1499999999999999,True,0.8,0.95
end_to_end,development:403:FR+FJ:synergistic:0.75:0.05:0:end_to_end,synergistic,pi_2,0.75,0.05,0.0,0.0,0.0,0.1499999999999999,True,0.8,0.95
oracle,development:403:FR+FJ:synergistic:0.75:0.05:0:oracle,synergistic,pi_2,0.75,0.05,0.0,0.0,0.0,0.0,True,0.95,0.95
qrtc,development:403:FR+FJ:synergistic:0.75:0.10:0:qrtc,synergistic,pi_2,0.75,0.1,0.0,0.0,0.0,0.1499999999999999,True,0.8,0.95
random,development:403:FR+FJ:synergistic:0.75:0.10:0:random,synergistic,pi_2,0.75,0.1,0.0,0.0,1.0,1.25,False,-0.3,0.95
cheapest_first,development:403:FR+FJ:synergistic:0.75:0.10:0:cheapest_first,synergistic,pi_2,0.75,0.1,0.0,0.0,0.0,0.0,True,0.95,0.95
highest_stage_posterior,development:403:FR+FJ:synergistic:0.75:0.10:0:highest_stage_posterior,synergistic,pi_2,0.75,0.1,0.0,0.0,0.0,0.1499999999999999,True,0.8,0.95
greedy_gain,development:403:FR+FJ:synergistic:0.75:0.10:0:greedy_gain,synergistic,pi_2,0.75,0.1,0.0,0.0,0.0,0.1499999999999999,True,0.8,0.95
end_to_end,development:403:FR+FJ:synergistic:0.75:0.10:0:end_to_end,synergistic,pi_2,0.75,0.1,0.0,0.0,0.0,0.1499999999999999,True,0.8,0.95
oracle,development:403:FR+FJ:synergistic:0.75:0.10:0:oracle,synergistic,pi_2,0.75,0.1,0.0,0.0,0.0,0.0,True,0.95,0.95
qrtc,development:403:FR+FJ:synergistic:0.75:0.20:0:qrtc,synergistic,pi_2,0.75,0.2,0.0,0.0,0.0,0.1499999999999999,True,0.8,0.95
random,development:403:FR+FJ:synergistic:0.75:0.20:0:random,synergistic,pi_2,0.75,0.2,0.0,0.0,1.0,1.45,False,-0.5,0.95
cheapest_first,development:403:FR+FJ:synergistic:0.75:0.20:0:cheapest_first,synergistic,pi_2,0.75,0.2,0.0,0.0,0.0,0.0,True,0.95,0.95
highest_stage_posterior,development:403:FR+FJ:synergistic:0.75:0.20:0:highest_stage_posterior,synergistic,pi_2,0.75,0.2,0.0,0.0,0.0,0.1499999999999999,True,0.8,0.95
greedy_gain,development:403:FR+FJ:synergistic:0.75:0.20:0:greedy_gain,synergistic,pi_2,0.75,0.2,0.0,0.0,0.0,0.1499999999999999,True,0.8,0.95
end_to_end,development:403:FR+FJ:synergistic:0.75:0.20:0:end_to_end,synergistic,pi_2,0.75,0.2,0.0,0.0,0.0,0.1499999999999999,True,0.8,0.95
oracle,development:403:FR+FJ:synergistic:0.75:0.20:0:oracle,synergistic,pi_2,0.75,0.2,0.0,0.0,0.0,0.0,True,0.95,0.95
qrtc,development:403:FR+FJ:synergistic:1.00:0.00:0:qrtc,synergistic,pi_2,1.0,0.0,0.0,0.0,0.0,0.1499999999999999,True,0.8,0.95
random,development:403:FR+FJ:synergistic:1.00:0.00:0:random,synergistic,pi_2,1.0,0.0,0.0,0.0,1.0,1.4,False,-0.45,0.95
cheapest_first,development:403:FR+FJ:synergistic:1.00:0.00:0:cheapest_first,synergistic,pi_2,1.0,0.0,0.0,0.0,0.0,0.0,True,0.95,0.95
highest_stage_posterior,development:403:FR+FJ:synergistic:1.00:0.00:0:highest_stage_posterior,synergistic,pi_2,1.0,0.0,0.0,0.0,0.0,0.1499999999999999,True,0.8,0.95
greedy_gain,development:403:FR+FJ:synergistic:1.00:0.00:0:greedy_gain,synergistic,pi_2,1.0,0.0,0.0,0.0,0.0,0.1499999999999999,True,0.8,0.95
end_to_end,development:403:FR+FJ:synergistic:1.00:0.00:0:end_to_end,synergistic,pi_2,1.0,0.0,0.0,0.0,0.0,0.1499999999999999,True,0.8,0.95
oracle,development:403:FR+FJ:synergistic:1.00:0.00:0:oracle,synergistic,pi_2,1.0,0.0,0.0,0.0,0.0,0.0,True,0.95,0.95
qrtc,development:403:FR+FJ:synergistic:1.00:0.05:0:qrtc,synergistic,pi_2,1.0,0.05,0.0,0.0,0.0,0.1499999999999999,True,0.8,0.95
random,development:403:FR+FJ:synergistic:1.00:0.05:0:random,synergistic,pi_2,1.0,0.05,0.0,0.0,1.0,1.2999999999999998,False,-0.35,0.95
cheapest_first,development:403:FR+FJ:synergistic:1.00:0.05:0:cheapest_first,synergistic,pi_2,1.0,0.05,0.0,0.0,0.0,0.0,True,0.95,0.95
highest_stage_posterior,development:403:FR+FJ:synergistic:1.00:0.05:0:highest_stage_posterior,synergistic,pi_2,1.0,0.05,0.0,0.0,0.0,0.1499999999999999,True,0.8,0.95
greedy_gain,development:403:FR+FJ:synergistic:1.00:0.05:0:greedy_gain,synergistic,pi_2,1.0,0.05,0.0,0.0,0.0,0.1499999999999999,True,0.8,0.95
end_to_end,development:403:FR+FJ:synergistic:1.00:0.05:0:end_to_end,synergistic,pi_2,1.0,0.05,0.0,0.0,0.0,0.1499999999999999,True,0.8,0.95
oracle,development:403:FR+FJ:synergistic:1.00:0.05:0:oracle,synergistic,pi_2,1.0,0.05,0.0,0.0,0.0,0.0,True,0.95,0.95
qrtc,development:403:FR+FJ:synergistic:1.00:0.10:0:qrtc,synergistic,pi_2,1.0,0.1,0.0,0.0,0.0,0.1499999999999999,True,0.8,0.95
random,development:403:FR+FJ:synergistic:1.00:0.10:0:random,synergistic,pi_2,1.0,0.1,0.0,0.0,1.0,1.4,False,-0.45,0.95
cheapest_first,development:403:FR+FJ:synergistic:1.00:0.10:0:cheapest_first,synergistic,pi_2,1.0,0.1,0.0,0.0,0.0,0.0,True,0.95,0.95
highest_stage_posterior,development:403:FR+FJ:synergistic:1.00:0.10:0:highest_stage_posterior,synergistic,pi_2,1.0,0.1,0.0,0.0,0.0,0.1499999999999999,True,0.8,0.95
greedy_gain,development:403:FR+FJ:synergistic:1.00:0.10:0:greedy_gain,synergistic,pi_2,1.0,0.1,0.0,0.0,0.0,0.1499999999999999,True,0.8,0.95
end_to_end,development:403:FR+FJ:synergistic:1.00:0.10:0:end_to_end,synergistic,pi_2,1.0,0.1,0.0,0.0,0.0,0.1499999999999999,True,0.8,0.95
oracle,development:403:FR+FJ:synergistic:1.00:0.10:0:oracle,synergistic,pi_2,1.0,0.1,0.0,0.0,0.0,0.0,True,0.95,0.95
qrtc,development:403:FR+FJ:synergistic:1.00:0.20:0:qrtc,synergistic,pi_2,1.0,0.2,0.0,0.0,0.0,0.1499999999999999,True,0.8,0.95
random,development:403:FR+FJ:synergistic:1.00:0.20:0:random,synergistic,pi_2,1.0,0.2,0.0,0.0,1.0,1.45,False,-0.5,0.95
cheapest_first,development:403:FR+FJ:synergistic:1.00:0.20:0:cheapest_first,synergistic,pi_2,1.0,0.2,0.0,0.0,0.0,0.0,True,0.95,0.95
highest_stage_posterior,development:403:FR+FJ:synergistic:1.00:0.20:0:highest_stage_posterior,synergistic,pi_2,1.0,0.2,0.0,0.0,0.0,0.1499999999999999,True,0.8,0.95
greedy_gain,development:403:FR+FJ:synergistic:1.00:0.20:0:greedy_gain,synergistic,pi_2,1.0,0.2,0.0,0.0,0.0,0.1499999999999999,True,0.8,0.95
end_to_end,development:403:FR+FJ:synergistic:1.00:0.20:0:end_to_end,synergistic,pi_2,1.0,0.2,0.0,0.0,0.0,0.1499999999999999,True,0.8,0.95
oracle,development:403:FR+FJ:synergistic:1.00:0.20:0:oracle,synergistic,pi_2,1.0,0.2,0.0,0.0,0.0,0.0,True,0.95,0.95
qrtc,development:403:FD+FW:strict_masking:0.25:0.00:0:qrtc,strict_masking,pi_3,0.25,0.0,0.0,0.0,0.0,0.0,True,0.75,0.75
random,development:403:FD+FW:strict_masking:0.25:0.00:0:random,strict_masking,pi_3,0.25,0.0,0.0,0.0,1.0,1.2,False,-0.45,0.75
cheapest_first,development:403:FD+FW:strict_masking:0.25:0.00:0:cheapest_first,strict_masking,pi_3,0.25,0.0,0.0,0.0,1.0,1.05,False,-0.3,0.75
highest_stage_posterior,development:403:FD+FW:strict_masking:0.25:0.00:0:highest_stage_posterior,strict_masking,pi_3,0.25,0.0,0.0,0.0,1.0,1.15,False,-0.4,0.75
greedy_gain,development:403:FD+FW:strict_masking:0.25:0.00:0:greedy_gain,strict_masking,pi_3,0.25,0.0,0.0,0.0,0.0,0.0,True,0.75,0.75
end_to_end,development:403:FD+FW:strict_masking:0.25:0.00:0:end_to_end,strict_masking,pi_3,0.25,0.0,0.0,0.0,1.0,1.1,False,-0.35,0.75
oracle,development:403:FD+FW:strict_masking:0.25:0.00:0:oracle,strict_masking,pi_3,0.25,0.0,0.0,0.0,0.0,0.0,True,0.75,0.75
qrtc,development:403:FD+FW:strict_masking:0.25:0.05:0:qrtc,strict_masking,pi_3,0.25,0.05,0.0,0.0,0.0,0.0,True,0.75,0.75
random,development:403:FD+FW:strict_masking:0.25:0.05:0:random,strict_masking,pi_3,0.25,0.05,0.0,0.0,1.0,1.2,False,-0.45,0.75
cheapest_first,development:403:FD+FW:strict_masking:0.25:0.05:0:cheapest_first,strict_masking,pi_3,0.25,0.05,0.0,0.0,1.0,1.05,False,-0.3,0.75
highest_stage_posterior,development:403:FD+FW:strict_masking:0.25:0.05:0:highest_stage_posterior,strict_masking,pi_3,0.25,0.05,0.0,0.0,1.0,1.15,False,-0.4,0.75
greedy_gain,development:403:FD+FW:strict_masking:0.25:0.05:0:greedy_gain,strict_masking,pi_3,0.25,0.05,0.0,0.0,0.0,0.0,True,0.75,0.75
end_to_end,development:403:FD+FW:strict_masking:0.25:0.05:0:end_to_end,strict_masking,pi_3,0.25,0.05,0.0,0.0,1.0,1.1,False,-0.35,0.75
oracle,development:403:FD+FW:strict_masking:0.25:0.05:0:oracle,strict_masking,pi_3,0.25,0.05,0.0,0.0,0.0,0.0,True,0.75,0.75
qrtc,development:403:FD+FW:strict_masking:0.25:0.10:0:qrtc,strict_masking,pi_3,0.25,0.1,0.0,0.0,0.0,0.0,True,0.75,0.75
random,development:403:FD+FW:strict_masking:0.25:0.10:0:random,strict_masking,pi_3,0.25,0.1,0.0,0.0,1.0,1.05,False,-0.3,0.75
cheapest_first,development:403:FD+FW:strict_masking:0.25:0.10:0:cheapest_first,strict_masking,pi_3,0.25,0.1,0.0,0.0,1.0,1.05,False,-0.3,0.75
highest_stage_posterior,development:403:FD+FW:strict_masking:0.25:0.10:0:highest_stage_posterior,strict_masking,pi_3,0.25,0.1,0.0,0.0,1.0,1.15,False,-0.4,0.75
greedy_gain,development:403:FD+FW:strict_masking:0.25:0.10:0:greedy_gain,strict_masking,pi_3,0.25,0.1,0.0,0.0,0.0,0.0,True,0.75,0.75
end_to_end,development:403:FD+FW:strict_masking:0.25:0.10:0:end_to_end,strict_masking,pi_3,0.25,0.1,0.0,0.0,1.0,1.1,False,-0.35,0.75
oracle,development:403:FD+FW:strict_masking:0.25:0.10:0:oracle,strict_masking,pi_3,0.25,0.1,0.0,0.0,0.0,0.0,True,0.75,0.75
qrtc,development:403:FD+FW:strict_masking:0.25:0.20:0:qrtc,strict_masking,pi_3,0.25,0.2,0.0,0.0,0.0,0.0,True,0.75,0.75
random,development:403:FD+FW:strict_masking:0.25:0.20:0:random,strict_masking,pi_3,0.25,0.2,0.0,0.0,1.0,1.1,False,-0.35,0.75
cheapest_first,development:403:FD+FW:strict_masking:0.25:0.20:0:cheapest_first,strict_masking,pi_3,0.25,0.2,0.0,0.0,1.0,1.05,False,-0.3,0.75
highest_stage_posterior,development:403:FD+FW:strict_masking:0.25:0.20:0:highest_stage_posterior,strict_masking,pi_3,0.25,0.2,0.0,0.0,1.0,1.15,False,-0.4,0.75
greedy_gain,development:403:FD+FW:strict_masking:0.25:0.20:0:greedy_gain,strict_masking,pi_3,0.25,0.2,0.0,0.0,0.0,0.0,True,0.75,0.75
end_to_end,development:403:FD+FW:strict_masking:0.25:0.20:0:end_to_end,strict_masking,pi_3,0.25,0.2,0.0,0.0,1.0,1.1,False,-0.35,0.75
oracle,development:403:FD+FW:strict_masking:0.25:0.20:0:oracle,strict_masking,pi_3,0.25,0.2,0.0,0.0,0.0,0.0,True,0.75,0.75
qrtc,development:403:FD+FW:strict_masking:0.50:0.00:0:qrtc,strict_masking,pi_3,0.5,0.0,0.0,0.0,0.0,0.0,True,0.75,0.75
random,development:403:FD+FW:strict_masking:0.50:0.00:0:random,strict_masking,pi_3,0.5,0.0,0.0,0.0,1.0,1.2,False,-0.45,0.75
cheapest_first,development:403:FD+FW:strict_masking:0.50:0.00:0:cheapest_first,strict_masking,pi_3,0.5,0.0,0.0,0.0,1.0,1.05,False,-0.3,0.75
highest_stage_posterior,development:403:FD+FW:strict_masking:0.50:0.00:0:highest_stage_posterior,strict_masking,pi_3,0.5,0.0,0.0,0.0,1.0,1.15,False,-0.4,0.75
greedy_gain,development:403:FD+FW:strict_masking:0.50:0.00:0:greedy_gain,strict_masking,pi_3,0.5,0.0,0.0,0.0,0.0,0.0,True,0.75,0.75
end_to_end,development:403:FD+FW:strict_masking:0.50:0.00:0:end_to_end,strict_masking,pi_3,0.5,0.0,0.0,0.0,1.0,1.1,False,-0.35,0.75
oracle,development:403:FD+FW:strict_masking:0.50:0.00:0:oracle,strict_masking,pi_3,0.5,0.0,0.0,0.0,0.0,0.0,True,0.75,0.75
qrtc,development:403:FD+FW:strict_masking:0.50:0.05:0:qrtc,strict_masking,pi_3,0.5,0.05,0.0,0.0,0.0,0.0,True,0.75,0.75
random,development:403:FD+FW:strict_masking:0.50:0.05:0:random,strict_masking,pi_3,0.5,0.05,0.0,0.0,1.0,1.2,False,-0.45,0.75
cheapest_first,development:403:FD+FW:strict_masking:0.50:0.05:0:cheapest_first,strict_masking,pi_3,0.5,0.05,0.0,0.0,1.0,1.05,False,-0.3,0.75
highest_stage_posterior,development:403:FD+FW:strict_masking:0.50:0.05:0:highest_stage_posterior,strict_masking,pi_3,0.5,0.05,0.0,0.0,1.0,1.15,False,-0.4,0.75
greedy_gain,development:403:FD+FW:strict_masking:0.50:0.05:0:greedy_gain,strict_masking,pi_3,0.5,0.05,0.0,0.0,0.0,0.0,True,0.75,0.75
end_to_end,development:403:FD+FW:strict_masking:0.50:0.05:0:end_to_end,strict_masking,pi_3,0.5,0.05,0.0,0.0,1.0,1.1,False,-0.35,0.75
oracle,development:403:FD+FW:strict_masking:0.50:0.05:0:oracle,strict_masking,pi_3,0.5,0.05,0.0,0.0,0.0,0.0,True,0.75,0.75
qrtc,development:403:FD+FW:strict_masking:0.50:0.10:0:qrtc,strict_masking,pi_3,0.5,0.1,0.0,0.0,0.0,0.0,True,0.75,0.75
random,development:403:FD+FW:strict_masking:0.50:0.10:0:random,strict_masking,pi_3,0.5,0.1,0.0,0.0,1.0,1.1,False,-0.35,0.75
cheapest_first,development:403:FD+FW:strict_masking:0.50:0.10:0:cheapest_first,strict_masking,pi_3,0.5,0.1,0.0,0.0,1.0,1.05,False,-0.3,0.75
highest_stage_posterior,development:403:FD+FW:strict_masking:0.50:0.10:0:highest_stage_posterior,strict_masking,pi_3,0.5,0.1,0.0,0.0,1.0,1.15,False,-0.4,0.75
greedy_gain,development:403:FD+FW:strict_masking:0.50:0.10:0:greedy_gain,strict_masking,pi_3,0.5,0.1,0.0,0.0,0.0,0.0,True,0.75,0.75
end_to_end,development:403:FD+FW:strict_masking:0.50:0.10:0:end_to_end,strict_masking,pi_3,0.5,0.1,0.0,0.0,1.0,1.1,False,-0.35,0.75
oracle,development:403:FD+FW:strict_masking:0.50:0.10:0:oracle,strict_masking,pi_3,0.5,0.1,0.0,0.0,0.0,0.0,True,0.75,0.75
qrtc,development:403:FD+FW:strict_masking:0.50:0.20:0:qrtc,strict_masking,pi_3,0.5,0.2,0.0,0.0,0.0,0.0,True,0.75,0.75
random,development:403:FD+FW:strict_masking:0.50:0.20:0:random,strict_masking,pi_3,0.5,0.2,0.0,0.0,1.0,1.05,False,-0.3,0.75
cheapest_first,development:403:FD+FW:strict_masking:0.50:0.20:0:cheapest_first,strict_masking,pi_3,0.5,0.2,0.0,0.0,1.0,1.05,False,-0.3,0.75
highest_stage_posterior,development:403:FD+FW:strict_masking:0.50:0.20:0:highest_stage_posterior,strict_masking,pi_3,0.5,0.2,0.0,0.0,1.0,1.15,False,-0.4,0.75
greedy_gain,development:403:FD+FW:strict_masking:0.50:0.20:0:greedy_gain,strict_masking,pi_3,0.5,0.2,0.0,0.0,0.0,0.0,True,0.75,0.75
end_to_end,development:403:FD+FW:strict_masking:0.50:0.20:0:end_to_end,strict_masking,pi_3,0.5,0.2,0.0,0.0,1.0,1.1,False,-0.35,0.75
oracle,development:403:FD+FW:strict_masking:0.50:0.20:0:oracle,strict_masking,pi_3,0.5,0.2,0.0,0.0,0.0,0.0,True,0.75,0.75
qrtc,development:403:FD+FW:strict_masking:0.75:0.00:0:qrtc,strict_masking,pi_3,0.75,0.0,0.0,0.0,0.0,0.0,True,0.75,0.75
random,development:403:FD+FW:strict_masking:0.75:0.00:0:random,strict_masking,pi_3,0.75,0.0,0.0,0.0,1.0,1.2,False,-0.45,0.75
cheapest_first,development:403:FD+FW:strict_masking:0.75:0.00:0:cheapest_first,strict_masking,pi_3,0.75,0.0,0.0,0.0,1.0,1.05,False,-0.3,0.75
highest_stage_posterior,development:403:FD+FW:strict_masking:0.75:0.00:0:highest_stage_posterior,strict_masking,pi_3,0.75,0.0,0.0,0.0,1.0,1.15,False,-0.4,0.75
greedy_gain,development:403:FD+FW:strict_masking:0.75:0.00:0:greedy_gain,strict_masking,pi_3,0.75,0.0,0.0,0.0,0.0,0.0,True,0.75,0.75
end_to_end,development:403:FD+FW:strict_masking:0.75:0.00:0:end_to_end,strict_masking,pi_3,0.75,0.0,0.0,0.0,1.0,1.1,False,-0.35,0.75
oracle,development:403:FD+FW:strict_masking:0.75:0.00:0:oracle,strict_masking,pi_3,0.75,0.0,0.0,0.0,0.0,0.0,True,0.75,0.75
qrtc,development:403:FD+FW:strict_masking:0.75:0.05:0:qrtc,strict_masking,pi_3,0.75,0.05,0.0,0.0,0.0,0.0,True,0.75,0.75
random,development:403:FD+FW:strict_masking:0.75:0.05:0:random,strict_masking,pi_3,0.75,0.05,0.0,0.0,1.0,1.05,False,-0.3,0.75
cheapest_first,development:403:FD+FW:strict_masking:0.75:0.05:0:cheapest_first,strict_masking,pi_3,0.75,0.05,0.0,0.0,1.0,1.05,False,-0.3,0.75
highest_stage_posterior,development:403:FD+FW:strict_masking:0.75:0.05:0:highest_stage_posterior,strict_masking,pi_3,0.75,0.05,0.0,0.0,1.0,1.15,False,-0.4,0.75
greedy_gain,development:403:FD+FW:strict_masking:0.75:0.05:0:greedy_gain,strict_masking,pi_3,0.75,0.05,0.0,0.0,0.0,0.0,True,0.75,0.75
end_to_end,development:403:FD+FW:strict_masking:0.75:0.05:0:end_to_end,strict_masking,pi_3,0.75,0.05,0.0,0.0,1.0,1.1,False,-0.35,0.75
oracle,development:403:FD+FW:strict_masking:0.75:0.05:0:oracle,strict_masking,pi_3,0.75,0.05,0.0,0.0,0.0,0.0,True,0.75,0.75
qrtc,development:403:FD+FW:strict_masking:0.75:0.10:0:qrtc,strict_masking,pi_3,0.75,0.1,0.0,0.0,0.0,0.0,True,0.75,0.75
random,development:403:FD+FW:strict_masking:0.75:0.10:0:random,strict_masking,pi_3,0.75,0.1,0.0,0.0,1.0,1.05,False,-0.3,0.75
cheapest_first,development:403:FD+FW:strict_masking:0.75:0.10:0:cheapest_first,strict_masking,pi_3,0.75,0.1,0.0,0.0,1.0,1.05,False,-0.3,0.75
highest_stage_posterior,development:403:FD+FW:strict_masking:0.75:0.10:0:highest_stage_posterior,strict_masking,pi_3,0.75,0.1,0.0,0.0,1.0,1.15,False,-0.4,0.75
greedy_gain,development:403:FD+FW:strict_masking:0.75:0.10:0:greedy_gain,strict_masking,pi_3,0.75,0.1,0.0,0.0,0.0,0.0,True,0.75,0.75
end_to_end,development:403:FD+FW:strict_masking:0.75:0.10:0:end_to_end,strict_masking,pi_3,0.75,0.1,0.0,0.0,1.0,1.1,False,-0.35,0.75
oracle,development:403:FD+FW:strict_masking:0.75:0.10:0:oracle,strict_masking,pi_3,0.75,0.1,0.0,0.0,0.0,0.0,True,0.75,0.75
qrtc,development:403:FD+FW:strict_masking:0.75:0.20:0:qrtc,strict_masking,pi_3,0.75,0.2,0.0,0.0,0.0,0.0,True,0.75,0.75
random,development:403:FD+FW:strict_masking:0.75:0.20:0:random,strict_masking,pi_3,0.75,0.2,0.0,0.0,1.0,1.25,False,-0.5,0.75
cheapest_first,development:403:FD+FW:strict_masking:0.75:0.20:0:cheapest_first,strict_masking,pi_3,0.75,0.2,0.0,0.0,1.0,1.05,False,-0.3,0.75
highest_stage_posterior,development:403:FD+FW:strict_masking:0.75:0.20:0:highest_stage_posterior,strict_masking,pi_3,0.75,0.2,0.0,0.0,1.0,1.15,False,-0.4,0.75
greedy_gain,development:403:FD+FW:strict_masking:0.75:0.20:0:greedy_gain,strict_masking,pi_3,0.75,0.2,0.0,0.0,0.0,0.0,True,0.75,0.75
end_to_end,development:403:FD+FW:strict_masking:0.75:0.20:0:end_to_end,strict_masking,pi_3,0.75,0.2,0.0,0.0,1.0,1.1,False,-0.35,0.75
oracle,development:403:FD+FW:strict_masking:0.75:0.20:0:oracle,strict_masking,pi_3,0.75,0.2,0.0,0.0,0.0,0.0,True,0.75,0.75
qrtc,development:403:FD+FW:strict_masking:1.00:0.00:0:qrtc,strict_masking,pi_3,1.0,0.0,0.0,0.0,0.0,0.0,True,0.75,0.75
random,development:403:FD+FW:strict_masking:1.00:0.00:0:random,strict_masking,pi_3,1.0,0.0,0.0,0.0,1.0,1.2,False,-0.45,0.75
cheapest_first,development:403:FD+FW:strict_masking:1.00:0.00:0:cheapest_first,strict_masking,pi_3,1.0,0.0,0.0,0.0,1.0,1.05,False,-0.3,0.75
highest_stage_posterior,development:403:FD+FW:strict_masking:1.00:0.00:0:highest_stage_posterior,strict_masking,pi_3,1.0,0.0,0.0,0.0,1.0,1.15,False,-0.4,0.75
greedy_gain,development:403:FD+FW:strict_masking:1.00:0.00:0:greedy_gain,strict_masking,pi_3,1.0,0.0,0.0,0.0,0.0,0.0,True,0.75,0.75
end_to_end,development:403:FD+FW:strict_masking:1.00:0.00:0:end_to_end,strict_masking,pi_3,1.0,0.0,0.0,0.0,1.0,1.1,False,-0.35,0.75
oracle,development:403:FD+FW:strict_masking:1.00:0.00:0:oracle,strict_masking,pi_3,1.0,0.0,0.0,0.0,0.0,0.0,True,0.75,0.75
qrtc,development:403:FD+FW:strict_masking:1.00:0.05:0:qrtc,strict_masking,pi_3,1.0,0.05,0.0,0.0,0.0,0.0,True,0.75,0.75
random,development:403:FD+FW:strict_masking:1.00:0.05:0:random,strict_masking,pi_3,1.0,0.05,0.0,0.0,1.0,1.1,False,-0.35,0.75
cheapest_first,development:403:FD+FW:strict_masking:1.00:0.05:0:cheapest_first,strict_masking,pi_3,1.0,0.05,0.0,0.0,1.0,1.05,False,-0.3,0.75
highest_stage_posterior,development:403:FD+FW:strict_masking:1.00:0.05:0:highest_stage_posterior,strict_masking,pi_3,1.0,0.05,0.0,0.0,1.0,1.15,False,-0.4,0.75
greedy_gain,development:403:FD+FW:strict_masking:1.00:0.05:0:greedy_gain,strict_masking,pi_3,1.0,0.05,0.0,0.0,0.0,0.0,True,0.75,0.75
end_to_end,development:403:FD+FW:strict_masking:1.00:0.05:0:end_to_end,strict_masking,pi_3,1.0,0.05,0.0,0.0,1.0,1.1,False,-0.35,0.75
oracle,development:403:FD+FW:strict_masking:1.00:0.05:0:oracle,strict_masking,pi_3,1.0,0.05,0.0,0.0,0.0,0.0,True,0.75,0.75
qrtc,development:403:FD+FW:strict_masking:1.00:0.10:0:qrtc,strict_masking,pi_3,1.0,0.1,0.0,0.0,0.0,0.0,True,0.75,0.75
random,development:403:FD+FW:strict_masking:1.00:0.10:0:random,strict_masking,pi_3,1.0,0.1,0.0,0.0,1.0,1.2,False,-0.45,0.75
cheapest_first,development:403:FD+FW:strict_masking:1.00:0.10:0:cheapest_first,strict_masking,pi_3,1.0,0.1,0.0,0.0,1.0,1.05,False,-0.3,0.75
highest_stage_posterior,development:403:FD+FW:strict_masking:1.00:0.10:0:highest_stage_posterior,strict_masking,pi_3,1.0,0.1,0.0,0.0,1.0,1.15,False,-0.4,0.75
greedy_gain,development:403:FD+FW:strict_masking:1.00:0.10:0:greedy_gain,strict_masking,pi_3,1.0,0.1,0.0,0.0,0.0,0.0,True,0.75,0.75
end_to_end,development:403:FD+FW:strict_masking:1.00:0.10:0:end_to_end,strict_masking,pi_3,1.0,0.1,0.0,0.0,1.0,1.1,False,-0.35,0.75
oracle,development:403:FD+FW:strict_masking:1.00:0.10:0:oracle,strict_masking,pi_3,1.0,0.1,0.0,0.0,0.0,0.0,True,0.75,0.75
qrtc,development:403:FD+FW:strict_masking:1.00:0.20:0:qrtc,strict_masking,pi_3,1.0,0.2,0.0,0.0,0.0,0.0,True,0.75,0.75
random,development:403:FD+FW:strict_masking:1.00:0.20:0:random,strict_masking,pi_3,1.0,0.2,0.0,0.0,1.0,1.25,False,-0.5,0.75
cheapest_first,development:403:FD+FW:strict_masking:1.00:0.20:0:cheapest_first,strict_masking,pi_3,1.0,0.2,0.0,0.0,1.0,1.05,False,-0.3,0.75
highest_stage_posterior,development:403:FD+FW:strict_masking:1.00:0.20:0:highest_stage_posterior,strict_masking,pi_3,1.0,0.2,0.0,0.0,1.0,1.15,False,-0.4,0.75
greedy_gain,development:403:FD+FW:strict_masking:1.00:0.20:0:greedy_gain,strict_masking,pi_3,1.0,0.2,0.0,0.0,0.0,0.0,True,0.75,0.75
end_to_end,development:403:FD+FW:strict_masking:1.00:0.20:0:end_to_end,strict_masking,pi_3,1.0,0.2,0.0,0.0,1.0,1.1,False,-0.35,0.75
oracle,development:403:FD+FW:strict_masking:1.00:0.20:0:oracle,strict_masking,pi_3,1.0,0.2,0.0,0.0,0.0,0.0,True,0.75,0.75
qrtc,development:403:FD+FW:soft_masking:0.25:0.00:0:qrtc,soft_masking,pi_3,0.25,0.0,0.0,0.0,0.0,0.15000000000000002,True,0.75,0.9
random,development:403:FD+FW:soft_masking:0.25:0.00:0:random,soft_masking,pi_3,0.25,0.0,0.0,0.0,1.0,1.35,False,-0.45,0.9
cheapest_first,development:403:FD+FW:soft_masking:0.25:0.00:0:cheapest_first,soft_masking,pi_3,0.25,0.0,0.0,0.0,1.0,1.2,False,-0.3,0.9
highest_stage_posterior,development:403:FD+FW:soft_masking:0.25:0.00:0:highest_stage_posterior,soft_masking,pi_3,0.25,0.0,0.0,0.0,0.0,0.050000000000000044,True,0.85,0.9
greedy_gain,development:403:FD+FW:soft_masking:0.25:0.00:0:greedy_gain,soft_masking,pi_3,0.25,0.0,0.0,0.0,0.0,0.050000000000000044,True,0.85,0.9
end_to_end,development:403:FD+FW:soft_masking:0.25:0.00:0:end_to_end,soft_masking,pi_3,0.25,0.0,0.0,0.0,0.0,0.050000000000000044,True,0.85,0.9
oracle,development:403:FD+FW:soft_masking:0.25:0.00:0:oracle,soft_masking,pi_3,0.25,0.0,0.0,0.0,0.0,0.0,True,0.9,0.9
qrtc,development:403:FD+FW:soft_masking:0.25:0.05:0:qrtc,soft_masking,pi_3,0.25,0.05,0.0,0.0,0.0,0.15000000000000002,True,0.75,0.9
random,development:403:FD+FW:soft_masking:0.25:0.05:0:random,soft_masking,pi_3,0.25,0.05,0.0,0.0,1.0,1.35,False,-0.45,0.9
cheapest_first,development:403:FD+FW:soft_masking:0.25:0.05:0:cheapest_first,soft_masking,pi_3,0.25,0.05,0.0,0.0,1.0,1.2,False,-0.3,0.9
highest_stage_posterior,development:403:FD+FW:soft_masking:0.25:0.05:0:highest_stage_posterior,soft_masking,pi_3,0.25,0.05,0.0,0.0,0.0,0.050000000000000044,True,0.85,0.9
greedy_gain,development:403:FD+FW:soft_masking:0.25:0.05:0:greedy_gain,soft_masking,pi_3,0.25,0.05,0.0,0.0,0.0,0.050000000000000044,True,0.85,0.9
end_to_end,development:403:FD+FW:soft_masking:0.25:0.05:0:end_to_end,soft_masking,pi_3,0.25,0.05,0.0,0.0,0.0,0.050000000000000044,True,0.85,0.9
oracle,development:403:FD+FW:soft_masking:0.25:0.05:0:oracle,soft_masking,pi_3,0.25,0.05,0.0,0.0,0.0,0.0,True,0.9,0.9
qrtc,development:403:FD+FW:soft_masking:0.25:0.10:0:qrtc,soft_masking,pi_3,0.25,0.1,0.0,0.0,0.0,0.15000000000000002,True,0.75,0.9
random,development:403:FD+FW:soft_masking:0.25:0.10:0:random,soft_masking,pi_3,0.25,0.1,0.0,0.0,1.0,1.2,False,-0.3,0.9
cheapest_first,development:403:FD+FW:soft_masking:0.25:0.10:0:cheapest_first,soft_masking,pi_3,0.25,0.1,0.0,0.0,1.0,1.2,False,-0.3,0.9
highest_stage_posterior,development:403:FD+FW:soft_masking:0.25:0.10:0:highest_stage_posterior,soft_masking,pi_3,0.25,0.1,0.0,0.0,0.0,0.050000000000000044,True,0.85,0.9
greedy_gain,development:403:FD+FW:soft_masking:0.25:0.10:0:greedy_gain,soft_masking,pi_3,0.25,0.1,0.0,0.0,0.0,0.050000000000000044,True,0.85,0.9
end_to_end,development:403:FD+FW:soft_masking:0.25:0.10:0:end_to_end,soft_masking,pi_3,0.25,0.1,0.0,0.0,0.0,0.050000000000000044,True,0.85,0.9
oracle,development:403:FD+FW:soft_masking:0.25:0.10:0:oracle,soft_masking,pi_3,0.25,0.1,0.0,0.0,0.0,0.0,True,0.9,0.9
qrtc,development:403:FD+FW:soft_masking:0.25:0.20:0:qrtc,soft_masking,pi_3,0.25,0.2,0.0,0.0,0.0,0.15000000000000002,True,0.75,0.9
random,development:403:FD+FW:soft_masking:0.25:0.20:0:random,soft_masking,pi_3,0.25,0.2,0.0,0.0,0.0,0.0,True,0.9,0.9
cheapest_first,development:403:FD+FW:soft_masking:0.25:0.20:0:cheapest_first,soft_masking,pi_3,0.25,0.2,0.0,0.0,1.0,1.2,False,-0.3,0.9
highest_stage_posterior,development:403:FD+FW:soft_masking:0.25:0.20:0:highest_stage_posterior,soft_masking,pi_3,0.25,0.2,0.0,0.0,0.0,0.050000000000000044,True,0.85,0.9
greedy_gain,development:403:FD+FW:soft_masking:0.25:0.20:0:greedy_gain,soft_masking,pi_3,0.25,0.2,0.0,0.0,0.0,0.050000000000000044,True,0.85,0.9
end_to_end,development:403:FD+FW:soft_masking:0.25:0.20:0:end_to_end,soft_masking,pi_3,0.25,0.2,0.0,0.0,0.0,0.050000000000000044,True,0.85,0.9
oracle,development:403:FD+FW:soft_masking:0.25:0.20:0:oracle,soft_masking,pi_3,0.25,0.2,0.0,0.0,0.0,0.0,True,0.9,0.9
qrtc,development:403:FD+FW:soft_masking:0.50:0.00:0:qrtc,soft_masking,pi_3,0.5,0.0,0.0,0.0,0.0,0.15000000000000002,True,0.75,0.9
random,development:403:FD+FW:soft_masking:0.50:0.00:0:random,soft_masking,pi_3,0.5,0.0,0.0,0.0,1.0,1.35,False,-0.45,0.9
cheapest_first,development:403:FD+FW:soft_masking:0.50:0.00:0:cheapest_first,soft_masking,pi_3,0.5,0.0,0.0,0.0,1.0,1.2,False,-0.3,0.9
highest_stage_posterior,development:403:FD+FW:soft_masking:0.50:0.00:0:highest_stage_posterior,soft_masking,pi_3,0.5,0.0,0.0,0.0,0.0,0.050000000000000044,True,0.85,0.9
greedy_gain,development:403:FD+FW:soft_masking:0.50:0.00:0:greedy_gain,soft_masking,pi_3,0.5,0.0,0.0,0.0,0.0,0.050000000000000044,True,0.85,0.9
end_to_end,development:403:FD+FW:soft_masking:0.50:0.00:0:end_to_end,soft_masking,pi_3,0.5,0.0,0.0,0.0,0.0,0.050000000000000044,True,0.85,0.9
oracle,development:403:FD+FW:soft_masking:0.50:0.00:0:oracle,soft_masking,pi_3,0.5,0.0,0.0,0.0,0.0,0.0,True,0.9,0.9
qrtc,development:403:FD+FW:soft_masking:0.50:0.05:0:qrtc,soft_masking,pi_3,0.5,0.05,0.0,0.0,0.0,0.15000000000000002,True,0.75,0.9
random,development:403:FD+FW:soft_masking:0.50:0.05:0:random,soft_masking,pi_3,0.5,0.05,0.0,0.0,1.0,1.35,False,-0.45,0.9
cheapest_first,development:403:FD+FW:soft_masking:0.50:0.05:0:cheapest_first,soft_masking,pi_3,0.5,0.05,0.0,0.0,1.0,1.2,False,-0.3,0.9
highest_stage_posterior,development:403:FD+FW:soft_masking:0.50:0.05:0:highest_stage_posterior,soft_masking,pi_3,0.5,0.05,0.0,0.0,0.0,0.050000000000000044,True,0.85,0.9
greedy_gain,development:403:FD+FW:soft_masking:0.50:0.05:0:greedy_gain,soft_masking,pi_3,0.5,0.05,0.0,0.0,0.0,0.050000000000000044,True,0.85,0.9
end_to_end,development:403:FD+FW:soft_masking:0.50:0.05:0:end_to_end,soft_masking,pi_3,0.5,0.05,0.0,0.0,0.0,0.050000000000000044,True,0.85,0.9
oracle,development:403:FD+FW:soft_masking:0.50:0.05:0:oracle,soft_masking,pi_3,0.5,0.05,0.0,0.0,0.0,0.0,True,0.9,0.9
qrtc,development:403:FD+FW:soft_masking:0.50:0.10:0:qrtc,soft_masking,pi_3,0.5,0.1,0.0,0.0,0.0,0.15000000000000002,True,0.75,0.9
random,development:403:FD+FW:soft_masking:0.50:0.10:0:random,soft_masking,pi_3,0.5,0.1,0.0,0.0,0.0,0.0,True,0.9,0.9
cheapest_first,development:403:FD+FW:soft_masking:0.50:0.10:0:cheapest_first,soft_masking,pi_3,0.5,0.1,0.0,0.0,1.0,1.2,False,-0.3,0.9
highest_stage_posterior,development:403:FD+FW:soft_masking:0.50:0.10:0:highest_stage_posterior,soft_masking,pi_3,0.5,0.1,0.0,0.0,0.0,0.050000000000000044,True,0.85,0.9
greedy_gain,development:403:FD+FW:soft_masking:0.50:0.10:0:greedy_gain,soft_masking,pi_3,0.5,0.1,0.0,0.0,0.0,0.050000000000000044,True,0.85,0.9
end_to_end,development:403:FD+FW:soft_masking:0.50:0.10:0:end_to_end,soft_masking,pi_3,0.5,0.1,0.0,0.0,0.0,0.050000000000000044,True,0.85,0.9
oracle,development:403:FD+FW:soft_masking:0.50:0.10:0:oracle,soft_masking,pi_3,0.5,0.1,0.0,0.0,0.0,0.0,True,0.9,0.9
qrtc,development:403:FD+FW:soft_masking:0.50:0.20:0:qrtc,soft_masking,pi_3,0.5,0.2,0.0,0.0,0.0,0.15000000000000002,True,0.75,0.9
random,development:403:FD+FW:soft_masking:0.50:0.20:0:random,soft_masking,pi_3,0.5,0.2,0.0,0.0,1.0,1.2,False,-0.3,0.9
cheapest_first,development:403:FD+FW:soft_masking:0.50:0.20:0:cheapest_first,soft_masking,pi_3,0.5,0.2,0.0,0.0,1.0,1.2,False,-0.3,0.9
highest_stage_posterior,development:403:FD+FW:soft_masking:0.50:0.20:0:highest_stage_posterior,soft_masking,pi_3,0.5,0.2,0.0,0.0,0.0,0.050000000000000044,True,0.85,0.9
greedy_gain,development:403:FD+FW:soft_masking:0.50:0.20:0:greedy_gain,soft_masking,pi_3,0.5,0.2,0.0,0.0,0.0,0.050000000000000044,True,0.85,0.9
end_to_end,development:403:FD+FW:soft_masking:0.50:0.20:0:end_to_end,soft_masking,pi_3,0.5,0.2,0.0,0.0,0.0,0.050000000000000044,True,0.85,0.9
oracle,development:403:FD+FW:soft_masking:0.50:0.20:0:oracle,soft_masking,pi_3,0.5,0.2,0.0,0.0,0.0,0.0,True,0.9,0.9
qrtc,development:403:FD+FW:soft_masking:0.75:0.00:0:qrtc,soft_masking,pi_3,0.75,0.0,0.0,0.0,0.0,0.15000000000000002,True,0.75,0.9
random,development:403:FD+FW:soft_masking:0.75:0.00:0:random,soft_masking,pi_3,0.75,0.0,0.0,0.0,1.0,1.35,False,-0.45,0.9
cheapest_first,development:403:FD+FW:soft_masking:0.75:0.00:0:cheapest_first,soft_masking,pi_3,0.75,0.0,0.0,0.0,1.0,1.2,False,-0.3,0.9
highest_stage_posterior,development:403:FD+FW:soft_masking:0.75:0.00:0:highest_stage_posterior,soft_masking,pi_3,0.75,0.0,0.0,0.0,0.0,0.050000000000000044,True,0.85,0.9
greedy_gain,development:403:FD+FW:soft_masking:0.75:0.00:0:greedy_gain,soft_masking,pi_3,0.75,0.0,0.0,0.0,0.0,0.050000000000000044,True,0.85,0.9
end_to_end,development:403:FD+FW:soft_masking:0.75:0.00:0:end_to_end,soft_masking,pi_3,0.75,0.0,0.0,0.0,0.0,0.050000000000000044,True,0.85,0.9
oracle,development:403:FD+FW:soft_masking:0.75:0.00:0:oracle,soft_masking,pi_3,0.75,0.0,0.0,0.0,0.0,0.0,True,0.9,0.9
qrtc,development:403:FD+FW:soft_masking:0.75:0.05:0:qrtc,soft_masking,pi_3,0.75,0.05,0.0,0.0,0.0,0.15000000000000002,True,0.75,0.9
random,development:403:FD+FW:soft_masking:0.75:0.05:0:random,soft_masking,pi_3,0.75,0.05,0.0,0.0,1.0,1.2,False,-0.3,0.9
cheapest_first,development:403:FD+FW:soft_masking:0.75:0.05:0:cheapest_first,soft_masking,pi_3,0.75,0.05,0.0,0.0,1.0,1.2,False,-0.3,0.9
highest_stage_posterior,development:403:FD+FW:soft_masking:0.75:0.05:0:highest_stage_posterior,soft_masking,pi_3,0.75,0.05,0.0,0.0,0.0,0.050000000000000044,True,0.85,0.9
greedy_gain,development:403:FD+FW:soft_masking:0.75:0.05:0:greedy_gain,soft_masking,pi_3,0.75,0.05,0.0,0.0,0.0,0.050000000000000044,True,0.85,0.9
end_to_end,development:403:FD+FW:soft_masking:0.75:0.05:0:end_to_end,soft_masking,pi_3,0.75,0.05,0.0,0.0,0.0,0.050000000000000044,True,0.85,0.9
oracle,development:403:FD+FW:soft_masking:0.75:0.05:0:oracle,soft_masking,pi_3,0.75,0.05,0.0,0.0,0.0,0.0,True,0.9,0.9
qrtc,development:403:FD+FW:soft_masking:0.75:0.10:0:qrtc,soft_masking,pi_3,0.75,0.1,0.0,0.0,0.0,0.15000000000000002,True,0.75,0.9
random,development:403:FD+FW:soft_masking:0.75:0.10:0:random,soft_masking,pi_3,0.75,0.1,0.0,0.0,1.0,1.2,False,-0.3,0.9
cheapest_first,development:403:FD+FW:soft_masking:0.75:0.10:0:cheapest_first,soft_masking,pi_3,0.75,0.1,0.0,0.0,1.0,1.2,False,-0.3,0.9
highest_stage_posterior,development:403:FD+FW:soft_masking:0.75:0.10:0:highest_stage_posterior,soft_masking,pi_3,0.75,0.1,0.0,0.0,0.0,0.050000000000000044,True,0.85,0.9
greedy_gain,development:403:FD+FW:soft_masking:0.75:0.10:0:greedy_gain,soft_masking,pi_3,0.75,0.1,0.0,0.0,0.0,0.050000000000000044,True,0.85,0.9
end_to_end,development:403:FD+FW:soft_masking:0.75:0.10:0:end_to_end,soft_masking,pi_3,0.75,0.1,0.0,0.0,0.0,0.050000000000000044,True,0.85,0.9
oracle,development:403:FD+FW:soft_masking:0.75:0.10:0:oracle,soft_masking,pi_3,0.75,0.1,0.0,0.0,0.0,0.0,True,0.9,0.9
qrtc,development:403:FD+FW:soft_masking:0.75:0.20:0:qrtc,soft_masking,pi_3,0.75,0.2,0.0,0.0,0.0,0.15000000000000002,True,0.75,0.9
random,development:403:FD+FW:soft_masking:0.75:0.20:0:random,soft_masking,pi_3,0.75,0.2,0.0,0.0,1.0,1.4,False,-0.5,0.9
cheapest_first,development:403:FD+FW:soft_masking:0.75:0.20:0:cheapest_first,soft_masking,pi_3,0.75,0.2,0.0,0.0,1.0,1.2,False,-0.3,0.9
highest_stage_posterior,development:403:FD+FW:soft_masking:0.75:0.20:0:highest_stage_posterior,soft_masking,pi_3,0.75,0.2,0.0,0.0,0.0,0.050000000000000044,True,0.85,0.9
greedy_gain,development:403:FD+FW:soft_masking:0.75:0.20:0:greedy_gain,soft_masking,pi_3,0.75,0.2,0.0,0.0,0.0,0.050000000000000044,True,0.85,0.9
end_to_end,development:403:FD+FW:soft_masking:0.75:0.20:0:end_to_end,soft_masking,pi_3,0.75,0.2,0.0,0.0,0.0,0.050000000000000044,True,0.85,0.9
oracle,development:403:FD+FW:soft_masking:0.75:0.20:0:oracle,soft_masking,pi_3,0.75,0.2,0.0,0.0,0.0,0.0,True,0.9,0.9
qrtc,development:403:FD+FW:soft_masking:1.00:0.00:0:qrtc,soft_masking,pi_3,1.0,0.0,0.0,0.0,0.0,0.15000000000000002,True,0.75,0.9
random,development:403:FD+FW:soft_masking:1.00:0.00:0:random,soft_masking,pi_3,1.0,0.0,0.0,0.0,1.0,1.35,False,-0.45,0.9
cheapest_first,development:403:FD+FW:soft_masking:1.00:0.00:0:cheapest_first,soft_masking,pi_3,1.0,0.0,0.0,0.0,1.0,1.2,False,-0.3,0.9
highest_stage_posterior,development:403:FD+FW:soft_masking:1.00:0.00:0:highest_stage_posterior,soft_masking,pi_3,1.0,0.0,0.0,0.0,0.0,0.050000000000000044,True,0.85,0.9
greedy_gain,development:403:FD+FW:soft_masking:1.00:0.00:0:greedy_gain,soft_masking,pi_3,1.0,0.0,0.0,0.0,0.0,0.050000000000000044,True,0.85,0.9
end_to_end,development:403:FD+FW:soft_masking:1.00:0.00:0:end_to_end,soft_masking,pi_3,1.0,0.0,0.0,0.0,0.0,0.050000000000000044,True,0.85,0.9
oracle,development:403:FD+FW:soft_masking:1.00:0.00:0:oracle,soft_masking,pi_3,1.0,0.0,0.0,0.0,0.0,0.0,True,0.9,0.9
qrtc,development:403:FD+FW:soft_masking:1.00:0.05:0:qrtc,soft_masking,pi_3,1.0,0.05,0.0,0.0,0.0,0.15000000000000002,True,0.75,0.9
random,development:403:FD+FW:soft_masking:1.00:0.05:0:random,soft_masking,pi_3,1.0,0.05,0.0,0.0,0.0,0.0,True,0.9,0.9
cheapest_first,development:403:FD+FW:soft_masking:1.00:0.05:0:cheapest_first,soft_masking,pi_3,1.0,0.05,0.0,0.0,1.0,1.2,False,-0.3,0.9
highest_stage_posterior,development:403:FD+FW:soft_masking:1.00:0.05:0:highest_stage_posterior,soft_masking,pi_3,1.0,0.05,0.0,0.0,0.0,0.050000000000000044,True,0.85,0.9
greedy_gain,development:403:FD+FW:soft_masking:1.00:0.05:0:greedy_gain,soft_masking,pi_3,1.0,0.05,0.0,0.0,0.0,0.050000000000000044,True,0.85,0.9
end_to_end,development:403:FD+FW:soft_masking:1.00:0.05:0:end_to_end,soft_masking,pi_3,1.0,0.05,0.0,0.0,0.0,0.050000000000000044,True,0.85,0.9
oracle,development:403:FD+FW:soft_masking:1.00:0.05:0:oracle,soft_masking,pi_3,1.0,0.05,0.0,0.0,0.0,0.0,True,0.9,0.9
qrtc,development:403:FD+FW:soft_masking:1.00:0.10:0:qrtc,soft_masking,pi_3,1.0,0.1,0.0,0.0,0.0,0.15000000000000002,True,0.75,0.9
random,development:403:FD+FW:soft_masking:1.00:0.10:0:random,soft_masking,pi_3,1.0,0.1,0.0,0.0,1.0,1.35,False,-0.45,0.9
cheapest_first,development:403:FD+FW:soft_masking:1.00:0.10:0:cheapest_first,soft_masking,pi_3,1.0,0.1,0.0,0.0,1.0,1.2,False,-0.3,0.9
highest_stage_posterior,development:403:FD+FW:soft_masking:1.00:0.10:0:highest_stage_posterior,soft_masking,pi_3,1.0,0.1,0.0,0.0,0.0,0.050000000000000044,True,0.85,0.9
greedy_gain,development:403:FD+FW:soft_masking:1.00:0.10:0:greedy_gain,soft_masking,pi_3,1.0,0.1,0.0,0.0,0.0,0.050000000000000044,True,0.85,0.9
end_to_end,development:403:FD+FW:soft_masking:1.00:0.10:0:end_to_end,soft_masking,pi_3,1.0,0.1,0.0,0.0,0.0,0.050000000000000044,True,0.85,0.9
oracle,development:403:FD+FW:soft_masking:1.00:0.10:0:oracle,soft_masking,pi_3,1.0,0.1,0.0,0.0,0.0,0.0,True,0.9,0.9
qrtc,development:403:FD+FW:soft_masking:1.00:0.20:0:qrtc,soft_masking,pi_3,1.0,0.2,0.0,0.0,0.0,0.15000000000000002,True,0.75,0.9
random,development:403:FD+FW:soft_masking:1.00:0.20:0:random,soft_masking,pi_3,1.0,0.2,0.0,0.0,1.0,1.4,False,-0.5,0.9
cheapest_first,development:403:FD+FW:soft_masking:1.00:0.20:0:cheapest_first,soft_masking,pi_3,1.0,0.2,0.0,0.0,1.0,1.2,False,-0.3,0.9
highest_stage_posterior,development:403:FD+FW:soft_masking:1.00:0.20:0:highest_stage_posterior,soft_masking,pi_3,1.0,0.2,0.0,0.0,0.0,0.050000000000000044,True,0.85,0.9
greedy_gain,development:403:FD+FW:soft_masking:1.00:0.20:0:greedy_gain,soft_masking,pi_3,1.0,0.2,0.0,0.0,0.0,0.050000000000000044,True,0.85,0.9
end_to_end,development:403:FD+FW:soft_masking:1.00:0.20:0:end_to_end,soft_masking,pi_3,1.0,0.2,0.0,0.0,0.0,0.050000000000000044,True,0.85,0.9
oracle,development:403:FD+FW:soft_masking:1.00:0.20:0:oracle,soft_masking,pi_3,1.0,0.2,0.0,0.0,0.0,0.0,True,0.9,0.9
qrtc,development:403:FD+FW:independent:0.25:0.00:0:qrtc,independent,pi_3,0.25,0.0,0.0,0.0,0.0,0.050000000000000044,True,0.85,0.9
random,development:403:FD+FW:independent:0.25:0.00:0:random,independent,pi_3,0.25,0.0,0.0,0.0,1.0,1.35,False,-0.45,0.9
cheapest_first,development:403:FD+FW:independent:0.25:0.00:0:cheapest_first,independent,pi_3,0.25,0.0,0.0,0.0,1.0,1.2,False,-0.3,0.9
highest_stage_posterior,development:403:FD+FW:independent:0.25:0.00:0:highest_stage_posterior,independent,pi_3,0.25,0.0,0.0,0.0,0.0,0.050000000000000044,True,0.85,0.9
greedy_gain,development:403:FD+FW:independent:0.25:0.00:0:greedy_gain,independent,pi_3,0.25,0.0,0.0,0.0,0.0,0.050000000000000044,True,0.85,0.9
end_to_end,development:403:FD+FW:independent:0.25:0.00:0:end_to_end,independent,pi_3,0.25,0.0,0.0,0.0,0.0,0.050000000000000044,True,0.85,0.9
oracle,development:403:FD+FW:independent:0.25:0.00:0:oracle,independent,pi_3,0.25,0.0,0.0,0.0,0.0,0.0,True,0.9,0.9
qrtc,development:403:FD+FW:independent:0.25:0.05:0:qrtc,independent,pi_3,0.25,0.05,0.0,0.0,0.0,0.050000000000000044,True,0.85,0.9
random,development:403:FD+FW:independent:0.25:0.05:0:random,independent,pi_3,0.25,0.05,0.0,0.0,1.0,1.35,False,-0.45,0.9
cheapest_first,development:403:FD+FW:independent:0.25:0.05:0:cheapest_first,independent,pi_3,0.25,0.05,0.0,0.0,1.0,1.2,False,-0.3,0.9
highest_stage_posterior,development:403:FD+FW:independent:0.25:0.05:0:highest_stage_posterior,independent,pi_3,0.25,0.05,0.0,0.0,0.0,0.050000000000000044,True,0.85,0.9
greedy_gain,development:403:FD+FW:independent:0.25:0.05:0:greedy_gain,independent,pi_3,0.25,0.05,0.0,0.0,0.0,0.050000000000000044,True,0.85,0.9
end_to_end,development:403:FD+FW:independent:0.25:0.05:0:end_to_end,independent,pi_3,0.25,0.05,0.0,0.0,0.0,0.050000000000000044,True,0.85,0.9
oracle,development:403:FD+FW:independent:0.25:0.05:0:oracle,independent,pi_3,0.25,0.05,0.0,0.0,0.0,0.0,True,0.9,0.9
qrtc,development:403:FD+FW:independent:0.25:0.10:0:qrtc,independent,pi_3,0.25,0.1,0.0,0.0,0.0,0.050000000000000044,True,0.85,0.9
random,development:403:FD+FW:independent:0.25:0.10:0:random,independent,pi_3,0.25,0.1,0.0,0.0,1.0,1.2,False,-0.3,0.9
cheapest_first,development:403:FD+FW:independent:0.25:0.10:0:cheapest_first,independent,pi_3,0.25,0.1,0.0,0.0,1.0,1.2,False,-0.3,0.9
highest_stage_posterior,development:403:FD+FW:independent:0.25:0.10:0:highest_stage_posterior,independent,pi_3,0.25,0.1,0.0,0.0,0.0,0.050000000000000044,True,0.85,0.9
greedy_gain,development:403:FD+FW:independent:0.25:0.10:0:greedy_gain,independent,pi_3,0.25,0.1,0.0,0.0,0.0,0.050000000000000044,True,0.85,0.9
end_to_end,development:403:FD+FW:independent:0.25:0.10:0:end_to_end,independent,pi_3,0.25,0.1,0.0,0.0,0.0,0.050000000000000044,True,0.85,0.9
oracle,development:403:FD+FW:independent:0.25:0.10:0:oracle,independent,pi_3,0.25,0.1,0.0,0.0,0.0,0.0,True,0.9,0.9
qrtc,development:403:FD+FW:independent:0.25:0.20:0:qrtc,independent,pi_3,0.25,0.2,0.0,0.0,0.0,0.050000000000000044,True,0.85,0.9
random,development:403:FD+FW:independent:0.25:0.20:0:random,independent,pi_3,0.25,0.2,0.0,0.0,0.0,0.0,True,0.9,0.9
cheapest_first,development:403:FD+FW:independent:0.25:0.20:0:cheapest_first,independent,pi_3,0.25,0.2,0.0,0.0,1.0,1.2,False,-0.3,0.9
highest_stage_posterior,development:403:FD+FW:independent:0.25:0.20:0:highest_stage_posterior,independent,pi_3,0.25,0.2,0.0,0.0,0.0,0.050000000000000044,True,0.85,0.9
greedy_gain,development:403:FD+FW:independent:0.25:0.20:0:greedy_gain,independent,pi_3,0.25,0.2,0.0,0.0,0.0,0.050000000000000044,True,0.85,0.9
end_to_end,development:403:FD+FW:independent:0.25:0.20:0:end_to_end,independent,pi_3,0.25,0.2,0.0,0.0,0.0,0.050000000000000044,True,0.85,0.9
oracle,development:403:FD+FW:independent:0.25:0.20:0:oracle,independent,pi_3,0.25,0.2,0.0,0.0,0.0,0.0,True,0.9,0.9
qrtc,development:403:FD+FW:independent:0.50:0.00:0:qrtc,independent,pi_3,0.5,0.0,0.0,0.0,0.0,0.050000000000000044,True,0.85,0.9
random,development:403:FD+FW:independent:0.50:0.00:0:random,independent,pi_3,0.5,0.0,0.0,0.0,1.0,1.35,False,-0.45,0.9
cheapest_first,development:403:FD+FW:independent:0.50:0.00:0:cheapest_first,independent,pi_3,0.5,0.0,0.0,0.0,1.0,1.2,False,-0.3,0.9
highest_stage_posterior,development:403:FD+FW:independent:0.50:0.00:0:highest_stage_posterior,independent,pi_3,0.5,0.0,0.0,0.0,0.0,0.050000000000000044,True,0.85,0.9
greedy_gain,development:403:FD+FW:independent:0.50:0.00:0:greedy_gain,independent,pi_3,0.5,0.0,0.0,0.0,0.0,0.050000000000000044,True,0.85,0.9
end_to_end,development:403:FD+FW:independent:0.50:0.00:0:end_to_end,independent,pi_3,0.5,0.0,0.0,0.0,0.0,0.050000000000000044,True,0.85,0.9
oracle,development:403:FD+FW:independent:0.50:0.00:0:oracle,independent,pi_3,0.5,0.0,0.0,0.0,0.0,0.0,True,0.9,0.9
qrtc,development:403:FD+FW:independent:0.50:0.05:0:qrtc,independent,pi_3,0.5,0.05,0.0,0.0,0.0,0.050000000000000044,True,0.85,0.9
random,development:403:FD+FW:independent:0.50:0.05:0:random,independent,pi_3,0.5,0.05,0.0,0.0,1.0,1.35,False,-0.45,0.9
cheapest_first,development:403:FD+FW:independent:0.50:0.05:0:cheapest_first,independent,pi_3,0.5,0.05,0.0,0.0,1.0,1.2,False,-0.3,0.9
highest_stage_posterior,development:403:FD+FW:independent:0.50:0.05:0:highest_stage_posterior,independent,pi_3,0.5,0.05,0.0,0.0,0.0,0.050000000000000044,True,0.85,0.9
greedy_gain,development:403:FD+FW:independent:0.50:0.05:0:greedy_gain,independent,pi_3,0.5,0.05,0.0,0.0,0.0,0.050000000000000044,True,0.85,0.9
end_to_end,development:403:FD+FW:independent:0.50:0.05:0:end_to_end,independent,pi_3,0.5,0.05,0.0,0.0,0.0,0.050000000000000044,True,0.85,0.9
oracle,development:403:FD+FW:independent:0.50:0.05:0:oracle,independent,pi_3,0.5,0.05,0.0,0.0,0.0,0.0,True,0.9,0.9
qrtc,development:403:FD+FW:independent:0.50:0.10:0:qrtc,independent,pi_3,0.5,0.1,0.0,0.0,0.0,0.050000000000000044,True,0.85,0.9
random,development:403:FD+FW:independent:0.50:0.10:0:random,independent,pi_3,0.5,0.1,0.0,0.0,0.0,0.0,True,0.9,0.9
cheapest_first,development:403:FD+FW:independent:0.50:0.10:0:cheapest_first,independent,pi_3,0.5,0.1,0.0,0.0,1.0,1.2,False,-0.3,0.9
highest_stage_posterior,development:403:FD+FW:independent:0.50:0.10:0:highest_stage_posterior,independent,pi_3,0.5,0.1,0.0,0.0,0.0,0.050000000000000044,True,0.85,0.9
greedy_gain,development:403:FD+FW:independent:0.50:0.10:0:greedy_gain,independent,pi_3,0.5,0.1,0.0,0.0,0.0,0.050000000000000044,True,0.85,0.9
end_to_end,development:403:FD+FW:independent:0.50:0.10:0:end_to_end,independent,pi_3,0.5,0.1,0.0,0.0,0.0,0.050000000000000044,True,0.85,0.9
oracle,development:403:FD+FW:independent:0.50:0.10:0:oracle,independent,pi_3,0.5,0.1,0.0,0.0,0.0,0.0,True,0.9,0.9
qrtc,development:403:FD+FW:independent:0.50:0.20:0:qrtc,independent,pi_3,0.5,0.2,0.0,0.0,0.0,0.050000000000000044,True,0.85,0.9
random,development:403:FD+FW:independent:0.50:0.20:0:random,independent,pi_3,0.5,0.2,0.0,0.0,1.0,1.2,False,-0.3,0.9
cheapest_first,development:403:FD+FW:independent:0.50:0.20:0:cheapest_first,independent,pi_3,0.5,0.2,0.0,0.0,1.0,1.2,False,-0.3,0.9
highest_stage_posterior,development:403:FD+FW:independent:0.50:0.20:0:highest_stage_posterior,independent,pi_3,0.5,0.2,0.0,0.0,0.0,0.050000000000000044,True,0.85,0.9
greedy_gain,development:403:FD+FW:independent:0.50:0.20:0:greedy_gain,independent,pi_3,0.5,0.2,0.0,0.0,0.0,0.050000000000000044,True,0.85,0.9
end_to_end,development:403:FD+FW:independent:0.50:0.20:0:end_to_end,independent,pi_3,0.5,0.2,0.0,0.0,0.0,0.050000000000000044,True,0.85,0.9
oracle,development:403:FD+FW:independent:0.50:0.20:0:oracle,independent,pi_3,0.5,0.2,0.0,0.0,0.0,0.0,True,0.9,0.9
qrtc,development:403:FD+FW:independent:0.75:0.00:0:qrtc,independent,pi_3,0.75,0.0,0.0,0.0,0.0,0.050000000000000044,True,0.85,0.9
random,development:403:FD+FW:independent:0.75:0.00:0:random,independent,pi_3,0.75,0.0,0.0,0.0,1.0,1.35,False,-0.45,0.9
cheapest_first,development:403:FD+FW:independent:0.75:0.00:0:cheapest_first,independent,pi_3,0.75,0.0,0.0,0.0,1.0,1.2,False,-0.3,0.9
highest_stage_posterior,development:403:FD+FW:independent:0.75:0.00:0:highest_stage_posterior,independent,pi_3,0.75,0.0,0.0,0.0,0.0,0.050000000000000044,True,0.85,0.9
greedy_gain,development:403:FD+FW:independent:0.75:0.00:0:greedy_gain,independent,pi_3,0.75,0.0,0.0,0.0,0.0,0.050000000000000044,True,0.85,0.9
end_to_end,development:403:FD+FW:independent:0.75:0.00:0:end_to_end,independent,pi_3,0.75,0.0,0.0,0.0,0.0,0.050000000000000044,True,0.85,0.9
oracle,development:403:FD+FW:independent:0.75:0.00:0:oracle,independent,pi_3,0.75,0.0,0.0,0.0,0.0,0.0,True,0.9,0.9
qrtc,development:403:FD+FW:independent:0.75:0.05:0:qrtc,independent,pi_3,0.75,0.05,0.0,0.0,0.0,0.050000000000000044,True,0.85,0.9
random,development:403:FD+FW:independent:0.75:0.05:0:random,independent,pi_3,0.75,0.05,0.0,0.0,1.0,1.2,False,-0.3,0.9
cheapest_first,development:403:FD+FW:independent:0.75:0.05:0:cheapest_first,independent,pi_3,0.75,0.05,0.0,0.0,1.0,1.2,False,-0.3,0.9
highest_stage_posterior,development:403:FD+FW:independent:0.75:0.05:0:highest_stage_posterior,independent,pi_3,0.75,0.05,0.0,0.0,0.0,0.050000000000000044,True,0.85,0.9
greedy_gain,development:403:FD+FW:independent:0.75:0.05:0:greedy_gain,independent,pi_3,0.75,0.05,0.0,0.0,0.0,0.050000000000000044,True,0.85,0.9
end_to_end,development:403:FD+FW:independent:0.75:0.05:0:end_to_end,independent,pi_3,0.75,0.05,0.0,0.0,0.0,0.050000000000000044,True,0.85,0.9
oracle,development:403:FD+FW:independent:0.75:0.05:0:oracle,independent,pi_3,0.75,0.05,0.0,0.0,0.0,0.0,True,0.9,0.9
qrtc,development:403:FD+FW:independent:0.75:0.10:0:qrtc,independent,pi_3,0.75,0.1,0.0,0.0,0.0,0.050000000000000044,True,0.85,0.9
random,development:403:FD+FW:independent:0.75:0.10:0:random,independent,pi_3,0.75,0.1,0.0,0.0,1.0,1.2,False,-0.3,0.9
cheapest_first,development:403:FD+FW:independent:0.75:0.10:0:cheapest_first,independent,pi_3,0.75,0.1,0.0,0.0,1.0,1.2,False,-0.3,0.9
highest_stage_posterior,development:403:FD+FW:independent:0.75:0.10:0:highest_stage_posterior,independent,pi_3,0.75,0.1,0.0,0.0,0.0,0.050000000000000044,True,0.85,0.9
greedy_gain,development:403:FD+FW:independent:0.75:0.10:0:greedy_gain,independent,pi_3,0.75,0.1,0.0,0.0,0.0,0.050000000000000044,True,0.85,0.9
end_to_end,development:403:FD+FW:independent:0.75:0.10:0:end_to_end,independent,pi_3,0.75,0.1,0.0,0.0,0.0,0.050000000000000044,True,0.85,0.9
oracle,development:403:FD+FW:independent:0.75:0.10:0:oracle,independent,pi_3,0.75,0.1,0.0,0.0,0.0,0.0,True,0.9,0.9
qrtc,development:403:FD+FW:independent:0.75:0.20:0:qrtc,independent,pi_3,0.75,0.2,0.0,0.0,0.0,0.050000000000000044,True,0.85,0.9
random,development:403:FD+FW:independent:0.75:0.20:0:random,independent,pi_3,0.75,0.2,0.0,0.0,1.0,1.4,False,-0.5,0.9
cheapest_first,development:403:FD+FW:independent:0.75:0.20:0:cheapest_first,independent,pi_3,0.75,0.2,0.0,0.0,1.0,1.2,False,-0.3,0.9
highest_stage_posterior,development:403:FD+FW:independent:0.75:0.20:0:highest_stage_posterior,independent,pi_3,0.75,0.2,0.0,0.0,0.0,0.050000000000000044,True,0.85,0.9
greedy_gain,development:403:FD+FW:independent:0.75:0.20:0:greedy_gain,independent,pi_3,0.75,0.2,0.0,0.0,0.0,0.050000000000000044,True,0.85,0.9
end_to_end,development:403:FD+FW:independent:0.75:0.20:0:end_to_end,independent,pi_3,0.75,0.2,0.0,0.0,0.0,0.050000000000000044,True,0.85,0.9
oracle,development:403:FD+FW:independent:0.75:0.20:0:oracle,independent,pi_3,0.75,0.2,0.0,0.0,0.0,0.0,True,0.9,0.9
qrtc,development:403:FD+FW:independent:1.00:0.00:0:qrtc,independent,pi_3,1.0,0.0,0.0,0.0,0.0,0.050000000000000044,True,0.85,0.9
random,development:403:FD+FW:independent:1.00:0.00:0:random,independent,pi_3,1.0,0.0,0.0,0.0,1.0,1.35,False,-0.45,0.9
cheapest_first,development:403:FD+FW:independent:1.00:0.00:0:cheapest_first,independent,pi_3,1.0,0.0,0.0,0.0,1.0,1.2,False,-0.3,0.9
highest_stage_posterior,development:403:FD+FW:independent:1.00:0.00:0:highest_stage_posterior,independent,pi_3,1.0,0.0,0.0,0.0,0.0,0.050000000000000044,True,0.85,0.9
greedy_gain,development:403:FD+FW:independent:1.00:0.00:0:greedy_gain,independent,pi_3,1.0,0.0,0.0,0.0,0.0,0.050000000000000044,True,0.85,0.9
end_to_end,development:403:FD+FW:independent:1.00:0.00:0:end_to_end,independent,pi_3,1.0,0.0,0.0,0.0,0.0,0.050000000000000044,True,0.85,0.9
oracle,development:403:FD+FW:independent:1.00:0.00:0:oracle,independent,pi_3,1.0,0.0,0.0,0.0,0.0,0.0,True,0.9,0.9
qrtc,development:403:FD+FW:independent:1.00:0.05:0:qrtc,independent,pi_3,1.0,0.05,0.0,0.0,0.0,0.050000000000000044,True,0.85,0.9
random,development:403:FD+FW:independent:1.00:0.05:0:random,independent,pi_3,1.0,0.05,0.0,0.0,0.0,0.0,True,0.9,0.9
cheapest_first,development:403:FD+FW:independent:1.00:0.05:0:cheapest_first,independent,pi_3,1.0,0.05,0.0,0.0,1.0,1.2,False,-0.3,0.9
highest_stage_posterior,development:403:FD+FW:independent:1.00:0.05:0:highest_stage_posterior,independent,pi_3,1.0,0.05,0.0,0.0,0.0,0.050000000000000044,True,0.85,0.9
greedy_gain,development:403:FD+FW:independent:1.00:0.05:0:greedy_gain,independent,pi_3,1.0,0.05,0.0,0.0,0.0,0.050000000000000044,True,0.85,0.9
end_to_end,development:403:FD+FW:independent:1.00:0.05:0:end_to_end,independent,pi_3,1.0,0.05,0.0,0.0,0.0,0.050000000000000044,True,0.85,0.9
oracle,development:403:FD+FW:independent:1.00:0.05:0:oracle,independent,pi_3,1.0,0.05,0.0,0.0,0.0,0.0,True,0.9,0.9
qrtc,development:403:FD+FW:independent:1.00:0.10:0:qrtc,independent,pi_3,1.0,0.1,0.0,0.0,0.0,0.050000000000000044,True,0.85,0.9
random,development:403:FD+FW:independent:1.00:0.10:0:random,independent,pi_3,1.0,0.1,0.0,0.0,1.0,1.35,False,-0.45,0.9
cheapest_first,development:403:FD+FW:independent:1.00:0.10:0:cheapest_first,independent,pi_3,1.0,0.1,0.0,0.0,1.0,1.2,False,-0.3,0.9
highest_stage_posterior,development:403:FD+FW:independent:1.00:0.10:0:highest_stage_posterior,independent,pi_3,1.0,0.1,0.0,0.0,0.0,0.050000000000000044,True,0.85,0.9
greedy_gain,development:403:FD+FW:independent:1.00:0.10:0:greedy_gain,independent,pi_3,1.0,0.1,0.0,0.0,0.0,0.050000000000000044,True,0.85,0.9
end_to_end,development:403:FD+FW:independent:1.00:0.10:0:end_to_end,independent,pi_3,1.0,0.1,0.0,0.0,0.0,0.050000000000000044,True,0.85,0.9
oracle,development:403:FD+FW:independent:1.00:0.10:0:oracle,independent,pi_3,1.0,0.1,0.0,0.0,0.0,0.0,True,0.9,0.9
qrtc,development:403:FD+FW:independent:1.00:0.20:0:qrtc,independent,pi_3,1.0,0.2,0.0,0.0,0.0,0.050000000000000044,True,0.85,0.9
random,development:403:FD+FW:independent:1.00:0.20:0:random,independent,pi_3,1.0,0.2,0.0,0.0,1.0,1.4,False,-0.5,0.9
cheapest_first,development:403:FD+FW:independent:1.00:0.20:0:cheapest_first,independent,pi_3,1.0,0.2,0.0,0.0,1.0,1.2,False,-0.3,0.9
highest_stage_posterior,development:403:FD+FW:independent:1.00:0.20:0:highest_stage_posterior,independent,pi_3,1.0,0.2,0.0,0.0,0.0,0.050000000000000044,True,0.85,0.9
greedy_gain,development:403:FD+FW:independent:1.00:0.20:0:greedy_gain,independent,pi_3,1.0,0.2,0.0,0.0,0.0,0.050000000000000044,True,0.85,0.9
end_to_end,development:403:FD+FW:independent:1.00:0.20:0:end_to_end,independent,pi_3,1.0,0.2,0.0,0.0,0.0,0.050000000000000044,True,0.85,0.9
oracle,development:403:FD+FW:independent:1.00:0.20:0:oracle,independent,pi_3,1.0,0.2,0.0,0.0,0.0,0.0,True,0.9,0.9
qrtc,development:403:FD+FW:synergistic:0.25:0.00:0:qrtc,synergistic,pi_3,0.25,0.0,0.0,0.0,0.0,0.050000000000000044,True,0.85,0.9
random,development:403:FD+FW:synergistic:0.25:0.00:0:random,synergistic,pi_3,0.25,0.0,0.0,0.0,1.0,1.35,False,-0.45,0.9
cheapest_first,development:403:FD+FW:synergistic:0.25:0.00:0:cheapest_first,synergistic,pi_3,0.25,0.0,0.0,0.0,1.0,1.2,False,-0.3,0.9
highest_stage_posterior,development:403:FD+FW:synergistic:0.25:0.00:0:highest_stage_posterior,synergistic,pi_3,0.25,0.0,0.0,0.0,0.0,0.050000000000000044,True,0.85,0.9
greedy_gain,development:403:FD+FW:synergistic:0.25:0.00:0:greedy_gain,synergistic,pi_3,0.25,0.0,0.0,0.0,0.0,0.050000000000000044,True,0.85,0.9
end_to_end,development:403:FD+FW:synergistic:0.25:0.00:0:end_to_end,synergistic,pi_3,0.25,0.0,0.0,0.0,0.0,0.050000000000000044,True,0.85,0.9
oracle,development:403:FD+FW:synergistic:0.25:0.00:0:oracle,synergistic,pi_3,0.25,0.0,0.0,0.0,0.0,0.0,True,0.9,0.9
qrtc,development:403:FD+FW:synergistic:0.25:0.05:0:qrtc,synergistic,pi_3,0.25,0.05,0.0,0.0,0.0,0.050000000000000044,True,0.85,0.9
random,development:403:FD+FW:synergistic:0.25:0.05:0:random,synergistic,pi_3,0.25,0.05,0.0,0.0,1.0,1.35,False,-0.45,0.9
cheapest_first,development:403:FD+FW:synergistic:0.25:0.05:0:cheapest_first,synergistic,pi_3,0.25,0.05,0.0,0.0,1.0,1.2,False,-0.3,0.9
highest_stage_posterior,development:403:FD+FW:synergistic:0.25:0.05:0:highest_stage_posterior,synergistic,pi_3,0.25,0.05,0.0,0.0,0.0,0.050000000000000044,True,0.85,0.9
greedy_gain,development:403:FD+FW:synergistic:0.25:0.05:0:greedy_gain,synergistic,pi_3,0.25,0.05,0.0,0.0,0.0,0.050000000000000044,True,0.85,0.9
end_to_end,development:403:FD+FW:synergistic:0.25:0.05:0:end_to_end,synergistic,pi_3,0.25,0.05,0.0,0.0,0.0,0.050000000000000044,True,0.85,0.9
oracle,development:403:FD+FW:synergistic:0.25:0.05:0:oracle,synergistic,pi_3,0.25,0.05,0.0,0.0,0.0,0.0,True,0.9,0.9
qrtc,development:403:FD+FW:synergistic:0.25:0.10:0:qrtc,synergistic,pi_3,0.25,0.1,0.0,0.0,0.0,0.050000000000000044,True,0.85,0.9
random,development:403:FD+FW:synergistic:0.25:0.10:0:random,synergistic,pi_3,0.25,0.1,0.0,0.0,1.0,1.2,False,-0.3,0.9
cheapest_first,development:403:FD+FW:synergistic:0.25:0.10:0:cheapest_first,synergistic,pi_3,0.25,0.1,0.0,0.0,1.0,1.2,False,-0.3,0.9
highest_stage_posterior,development:403:FD+FW:synergistic:0.25:0.10:0:highest_stage_posterior,synergistic,pi_3,0.25,0.1,0.0,0.0,0.0,0.050000000000000044,True,0.85,0.9
greedy_gain,development:403:FD+FW:synergistic:0.25:0.10:0:greedy_gain,synergistic,pi_3,0.25,0.1,0.0,0.0,0.0,0.050000000000000044,True,0.85,0.9
end_to_end,development:403:FD+FW:synergistic:0.25:0.10:0:end_to_end,synergistic,pi_3,0.25,0.1,0.0,0.0,0.0,0.050000000000000044,True,0.85,0.9
oracle,development:403:FD+FW:synergistic:0.25:0.10:0:oracle,synergistic,pi_3,0.25,0.1,0.0,0.0,0.0,0.0,True,0.9,0.9
qrtc,development:403:FD+FW:synergistic:0.25:0.20:0:qrtc,synergistic,pi_3,0.25,0.2,0.0,0.0,0.0,0.050000000000000044,True,0.85,0.9
random,development:403:FD+FW:synergistic:0.25:0.20:0:random,synergistic,pi_3,0.25,0.2,0.0,0.0,0.0,0.0,True,0.9,0.9
cheapest_first,development:403:FD+FW:synergistic:0.25:0.20:0:cheapest_first,synergistic,pi_3,0.25,0.2,0.0,0.0,1.0,1.2,False,-0.3,0.9
highest_stage_posterior,development:403:FD+FW:synergistic:0.25:0.20:0:highest_stage_posterior,synergistic,pi_3,0.25,0.2,0.0,0.0,0.0,0.050000000000000044,True,0.85,0.9
greedy_gain,development:403:FD+FW:synergistic:0.25:0.20:0:greedy_gain,synergistic,pi_3,0.25,0.2,0.0,0.0,0.0,0.050000000000000044,True,0.85,0.9
end_to_end,development:403:FD+FW:synergistic:0.25:0.20:0:end_to_end,synergistic,pi_3,0.25,0.2,0.0,0.0,0.0,0.050000000000000044,True,0.85,0.9
oracle,development:403:FD+FW:synergistic:0.25:0.20:0:oracle,synergistic,pi_3,0.25,0.2,0.0,0.0,0.0,0.0,True,0.9,0.9
qrtc,development:403:FD+FW:synergistic:0.50:0.00:0:qrtc,synergistic,pi_3,0.5,0.0,0.0,0.0,0.0,0.050000000000000044,True,0.85,0.9
random,development:403:FD+FW:synergistic:0.50:0.00:0:random,synergistic,pi_3,0.5,0.0,0.0,0.0,1.0,1.35,False,-0.45,0.9
cheapest_first,development:403:FD+FW:synergistic:0.50:0.00:0:cheapest_first,synergistic,pi_3,0.5,0.0,0.0,0.0,1.0,1.2,False,-0.3,0.9
highest_stage_posterior,development:403:FD+FW:synergistic:0.50:0.00:0:highest_stage_posterior,synergistic,pi_3,0.5,0.0,0.0,0.0,0.0,0.050000000000000044,True,0.85,0.9
greedy_gain,development:403:FD+FW:synergistic:0.50:0.00:0:greedy_gain,synergistic,pi_3,0.5,0.0,0.0,0.0,0.0,0.050000000000000044,True,0.85,0.9
end_to_end,development:403:FD+FW:synergistic:0.50:0.00:0:end_to_end,synergistic,pi_3,0.5,0.0,0.0,0.0,0.0,0.050000000000000044,True,0.85,0.9
oracle,development:403:FD+FW:synergistic:0.50:0.00:0:oracle,synergistic,pi_3,0.5,0.0,0.0,0.0,0.0,0.0,True,0.9,0.9
qrtc,development:403:FD+FW:synergistic:0.50:0.05:0:qrtc,synergistic,pi_3,0.5,0.05,0.0,0.0,0.0,0.050000000000000044,True,0.85,0.9
random,development:403:FD+FW:synergistic:0.50:0.05:0:random,synergistic,pi_3,0.5,0.05,0.0,0.0,1.0,1.35,False,-0.45,0.9
cheapest_first,development:403:FD+FW:synergistic:0.50:0.05:0:cheapest_first,synergistic,pi_3,0.5,0.05,0.0,0.0,1.0,1.2,False,-0.3,0.9
highest_stage_posterior,development:403:FD+FW:synergistic:0.50:0.05:0:highest_stage_posterior,synergistic,pi_3,0.5,0.05,0.0,0.0,0.0,0.050000000000000044,True,0.85,0.9
greedy_gain,development:403:FD+FW:synergistic:0.50:0.05:0:greedy_gain,synergistic,pi_3,0.5,0.05,0.0,0.0,0.0,0.050000000000000044,True,0.85,0.9
end_to_end,development:403:FD+FW:synergistic:0.50:0.05:0:end_to_end,synergistic,pi_3,0.5,0.05,0.0,0.0,0.0,0.050000000000000044,True,0.85,0.9
oracle,development:403:FD+FW:synergistic:0.50:0.05:0:oracle,synergistic,pi_3,0.5,0.05,0.0,0.0,0.0,0.0,True,0.9,0.9
qrtc,development:403:FD+FW:synergistic:0.50:0.10:0:qrtc,synergistic,pi_3,0.5,0.1,0.0,0.0,0.0,0.050000000000000044,True,0.85,0.9
random,development:403:FD+FW:synergistic:0.50:0.10:0:random,synergistic,pi_3,0.5,0.1,0.0,0.0,0.0,0.0,True,0.9,0.9
cheapest_first,development:403:FD+FW:synergistic:0.50:0.10:0:cheapest_first,synergistic,pi_3,0.5,0.1,0.0,0.0,1.0,1.2,False,-0.3,0.9
highest_stage_posterior,development:403:FD+FW:synergistic:0.50:0.10:0:highest_stage_posterior,synergistic,pi_3,0.5,0.1,0.0,0.0,0.0,0.050000000000000044,True,0.85,0.9
greedy_gain,development:403:FD+FW:synergistic:0.50:0.10:0:greedy_gain,synergistic,pi_3,0.5,0.1,0.0,0.0,0.0,0.050000000000000044,True,0.85,0.9
end_to_end,development:403:FD+FW:synergistic:0.50:0.10:0:end_to_end,synergistic,pi_3,0.5,0.1,0.0,0.0,0.0,0.050000000000000044,True,0.85,0.9
oracle,development:403:FD+FW:synergistic:0.50:0.10:0:oracle,synergistic,pi_3,0.5,0.1,0.0,0.0,0.0,0.0,True,0.9,0.9
qrtc,development:403:FD+FW:synergistic:0.50:0.20:0:qrtc,synergistic,pi_3,0.5,0.2,0.0,0.0,0.0,0.050000000000000044,True,0.85,0.9
random,development:403:FD+FW:synergistic:0.50:0.20:0:random,synergistic,pi_3,0.5,0.2,0.0,0.0,1.0,1.2,False,-0.3,0.9
cheapest_first,development:403:FD+FW:synergistic:0.50:0.20:0:cheapest_first,synergistic,pi_3,0.5,0.2,0.0,0.0,1.0,1.2,False,-0.3,0.9
highest_stage_posterior,development:403:FD+FW:synergistic:0.50:0.20:0:highest_stage_posterior,synergistic,pi_3,0.5,0.2,0.0,0.0,0.0,0.050000000000000044,True,0.85,0.9
greedy_gain,development:403:FD+FW:synergistic:0.50:0.20:0:greedy_gain,synergistic,pi_3,0.5,0.2,0.0,0.0,0.0,0.050000000000000044,True,0.85,0.9
end_to_end,development:403:FD+FW:synergistic:0.50:0.20:0:end_to_end,synergistic,pi_3,0.5,0.2,0.0,0.0,0.0,0.050000000000000044,True,0.85,0.9
oracle,development:403:FD+FW:synergistic:0.50:0.20:0:oracle,synergistic,pi_3,0.5,0.2,0.0,0.0,0.0,0.0,True,0.9,0.9
qrtc,development:403:FD+FW:synergistic:0.75:0.00:0:qrtc,synergistic,pi_3,0.75,0.0,0.0,0.0,0.0,0.050000000000000044,True,0.85,0.9
random,development:403:FD+FW:synergistic:0.75:0.00:0:random,synergistic,pi_3,0.75,0.0,0.0,0.0,1.0,1.35,False,-0.45,0.9
cheapest_first,development:403:FD+FW:synergistic:0.75:0.00:0:cheapest_first,synergistic,pi_3,0.75,0.0,0.0,0.0,1.0,1.2,False,-0.3,0.9
highest_stage_posterior,development:403:FD+FW:synergistic:0.75:0.00:0:highest_stage_posterior,synergistic,pi_3,0.75,0.0,0.0,0.0,0.0,0.050000000000000044,True,0.85,0.9
greedy_gain,development:403:FD+FW:synergistic:0.75:0.00:0:greedy_gain,synergistic,pi_3,0.75,0.0,0.0,0.0,0.0,0.050000000000000044,True,0.85,0.9
end_to_end,development:403:FD+FW:synergistic:0.75:0.00:0:end_to_end,synergistic,pi_3,0.75,0.0,0.0,0.0,0.0,0.050000000000000044,True,0.85,0.9
oracle,development:403:FD+FW:synergistic:0.75:0.00:0:oracle,synergistic,pi_3,0.75,0.0,0.0,0.0,0.0,0.0,True,0.9,0.9
qrtc,development:403:FD+FW:synergistic:0.75:0.05:0:qrtc,synergistic,pi_3,0.75,0.05,0.0,0.0,0.0,0.050000000000000044,True,0.85,0.9
random,development:403:FD+FW:synergistic:0.75:0.05:0:random,synergistic,pi_3,0.75,0.05,0.0,0.0,1.0,1.2,False,-0.3,0.9
cheapest_first,development:403:FD+FW:synergistic:0.75:0.05:0:cheapest_first,synergistic,pi_3,0.75,0.05,0.0,0.0,1.0,1.2,False,-0.3,0.9
highest_stage_posterior,development:403:FD+FW:synergistic:0.75:0.05:0:highest_stage_posterior,synergistic,pi_3,0.75,0.05,0.0,0.0,0.0,0.050000000000000044,True,0.85,0.9
greedy_gain,development:403:FD+FW:synergistic:0.75:0.05:0:greedy_gain,synergistic,pi_3,0.75,0.05,0.0,0.0,0.0,0.050000000000000044,True,0.85,0.9
end_to_end,development:403:FD+FW:synergistic:0.75:0.05:0:end_to_end,synergistic,pi_3,0.75,0.05,0.0,0.0,0.0,0.050000000000000044,True,0.85,0.9
oracle,development:403:FD+FW:synergistic:0.75:0.05:0:oracle,synergistic,pi_3,0.75,0.05,0.0,0.0,0.0,0.0,True,0.9,0.9
qrtc,development:403:FD+FW:synergistic:0.75:0.10:0:qrtc,synergistic,pi_3,0.75,0.1,0.0,0.0,0.0,0.050000000000000044,True,0.85,0.9
random,development:403:FD+FW:synergistic:0.75:0.10:0:random,synergistic,pi_3,0.75,0.1,0.0,0.0,1.0,1.2,False,-0.3,0.9
cheapest_first,development:403:FD+FW:synergistic:0.75:0.10:0:cheapest_first,synergistic,pi_3,0.75,0.1,0.0,0.0,1.0,1.2,False,-0.3,0.9
highest_stage_posterior,development:403:FD+FW:synergistic:0.75:0.10:0:highest_stage_posterior,synergistic,pi_3,0.75,0.1,0.0,0.0,0.0,0.050000000000000044,True,0.85,0.9
greedy_gain,development:403:FD+FW:synergistic:0.75:0.10:0:greedy_gain,synergistic,pi_3,0.75,0.1,0.0,0.0,0.0,0.050000000000000044,True,0.85,0.9
end_to_end,development:403:FD+FW:synergistic:0.75:0.10:0:end_to_end,synergistic,pi_3,0.75,0.1,0.0,0.0,0.0,0.050000000000000044,True,0.85,0.9
oracle,development:403:FD+FW:synergistic:0.75:0.10:0:oracle,synergistic,pi_3,0.75,0.1,0.0,0.0,0.0,0.0,True,0.9,0.9
qrtc,development:403:FD+FW:synergistic:0.75:0.20:0:qrtc,synergistic,pi_3,0.75,0.2,0.0,0.0,0.0,0.050000000000000044,True,0.85,0.9
random,development:403:FD+FW:synergistic:0.75:0.20:0:random,synergistic,pi_3,0.75,0.2,0.0,0.0,1.0,1.4,False,-0.5,0.9
cheapest_first,development:403:FD+FW:synergistic:0.75:0.20:0:cheapest_first,synergistic,pi_3,0.75,0.2,0.0,0.0,1.0,1.2,False,-0.3,0.9
highest_stage_posterior,development:403:FD+FW:synergistic:0.75:0.20:0:highest_stage_posterior,synergistic,pi_3,0.75,0.2,0.0,0.0,0.0,0.050000000000000044,True,0.85,0.9
greedy_gain,development:403:FD+FW:synergistic:0.75:0.20:0:greedy_gain,synergistic,pi_3,0.75,0.2,0.0,0.0,0.0,0.050000000000000044,True,0.85,0.9
end_to_end,development:403:FD+FW:synergistic:0.75:0.20:0:end_to_end,synergistic,pi_3,0.75,0.2,0.0,0.0,0.0,0.050000000000000044,True,0.85,0.9
oracle,development:403:FD+FW:synergistic:0.75:0.20:0:oracle,synergistic,pi_3,0.75,0.2,0.0,0.0,0.0,0.0,True,0.9,0.9
qrtc,development:403:FD+FW:synergistic:1.00:0.00:0:qrtc,synergistic,pi_3,1.0,0.0,0.0,0.0,0.0,0.050000000000000044,True,0.85,0.9
random,development:403:FD+FW:synergistic:1.00:0.00:0:random,synergistic,pi_3,1.0,0.0,0.0,0.0,1.0,1.35,False,-0.45,0.9
cheapest_first,development:403:FD+FW:synergistic:1.00:0.00:0:cheapest_first,synergistic,pi_3,1.0,0.0,0.0,0.0,1.0,1.2,False,-0.3,0.9
highest_stage_posterior,development:403:FD+FW:synergistic:1.00:0.00:0:highest_stage_posterior,synergistic,pi_3,1.0,0.0,0.0,0.0,0.0,0.050000000000000044,True,0.85,0.9
greedy_gain,development:403:FD+FW:synergistic:1.00:0.00:0:greedy_gain,synergistic,pi_3,1.0,0.0,0.0,0.0,0.0,0.050000000000000044,True,0.85,0.9
end_to_end,development:403:FD+FW:synergistic:1.00:0.00:0:end_to_end,synergistic,pi_3,1.0,0.0,0.0,0.0,0.0,0.050000000000000044,True,0.85,0.9
oracle,development:403:FD+FW:synergistic:1.00:0.00:0:oracle,synergistic,pi_3,1.0,0.0,0.0,0.0,0.0,0.0,True,0.9,0.9
qrtc,development:403:FD+FW:synergistic:1.00:0.05:0:qrtc,synergistic,pi_3,1.0,0.05,0.0,0.0,0.0,0.050000000000000044,True,0.85,0.9
random,development:403:FD+FW:synergistic:1.00:0.05:0:random,synergistic,pi_3,1.0,0.05,0.0,0.0,0.0,0.0,True,0.9,0.9
cheapest_first,development:403:FD+FW:synergistic:1.00:0.05:0:cheapest_first,synergistic,pi_3,1.0,0.05,0.0,0.0,1.0,1.2,False,-0.3,0.9
highest_stage_posterior,development:403:FD+FW:synergistic:1.00:0.05:0:highest_stage_posterior,synergistic,pi_3,1.0,0.05,0.0,0.0,0.0,0.050000000000000044,True,0.85,0.9
greedy_gain,development:403:FD+FW:synergistic:1.00:0.05:0:greedy_gain,synergistic,pi_3,1.0,0.05,0.0,0.0,0.0,0.050000000000000044,True,0.85,0.9
end_to_end,development:403:FD+FW:synergistic:1.00:0.05:0:end_to_end,synergistic,pi_3,1.0,0.05,0.0,0.0,0.0,0.050000000000000044,True,0.85,0.9
oracle,development:403:FD+FW:synergistic:1.00:0.05:0:oracle,synergistic,pi_3,1.0,0.05,0.0,0.0,0.0,0.0,True,0.9,0.9
qrtc,development:403:FD+FW:synergistic:1.00:0.10:0:qrtc,synergistic,pi_3,1.0,0.1,0.0,0.0,0.0,0.050000000000000044,True,0.85,0.9
random,development:403:FD+FW:synergistic:1.00:0.10:0:random,synergistic,pi_3,1.0,0.1,0.0,0.0,1.0,1.35,False,-0.45,0.9
cheapest_first,development:403:FD+FW:synergistic:1.00:0.10:0:cheapest_first,synergistic,pi_3,1.0,0.1,0.0,0.0,1.0,1.2,False,-0.3,0.9
highest_stage_posterior,development:403:FD+FW:synergistic:1.00:0.10:0:highest_stage_posterior,synergistic,pi_3,1.0,0.1,0.0,0.0,0.0,0.050000000000000044,True,0.85,0.9
greedy_gain,development:403:FD+FW:synergistic:1.00:0.10:0:greedy_gain,synergistic,pi_3,1.0,0.1,0.0,0.0,0.0,0.050000000000000044,True,0.85,0.9
end_to_end,development:403:FD+FW:synergistic:1.00:0.10:0:end_to_end,synergistic,pi_3,1.0,0.1,0.0,0.0,0.0,0.050000000000000044,True,0.85,0.9
oracle,development:403:FD+FW:synergistic:1.00:0.10:0:oracle,synergistic,pi_3,1.0,0.1,0.0,0.0,0.0,0.0,True,0.9,0.9
qrtc,development:403:FD+FW:synergistic:1.00:0.20:0:qrtc,synergistic,pi_3,1.0,0.2,0.0,0.0,0.0,0.050000000000000044,True,0.85,0.9
random,development:403:FD+FW:synergistic:1.00:0.20:0:random,synergistic,pi_3,1.0,0.2,0.0,0.0,1.0,1.4,False,-0.5,0.9
cheapest_first,development:403:FD+FW:synergistic:1.00:0.20:0:cheapest_first,synergistic,pi_3,1.0,0.2,0.0,0.0,1.0,1.2,False,-0.3,0.9
highest_stage_posterior,development:403:FD+FW:synergistic:1.00:0.20:0:highest_stage_posterior,synergistic,pi_3,1.0,0.2,0.0,0.0,0.0,0.050000000000000044,True,0.85,0.9
greedy_gain,development:403:FD+FW:synergistic:1.00:0.20:0:greedy_gain,synergistic,pi_3,1.0,0.2,0.0,0.0,0.0,0.050000000000000044,True,0.85,0.9
end_to_end,development:403:FD+FW:synergistic:1.00:0.20:0:end_to_end,synergistic,pi_3,1.0,0.2,0.0,0.0,0.0,0.050000000000000044,True,0.85,0.9
oracle,development:403:FD+FW:synergistic:1.00:0.20:0:oracle,synergistic,pi_3,1.0,0.2,0.0,0.0,0.0,0.0,True,0.9,0.9
qrtc,development:403:FB+FR:strict_masking:0.25:0.00:0:qrtc,strict_masking,pi_2,0.25,0.0,0.0,0.0,0.0,0.0,True,0.6,0.6
random,development:403:FB+FR:strict_masking:0.25:0.00:0:random,strict_masking,pi_2,0.25,0.0,0.0,0.0,1.0,1.05,False,-0.45,0.6
cheapest_first,development:403:FB+FR:strict_masking:0.25:0.00:0:cheapest_first,strict_masking,pi_2,0.25,0.0,0.0,0.0,1.0,0.8999999999999999,False,-0.3,0.6
highest_stage_posterior,development:403:FB+FR:strict_masking:0.25:0.00:0:highest_stage_posterior,strict_masking,pi_2,0.25,0.0,0.0,0.0,1.0,1.05,False,-0.45,0.6
greedy_gain,development:403:FB+FR:strict_masking:0.25:0.00:0:greedy_gain,strict_masking,pi_2,0.25,0.0,0.0,0.0,0.0,0.0,True,0.6,0.6
end_to_end,development:403:FB+FR:strict_masking:0.25:0.00:0:end_to_end,strict_masking,pi_2,0.25,0.0,0.0,0.0,1.0,1.05,False,-0.45,0.6
oracle,development:403:FB+FR:strict_masking:0.25:0.00:0:oracle,strict_masking,pi_2,0.25,0.0,0.0,0.0,0.0,0.0,True,0.6,0.6
qrtc,development:403:FB+FR:strict_masking:0.25:0.05:0:qrtc,strict_masking,pi_2,0.25,0.05,0.0,0.0,0.0,0.0,True,0.6,0.6
random,development:403:FB+FR:strict_masking:0.25:0.05:0:random,strict_masking,pi_2,0.25,0.05,0.0,0.0,1.0,1.05,False,-0.45,0.6
cheapest_first,development:403:FB+FR:strict_masking:0.25:0.05:0:cheapest_first,strict_masking,pi_2,0.25,0.05,0.0,0.0,1.0,0.8999999999999999,False,-0.3,0.6
highest_stage_posterior,development:403:FB+FR:strict_masking:0.25:0.05:0:highest_stage_posterior,strict_masking,pi_2,0.25,0.05,0.0,0.0,1.0,1.05,False,-0.45,0.6
greedy_gain,development:403:FB+FR:strict_masking:0.25:0.05:0:greedy_gain,strict_masking,pi_2,0.25,0.05,0.0,0.0,0.0,0.0,True,0.6,0.6
end_to_end,development:403:FB+FR:strict_masking:0.25:0.05:0:end_to_end,strict_masking,pi_2,0.25,0.05,0.0,0.0,1.0,1.05,False,-0.45,0.6
oracle,development:403:FB+FR:strict_masking:0.25:0.05:0:oracle,strict_masking,pi_2,0.25,0.05,0.0,0.0,0.0,0.0,True,0.6,0.6
qrtc,development:403:FB+FR:strict_masking:0.25:0.10:0:qrtc,strict_masking,pi_2,0.25,0.1,0.0,0.0,0.0,0.0,True,0.6,0.6
random,development:403:FB+FR:strict_masking:0.25:0.10:0:random,strict_masking,pi_2,0.25,0.1,0.0,0.0,1.0,0.8999999999999999,False,-0.3,0.6
cheapest_first,development:403:FB+FR:strict_masking:0.25:0.10:0:cheapest_first,strict_masking,pi_2,0.25,0.1,0.0,0.0,1.0,0.8999999999999999,False,-0.3,0.6
highest_stage_posterior,development:403:FB+FR:strict_masking:0.25:0.10:0:highest_stage_posterior,strict_masking,pi_2,0.25,0.1,0.0,0.0,1.0,1.05,False,-0.45,0.6
greedy_gain,development:403:FB+FR:strict_masking:0.25:0.10:0:greedy_gain,strict_masking,pi_2,0.25,0.1,0.0,0.0,0.0,0.0,True,0.6,0.6
end_to_end,development:403:FB+FR:strict_masking:0.25:0.10:0:end_to_end,strict_masking,pi_2,0.25,0.1,0.0,0.0,1.0,1.05,False,-0.45,0.6
oracle,development:403:FB+FR:strict_masking:0.25:0.10:0:oracle,strict_masking,pi_2,0.25,0.1,0.0,0.0,0.0,0.0,True,0.6,0.6
qrtc,development:403:FB+FR:strict_masking:0.25:0.20:0:qrtc,strict_masking,pi_2,0.25,0.2,0.0,0.0,0.0,0.0,True,0.6,0.6
random,development:403:FB+FR:strict_masking:0.25:0.20:0:random,strict_masking,pi_2,0.25,0.2,0.0,0.0,1.0,0.95,False,-0.35,0.6
cheapest_first,development:403:FB+FR:strict_masking:0.25:0.20:0:cheapest_first,strict_masking,pi_2,0.25,0.2,0.0,0.0,1.0,0.8999999999999999,False,-0.3,0.6
highest_stage_posterior,development:403:FB+FR:strict_masking:0.25:0.20:0:highest_stage_posterior,strict_masking,pi_2,0.25,0.2,0.0,0.0,1.0,1.05,False,-0.45,0.6
greedy_gain,development:403:FB+FR:strict_masking:0.25:0.20:0:greedy_gain,strict_masking,pi_2,0.25,0.2,0.0,0.0,0.0,0.0,True,0.6,0.6
end_to_end,development:403:FB+FR:strict_masking:0.25:0.20:0:end_to_end,strict_masking,pi_2,0.25,0.2,0.0,0.0,1.0,1.05,False,-0.45,0.6
oracle,development:403:FB+FR:strict_masking:0.25:0.20:0:oracle,strict_masking,pi_2,0.25,0.2,0.0,0.0,0.0,0.0,True,0.6,0.6
qrtc,development:403:FB+FR:strict_masking:0.50:0.00:0:qrtc,strict_masking,pi_2,0.5,0.0,0.0,0.0,0.0,0.0,True,0.6,0.6
random,development:403:FB+FR:strict_masking:0.50:0.00:0:random,strict_masking,pi_2,0.5,0.0,0.0,0.0,1.0,1.05,False,-0.45,0.6
cheapest_first,development:403:FB+FR:strict_masking:0.50:0.00:0:cheapest_first,strict_masking,pi_2,0.5,0.0,0.0,0.0,1.0,0.8999999999999999,False,-0.3,0.6
highest_stage_posterior,development:403:FB+FR:strict_masking:0.50:0.00:0:highest_stage_posterior,strict_masking,pi_2,0.5,0.0,0.0,0.0,1.0,1.05,False,-0.45,0.6
greedy_gain,development:403:FB+FR:strict_masking:0.50:0.00:0:greedy_gain,strict_masking,pi_2,0.5,0.0,0.0,0.0,0.0,0.0,True,0.6,0.6
end_to_end,development:403:FB+FR:strict_masking:0.50:0.00:0:end_to_end,strict_masking,pi_2,0.5,0.0,0.0,0.0,1.0,1.05,False,-0.45,0.6
oracle,development:403:FB+FR:strict_masking:0.50:0.00:0:oracle,strict_masking,pi_2,0.5,0.0,0.0,0.0,0.0,0.0,True,0.6,0.6
qrtc,development:403:FB+FR:strict_masking:0.50:0.05:0:qrtc,strict_masking,pi_2,0.5,0.05,0.0,0.0,0.0,0.0,True,0.6,0.6
random,development:403:FB+FR:strict_masking:0.50:0.05:0:random,strict_masking,pi_2,0.5,0.05,0.0,0.0,1.0,1.05,False,-0.45,0.6
cheapest_first,development:403:FB+FR:strict_masking:0.50:0.05:0:cheapest_first,strict_masking,pi_2,0.5,0.05,0.0,0.0,1.0,0.8999999999999999,False,-0.3,0.6
highest_stage_posterior,development:403:FB+FR:strict_masking:0.50:0.05:0:highest_stage_posterior,strict_masking,pi_2,0.5,0.05,0.0,0.0,1.0,1.05,False,-0.45,0.6
greedy_gain,development:403:FB+FR:strict_masking:0.50:0.05:0:greedy_gain,strict_masking,pi_2,0.5,0.05,0.0,0.0,0.0,0.0,True,0.6,0.6
end_to_end,development:403:FB+FR:strict_masking:0.50:0.05:0:end_to_end,strict_masking,pi_2,0.5,0.05,0.0,0.0,1.0,1.05,False,-0.45,0.6
oracle,development:403:FB+FR:strict_masking:0.50:0.05:0:oracle,strict_masking,pi_2,0.5,0.05,0.0,0.0,0.0,0.0,True,0.6,0.6
qrtc,development:403:FB+FR:strict_masking:0.50:0.10:0:qrtc,strict_masking,pi_2,0.5,0.1,0.0,0.0,0.0,0.0,True,0.6,0.6
random,development:403:FB+FR:strict_masking:0.50:0.10:0:random,strict_masking,pi_2,0.5,0.1,0.0,0.0,1.0,0.95,False,-0.35,0.6
cheapest_first,development:403:FB+FR:strict_masking:0.50:0.10:0:cheapest_first,strict_masking,pi_2,0.5,0.1,0.0,0.0,1.0,0.8999999999999999,False,-0.3,0.6
highest_stage_posterior,development:403:FB+FR:strict_masking:0.50:0.10:0:highest_stage_posterior,strict_masking,pi_2,0.5,0.1,0.0,0.0,1.0,1.05,False,-0.45,0.6
greedy_gain,development:403:FB+FR:strict_masking:0.50:0.10:0:greedy_gain,strict_masking,pi_2,0.5,0.1,0.0,0.0,0.0,0.0,True,0.6,0.6
end_to_end,development:403:FB+FR:strict_masking:0.50:0.10:0:end_to_end,strict_masking,pi_2,0.5,0.1,0.0,0.0,1.0,1.05,False,-0.45,0.6
oracle,development:403:FB+FR:strict_masking:0.50:0.10:0:oracle,strict_masking,pi_2,0.5,0.1,0.0,0.0,0.0,0.0,True,0.6,0.6
qrtc,development:403:FB+FR:strict_masking:0.50:0.20:0:qrtc,strict_masking,pi_2,0.5,0.2,0.0,0.0,0.0,0.0,True,0.6,0.6
random,development:403:FB+FR:strict_masking:0.50:0.20:0:random,strict_masking,pi_2,0.5,0.2,0.0,0.0,1.0,0.8999999999999999,False,-0.3,0.6
cheapest_first,development:403:FB+FR:strict_masking:0.50:0.20:0:cheapest_first,strict_masking,pi_2,0.5,0.2,0.0,0.0,1.0,0.8999999999999999,False,-0.3,0.6
highest_stage_posterior,development:403:FB+FR:strict_masking:0.50:0.20:0:highest_stage_posterior,strict_masking,pi_2,0.5,0.2,0.0,0.0,1.0,1.05,False,-0.45,0.6
greedy_gain,development:403:FB+FR:strict_masking:0.50:0.20:0:greedy_gain,strict_masking,pi_2,0.5,0.2,0.0,0.0,0.0,0.0,True,0.6,0.6
end_to_end,development:403:FB+FR:strict_masking:0.50:0.20:0:end_to_end,strict_masking,pi_2,0.5,0.2,0.0,0.0,1.0,1.05,False,-0.45,0.6
oracle,development:403:FB+FR:strict_masking:0.50:0.20:0:oracle,strict_masking,pi_2,0.5,0.2,0.0,0.0,0.0,0.0,True,0.6,0.6
qrtc,development:403:FB+FR:strict_masking:0.75:0.00:0:qrtc,strict_masking,pi_2,0.75,0.0,0.0,0.0,0.0,0.0,True,0.6,0.6
random,development:403:FB+FR:strict_masking:0.75:0.00:0:random,strict_masking,pi_2,0.75,0.0,0.0,0.0,1.0,1.05,False,-0.45,0.6
cheapest_first,development:403:FB+FR:strict_masking:0.75:0.00:0:cheapest_first,strict_masking,pi_2,0.75,0.0,0.0,0.0,1.0,0.8999999999999999,False,-0.3,0.6
highest_stage_posterior,development:403:FB+FR:strict_masking:0.75:0.00:0:highest_stage_posterior,strict_masking,pi_2,0.75,0.0,0.0,0.0,1.0,1.05,False,-0.45,0.6
greedy_gain,development:403:FB+FR:strict_masking:0.75:0.00:0:greedy_gain,strict_masking,pi_2,0.75,0.0,0.0,0.0,0.0,0.0,True,0.6,0.6
end_to_end,development:403:FB+FR:strict_masking:0.75:0.00:0:end_to_end,strict_masking,pi_2,0.75,0.0,0.0,0.0,1.0,1.05,False,-0.45,0.6
oracle,development:403:FB+FR:strict_masking:0.75:0.00:0:oracle,strict_masking,pi_2,0.75,0.0,0.0,0.0,0.0,0.0,True,0.6,0.6
qrtc,development:403:FB+FR:strict_masking:0.75:0.05:0:qrtc,strict_masking,pi_2,0.75,0.05,0.0,0.0,0.0,0.0,True,0.6,0.6
random,development:403:FB+FR:strict_masking:0.75:0.05:0:random,strict_masking,pi_2,0.75,0.05,0.0,0.0,1.0,0.8999999999999999,False,-0.3,0.6
cheapest_first,development:403:FB+FR:strict_masking:0.75:0.05:0:cheapest_first,strict_masking,pi_2,0.75,0.05,0.0,0.0,1.0,0.8999999999999999,False,-0.3,0.6
highest_stage_posterior,development:403:FB+FR:strict_masking:0.75:0.05:0:highest_stage_posterior,strict_masking,pi_2,0.75,0.05,0.0,0.0,1.0,1.05,False,-0.45,0.6
greedy_gain,development:403:FB+FR:strict_masking:0.75:0.05:0:greedy_gain,strict_masking,pi_2,0.75,0.05,0.0,0.0,0.0,0.0,True,0.6,0.6
end_to_end,development:403:FB+FR:strict_masking:0.75:0.05:0:end_to_end,strict_masking,pi_2,0.75,0.05,0.0,0.0,1.0,1.05,False,-0.45,0.6
oracle,development:403:FB+FR:strict_masking:0.75:0.05:0:oracle,strict_masking,pi_2,0.75,0.05,0.0,0.0,0.0,0.0,True,0.6,0.6
qrtc,development:403:FB+FR:strict_masking:0.75:0.10:0:qrtc,strict_masking,pi_2,0.75,0.1,0.0,0.0,0.0,0.0,True,0.6,0.6
random,development:403:FB+FR:strict_masking:0.75:0.10:0:random,strict_masking,pi_2,0.75,0.1,0.0,0.0,1.0,0.8999999999999999,False,-0.3,0.6
cheapest_first,development:403:FB+FR:strict_masking:0.75:0.10:0:cheapest_first,strict_masking,pi_2,0.75,0.1,0.0,0.0,1.0,0.8999999999999999,False,-0.3,0.6
highest_stage_posterior,development:403:FB+FR:strict_masking:0.75:0.10:0:highest_stage_posterior,strict_masking,pi_2,0.75,0.1,0.0,0.0,1.0,1.05,False,-0.45,0.6
greedy_gain,development:403:FB+FR:strict_masking:0.75:0.10:0:greedy_gain,strict_masking,pi_2,0.75,0.1,0.0,0.0,0.0,0.0,True,0.6,0.6
end_to_end,development:403:FB+FR:strict_masking:0.75:0.10:0:end_to_end,strict_masking,pi_2,0.75,0.1,0.0,0.0,1.0,1.05,False,-0.45,0.6
oracle,development:403:FB+FR:strict_masking:0.75:0.10:0:oracle,strict_masking,pi_2,0.75,0.1,0.0,0.0,0.0,0.0,True,0.6,0.6
qrtc,development:403:FB+FR:strict_masking:0.75:0.20:0:qrtc,strict_masking,pi_2,0.75,0.2,0.0,0.0,0.0,0.0,True,0.6,0.6
random,development:403:FB+FR:strict_masking:0.75:0.20:0:random,strict_masking,pi_2,0.75,0.2,0.0,0.0,1.0,1.1,False,-0.5,0.6
cheapest_first,development:403:FB+FR:strict_masking:0.75:0.20:0:cheapest_first,strict_masking,pi_2,0.75,0.2,0.0,0.0,1.0,0.8999999999999999,False,-0.3,0.6
highest_stage_posterior,development:403:FB+FR:strict_masking:0.75:0.20:0:highest_stage_posterior,strict_masking,pi_2,0.75,0.2,0.0,0.0,1.0,1.05,False,-0.45,0.6
greedy_gain,development:403:FB+FR:strict_masking:0.75:0.20:0:greedy_gain,strict_masking,pi_2,0.75,0.2,0.0,0.0,0.0,0.0,True,0.6,0.6
end_to_end,development:403:FB+FR:strict_masking:0.75:0.20:0:end_to_end,strict_masking,pi_2,0.75,0.2,0.0,0.0,1.0,1.05,False,-0.45,0.6
oracle,development:403:FB+FR:strict_masking:0.75:0.20:0:oracle,strict_masking,pi_2,0.75,0.2,0.0,0.0,0.0,0.0,True,0.6,0.6
qrtc,development:403:FB+FR:strict_masking:1.00:0.00:0:qrtc,strict_masking,pi_2,1.0,0.0,0.0,0.0,0.0,0.0,True,0.6,0.6
random,development:403:FB+FR:strict_masking:1.00:0.00:0:random,strict_masking,pi_2,1.0,0.0,0.0,0.0,1.0,1.05,False,-0.45,0.6
cheapest_first,development:403:FB+FR:strict_masking:1.00:0.00:0:cheapest_first,strict_masking,pi_2,1.0,0.0,0.0,0.0,1.0,0.8999999999999999,False,-0.3,0.6
highest_stage_posterior,development:403:FB+FR:strict_masking:1.00:0.00:0:highest_stage_posterior,strict_masking,pi_2,1.0,0.0,0.0,0.0,1.0,1.05,False,-0.45,0.6
greedy_gain,development:403:FB+FR:strict_masking:1.00:0.00:0:greedy_gain,strict_masking,pi_2,1.0,0.0,0.0,0.0,0.0,0.0,True,0.6,0.6
end_to_end,development:403:FB+FR:strict_masking:1.00:0.00:0:end_to_end,strict_masking,pi_2,1.0,0.0,0.0,0.0,1.0,1.05,False,-0.45,0.6
oracle,development:403:FB+FR:strict_masking:1.00:0.00:0:oracle,strict_masking,pi_2,1.0,0.0,0.0,0.0,0.0,0.0,True,0.6,0.6
qrtc,development:403:FB+FR:strict_masking:1.00:0.05:0:qrtc,strict_masking,pi_2,1.0,0.05,0.0,0.0,0.0,0.0,True,0.6,0.6
random,development:403:FB+FR:strict_masking:1.00:0.05:0:random,strict_masking,pi_2,1.0,0.05,0.0,0.0,1.0,0.95,False,-0.35,0.6
cheapest_first,development:403:FB+FR:strict_masking:1.00:0.05:0:cheapest_first,strict_masking,pi_2,1.0,0.05,0.0,0.0,1.0,0.8999999999999999,False,-0.3,0.6
highest_stage_posterior,development:403:FB+FR:strict_masking:1.00:0.05:0:highest_stage_posterior,strict_masking,pi_2,1.0,0.05,0.0,0.0,1.0,1.05,False,-0.45,0.6
greedy_gain,development:403:FB+FR:strict_masking:1.00:0.05:0:greedy_gain,strict_masking,pi_2,1.0,0.05,0.0,0.0,0.0,0.0,True,0.6,0.6
end_to_end,development:403:FB+FR:strict_masking:1.00:0.05:0:end_to_end,strict_masking,pi_2,1.0,0.05,0.0,0.0,1.0,1.05,False,-0.45,0.6
oracle,development:403:FB+FR:strict_masking:1.00:0.05:0:oracle,strict_masking,pi_2,1.0,0.05,0.0,0.0,0.0,0.0,True,0.6,0.6
qrtc,development:403:FB+FR:strict_masking:1.00:0.10:0:qrtc,strict_masking,pi_2,1.0,0.1,0.0,0.0,0.0,0.0,True,0.6,0.6
random,development:403:FB+FR:strict_masking:1.00:0.10:0:random,strict_masking,pi_2,1.0,0.1,0.0,0.0,1.0,1.05,False,-0.45,0.6
cheapest_first,development:403:FB+FR:strict_masking:1.00:0.10:0:cheapest_first,strict_masking,pi_2,1.0,0.1,0.0,0.0,1.0,0.8999999999999999,False,-0.3,0.6
highest_stage_posterior,development:403:FB+FR:strict_masking:1.00:0.10:0:highest_stage_posterior,strict_masking,pi_2,1.0,0.1,0.0,0.0,1.0,1.05,False,-0.45,0.6
greedy_gain,development:403:FB+FR:strict_masking:1.00:0.10:0:greedy_gain,strict_masking,pi_2,1.0,0.1,0.0,0.0,0.0,0.0,True,0.6,0.6
end_to_end,development:403:FB+FR:strict_masking:1.00:0.10:0:end_to_end,strict_masking,pi_2,1.0,0.1,0.0,0.0,1.0,1.05,False,-0.45,0.6
oracle,development:403:FB+FR:strict_masking:1.00:0.10:0:oracle,strict_masking,pi_2,1.0,0.1,0.0,0.0,0.0,0.0,True,0.6,0.6
qrtc,development:403:FB+FR:strict_masking:1.00:0.20:0:qrtc,strict_masking,pi_2,1.0,0.2,0.0,0.0,0.0,0.0,True,0.6,0.6
random,development:403:FB+FR:strict_masking:1.00:0.20:0:random,strict_masking,pi_2,1.0,0.2,0.0,0.0,1.0,1.1,False,-0.5,0.6
cheapest_first,development:403:FB+FR:strict_masking:1.00:0.20:0:cheapest_first,strict_masking,pi_2,1.0,0.2,0.0,0.0,1.0,0.8999999999999999,False,-0.3,0.6
highest_stage_posterior,development:403:FB+FR:strict_masking:1.00:0.20:0:highest_stage_posterior,strict_masking,pi_2,1.0,0.2,0.0,0.0,1.0,1.05,False,-0.45,0.6
greedy_gain,development:403:FB+FR:strict_masking:1.00:0.20:0:greedy_gain,strict_masking,pi_2,1.0,0.2,0.0,0.0,0.0,0.0,True,0.6,0.6
end_to_end,development:403:FB+FR:strict_masking:1.00:0.20:0:end_to_end,strict_masking,pi_2,1.0,0.2,0.0,0.0,1.0,1.05,False,-0.45,0.6
oracle,development:403:FB+FR:strict_masking:1.00:0.20:0:oracle,strict_masking,pi_2,1.0,0.2,0.0,0.0,0.0,0.0,True,0.6,0.6
qrtc,development:403:FB+FR:soft_masking:0.25:0.00:0:qrtc,soft_masking,pi_2,0.25,0.0,0.0,0.0,0.0,0.20000000000000007,True,0.6,0.8
random,development:403:FB+FR:soft_masking:0.25:0.00:0:random,soft_masking,pi_2,0.25,0.0,0.0,0.0,0.0,0.0,True,0.8,0.8
cheapest_first,development:403:FB+FR:soft_masking:0.25:0.00:0:cheapest_first,soft_masking,pi_2,0.25,0.0,0.0,0.0,1.0,1.1,False,-0.3,0.8
highest_stage_posterior,development:403:FB+FR:soft_masking:0.25:0.00:0:highest_stage_posterior,soft_masking,pi_2,0.25,0.0,0.0,0.0,0.0,0.0,True,0.8,0.8
greedy_gain,development:403:FB+FR:soft_masking:0.25:0.00:0:greedy_gain,soft_masking,pi_2,0.25,0.0,0.0,0.0,0.0,0.0,True,0.8,0.8
end_to_end,development:403:FB+FR:soft_masking:0.25:0.00:0:end_to_end,soft_masking,pi_2,0.25,0.0,0.0,0.0,0.0,0.0,True,0.8,0.8
oracle,development:403:FB+FR:soft_masking:0.25:0.00:0:oracle,soft_masking,pi_2,0.25,0.0,0.0,0.0,0.0,0.0,True,0.8,0.8
qrtc,development:403:FB+FR:soft_masking:0.25:0.05:0:qrtc,soft_masking,pi_2,0.25,0.05,0.0,0.0,0.0,0.20000000000000007,True,0.6,0.8
random,development:403:FB+FR:soft_masking:0.25:0.05:0:random,soft_masking,pi_2,0.25,0.05,0.0,0.0,0.0,0.0,True,0.8,0.8
cheapest_first,development:403:FB+FR:soft_masking:0.25:0.05:0:cheapest_first,soft_masking,pi_2,0.25,0.05,0.0,0.0,1.0,1.1,False,-0.3,0.8
highest_stage_posterior,development:403:FB+FR:soft_masking:0.25:0.05:0:highest_stage_posterior,soft_masking,pi_2,0.25,0.05,0.0,0.0,0.0,0.0,True,0.8,0.8
greedy_gain,development:403:FB+FR:soft_masking:0.25:0.05:0:greedy_gain,soft_masking,pi_2,0.25,0.05,0.0,0.0,0.0,0.0,True,0.8,0.8
end_to_end,development:403:FB+FR:soft_masking:0.25:0.05:0:end_to_end,soft_masking,pi_2,0.25,0.05,0.0,0.0,0.0,0.0,True,0.8,0.8
oracle,development:403:FB+FR:soft_masking:0.25:0.05:0:oracle,soft_masking,pi_2,0.25,0.05,0.0,0.0,0.0,0.0,True,0.8,0.8
qrtc,development:403:FB+FR:soft_masking:0.25:0.10:0:qrtc,soft_masking,pi_2,0.25,0.1,0.0,0.0,0.0,0.20000000000000007,True,0.6,0.8
random,development:403:FB+FR:soft_masking:0.25:0.10:0:random,soft_masking,pi_2,0.25,0.1,0.0,0.0,1.0,1.1,False,-0.3,0.8
cheapest_first,development:403:FB+FR:soft_masking:0.25:0.10:0:cheapest_first,soft_masking,pi_2,0.25,0.1,0.0,0.0,1.0,1.1,False,-0.3,0.8
highest_stage_posterior,development:403:FB+FR:soft_masking:0.25:0.10:0:highest_stage_posterior,soft_masking,pi_2,0.25,0.1,0.0,0.0,0.0,0.0,True,0.8,0.8
greedy_gain,development:403:FB+FR:soft_masking:0.25:0.10:0:greedy_gain,soft_masking,pi_2,0.25,0.1,0.0,0.0,0.0,0.0,True,0.8,0.8
end_to_end,development:403:FB+FR:soft_masking:0.25:0.10:0:end_to_end,soft_masking,pi_2,0.25,0.1,0.0,0.0,0.0,0.0,True,0.8,0.8
oracle,development:403:FB+FR:soft_masking:0.25:0.10:0:oracle,soft_masking,pi_2,0.25,0.1,0.0,0.0,0.0,0.0,True,0.8,0.8
qrtc,development:403:FB+FR:soft_masking:0.25:0.20:0:qrtc,soft_masking,pi_2,0.25,0.2,0.0,0.0,0.0,0.20000000000000007,True,0.6,0.8
random,development:403:FB+FR:soft_masking:0.25:0.20:0:random,soft_masking,pi_2,0.25,0.2,0.0,0.0,1.0,1.15,False,-0.35,0.8
cheapest_first,development:403:FB+FR:soft_masking:0.25:0.20:0:cheapest_first,soft_masking,pi_2,0.25,0.2,0.0,0.0,1.0,1.1,False,-0.3,0.8
highest_stage_posterior,development:403:FB+FR:soft_masking:0.25:0.20:0:highest_stage_posterior,soft_masking,pi_2,0.25,0.2,0.0,0.0,0.0,0.0,True,0.8,0.8
greedy_gain,development:403:FB+FR:soft_masking:0.25:0.20:0:greedy_gain,soft_masking,pi_2,0.25,0.2,0.0,0.0,0.0,0.0,True,0.8,0.8
end_to_end,development:403:FB+FR:soft_masking:0.25:0.20:0:end_to_end,soft_masking,pi_2,0.25,0.2,0.0,0.0,0.0,0.0,True,0.8,0.8
oracle,development:403:FB+FR:soft_masking:0.25:0.20:0:oracle,soft_masking,pi_2,0.25,0.2,0.0,0.0,0.0,0.0,True,0.8,0.8
qrtc,development:403:FB+FR:soft_masking:0.50:0.00:0:qrtc,soft_masking,pi_2,0.5,0.0,0.0,0.0,0.0,0.20000000000000007,True,0.6,0.8
random,development:403:FB+FR:soft_masking:0.50:0.00:0:random,soft_masking,pi_2,0.5,0.0,0.0,0.0,0.0,0.0,True,0.8,0.8
cheapest_first,development:403:FB+FR:soft_masking:0.50:0.00:0:cheapest_first,soft_masking,pi_2,0.5,0.0,0.0,0.0,1.0,1.1,False,-0.3,0.8
highest_stage_posterior,development:403:FB+FR:soft_masking:0.50:0.00:0:highest_stage_posterior,soft_masking,pi_2,0.5,0.0,0.0,0.0,0.0,0.0,True,0.8,0.8
greedy_gain,development:403:FB+FR:soft_masking:0.50:0.00:0:greedy_gain,soft_masking,pi_2,0.5,0.0,0.0,0.0,0.0,0.0,True,0.8,0.8
end_to_end,development:403:FB+FR:soft_masking:0.50:0.00:0:end_to_end,soft_masking,pi_2,0.5,0.0,0.0,0.0,0.0,0.0,True,0.8,0.8
oracle,development:403:FB+FR:soft_masking:0.50:0.00:0:oracle,soft_masking,pi_2,0.5,0.0,0.0,0.0,0.0,0.0,True,0.8,0.8
qrtc,development:403:FB+FR:soft_masking:0.50:0.05:0:qrtc,soft_masking,pi_2,0.5,0.05,0.0,0.0,0.0,0.20000000000000007,True,0.6,0.8
random,development:403:FB+FR:soft_masking:0.50:0.05:0:random,soft_masking,pi_2,0.5,0.05,0.0,0.0,0.0,0.0,True,0.8,0.8
cheapest_first,development:403:FB+FR:soft_masking:0.50:0.05:0:cheapest_first,soft_masking,pi_2,0.5,0.05,0.0,0.0,1.0,1.1,False,-0.3,0.8
highest_stage_posterior,development:403:FB+FR:soft_masking:0.50:0.05:0:highest_stage_posterior,soft_masking,pi_2,0.5,0.05,0.0,0.0,0.0,0.0,True,0.8,0.8
greedy_gain,development:403:FB+FR:soft_masking:0.50:0.05:0:greedy_gain,soft_masking,pi_2,0.5,0.05,0.0,0.0,0.0,0.0,True,0.8,0.8
end_to_end,development:403:FB+FR:soft_masking:0.50:0.05:0:end_to_end,soft_masking,pi_2,0.5,0.05,0.0,0.0,0.0,0.0,True,0.8,0.8
oracle,development:403:FB+FR:soft_masking:0.50:0.05:0:oracle,soft_masking,pi_2,0.5,0.05,0.0,0.0,0.0,0.0,True,0.8,0.8
qrtc,development:403:FB+FR:soft_masking:0.50:0.10:0:qrtc,soft_masking,pi_2,0.5,0.1,0.0,0.0,0.0,0.20000000000000007,True,0.6,0.8
random,development:403:FB+FR:soft_masking:0.50:0.10:0:random,soft_masking,pi_2,0.5,0.1,0.0,0.0,1.0,1.15,False,-0.35,0.8
cheapest_first,development:403:FB+FR:soft_masking:0.50:0.10:0:cheapest_first,soft_masking,pi_2,0.5,0.1,0.0,0.0,1.0,1.1,False,-0.3,0.8
highest_stage_posterior,development:403:FB+FR:soft_masking:0.50:0.10:0:highest_stage_posterior,soft_masking,pi_2,0.5,0.1,0.0,0.0,0.0,0.0,True,0.8,0.8
greedy_gain,development:403:FB+FR:soft_masking:0.50:0.10:0:greedy_gain,soft_masking,pi_2,0.5,0.1,0.0,0.0,0.0,0.0,True,0.8,0.8
end_to_end,development:403:FB+FR:soft_masking:0.50:0.10:0:end_to_end,soft_masking,pi_2,0.5,0.1,0.0,0.0,0.0,0.0,True,0.8,0.8
oracle,development:403:FB+FR:soft_masking:0.50:0.10:0:oracle,soft_masking,pi_2,0.5,0.1,0.0,0.0,0.0,0.0,True,0.8,0.8
qrtc,development:403:FB+FR:soft_masking:0.50:0.20:0:qrtc,soft_masking,pi_2,0.5,0.2,0.0,0.0,0.0,0.20000000000000007,True,0.6,0.8
random,development:403:FB+FR:soft_masking:0.50:0.20:0:random,soft_masking,pi_2,0.5,0.2,0.0,0.0,1.0,1.1,False,-0.3,0.8
cheapest_first,development:403:FB+FR:soft_masking:0.50:0.20:0:cheapest_first,soft_masking,pi_2,0.5,0.2,0.0,0.0,1.0,1.1,False,-0.3,0.8
highest_stage_posterior,development:403:FB+FR:soft_masking:0.50:0.20:0:highest_stage_posterior,soft_masking,pi_2,0.5,0.2,0.0,0.0,0.0,0.0,True,0.8,0.8
greedy_gain,development:403:FB+FR:soft_masking:0.50:0.20:0:greedy_gain,soft_masking,pi_2,0.5,0.2,0.0,0.0,0.0,0.0,True,0.8,0.8
end_to_end,development:403:FB+FR:soft_masking:0.50:0.20:0:end_to_end,soft_masking,pi_2,0.5,0.2,0.0,0.0,0.0,0.0,True,0.8,0.8
oracle,development:403:FB+FR:soft_masking:0.50:0.20:0:oracle,soft_masking,pi_2,0.5,0.2,0.0,0.0,0.0,0.0,True,0.8,0.8
qrtc,development:403:FB+FR:soft_masking:0.75:0.00:0:qrtc,soft_masking,pi_2,0.75,0.0,0.0,0.0,0.0,0.20000000000000007,True,0.6,0.8
random,development:403:FB+FR:soft_masking:0.75:0.00:0:random,soft_masking,pi_2,0.75,0.0,0.0,0.0,0.0,0.0,True,0.8,0.8
cheapest_first,development:403:FB+FR:soft_masking:0.75:0.00:0:cheapest_first,soft_masking,pi_2,0.75,0.0,0.0,0.0,1.0,1.1,False,-0.3,0.8
highest_stage_posterior,development:403:FB+FR:soft_masking:0.75:0.00:0:highest_stage_posterior,soft_masking,pi_2,0.75,0.0,0.0,0.0,0.0,0.0,True,0.8,0.8
greedy_gain,development:403:FB+FR:soft_masking:0.75:0.00:0:greedy_gain,soft_masking,pi_2,0.75,0.0,0.0,0.0,0.0,0.0,True,0.8,0.8
end_to_end,development:403:FB+FR:soft_masking:0.75:0.00:0:end_to_end,soft_masking,pi_2,0.75,0.0,0.0,0.0,0.0,0.0,True,0.8,0.8
oracle,development:403:FB+FR:soft_masking:0.75:0.00:0:oracle,soft_masking,pi_2,0.75,0.0,0.0,0.0,0.0,0.0,True,0.8,0.8
qrtc,development:403:FB+FR:soft_masking:0.75:0.05:0:qrtc,soft_masking,pi_2,0.75,0.05,0.0,0.0,0.0,0.20000000000000007,True,0.6,0.8
random,development:403:FB+FR:soft_masking:0.75:0.05:0:random,soft_masking,pi_2,0.75,0.05,0.0,0.0,1.0,1.1,False,-0.3,0.8
cheapest_first,development:403:FB+FR:soft_masking:0.75:0.05:0:cheapest_first,soft_masking,pi_2,0.75,0.05,0.0,0.0,1.0,1.1,False,-0.3,0.8
highest_stage_posterior,development:403:FB+FR:soft_masking:0.75:0.05:0:highest_stage_posterior,soft_masking,pi_2,0.75,0.05,0.0,0.0,0.0,0.0,True,0.8,0.8
greedy_gain,development:403:FB+FR:soft_masking:0.75:0.05:0:greedy_gain,soft_masking,pi_2,0.75,0.05,0.0,0.0,0.0,0.0,True,0.8,0.8
end_to_end,development:403:FB+FR:soft_masking:0.75:0.05:0:end_to_end,soft_masking,pi_2,0.75,0.05,0.0,0.0,0.0,0.0,True,0.8,0.8
oracle,development:403:FB+FR:soft_masking:0.75:0.05:0:oracle,soft_masking,pi_2,0.75,0.05,0.0,0.0,0.0,0.0,True,0.8,0.8
qrtc,development:403:FB+FR:soft_masking:0.75:0.10:0:qrtc,soft_masking,pi_2,0.75,0.1,0.0,0.0,0.0,0.20000000000000007,True,0.6,0.8
random,development:403:FB+FR:soft_masking:0.75:0.10:0:random,soft_masking,pi_2,0.75,0.1,0.0,0.0,1.0,1.1,False,-0.3,0.8
cheapest_first,development:403:FB+FR:soft_masking:0.75:0.10:0:cheapest_first,soft_masking,pi_2,0.75,0.1,0.0,0.0,1.0,1.1,False,-0.3,0.8
highest_stage_posterior,development:403:FB+FR:soft_masking:0.75:0.10:0:highest_stage_posterior,soft_masking,pi_2,0.75,0.1,0.0,0.0,0.0,0.0,True,0.8,0.8
greedy_gain,development:403:FB+FR:soft_masking:0.75:0.10:0:greedy_gain,soft_masking,pi_2,0.75,0.1,0.0,0.0,0.0,0.0,True,0.8,0.8
end_to_end,development:403:FB+FR:soft_masking:0.75:0.10:0:end_to_end,soft_masking,pi_2,0.75,0.1,0.0,0.0,0.0,0.0,True,0.8,0.8
oracle,development:403:FB+FR:soft_masking:0.75:0.10:0:oracle,soft_masking,pi_2,0.75,0.1,0.0,0.0,0.0,0.0,True,0.8,0.8
qrtc,development:403:FB+FR:soft_masking:0.75:0.20:0:qrtc,soft_masking,pi_2,0.75,0.2,0.0,0.0,0.0,0.20000000000000007,True,0.6,0.8
random,development:403:FB+FR:soft_masking:0.75:0.20:0:random,soft_masking,pi_2,0.75,0.2,0.0,0.0,1.0,1.3,False,-0.5,0.8
cheapest_first,development:403:FB+FR:soft_masking:0.75:0.20:0:cheapest_first,soft_masking,pi_2,0.75,0.2,0.0,0.0,1.0,1.1,False,-0.3,0.8
highest_stage_posterior,development:403:FB+FR:soft_masking:0.75:0.20:0:highest_stage_posterior,soft_masking,pi_2,0.75,0.2,0.0,0.0,0.0,0.0,True,0.8,0.8
greedy_gain,development:403:FB+FR:soft_masking:0.75:0.20:0:greedy_gain,soft_masking,pi_2,0.75,0.2,0.0,0.0,0.0,0.0,True,0.8,0.8
end_to_end,development:403:FB+FR:soft_masking:0.75:0.20:0:end_to_end,soft_masking,pi_2,0.75,0.2,0.0,0.0,0.0,0.0,True,0.8,0.8
oracle,development:403:FB+FR:soft_masking:0.75:0.20:0:oracle,soft_masking,pi_2,0.75,0.2,0.0,0.0,0.0,0.0,True,0.8,0.8
qrtc,development:403:FB+FR:soft_masking:1.00:0.00:0:qrtc,soft_masking,pi_2,1.0,0.0,0.0,0.0,0.0,0.20000000000000007,True,0.6,0.8
random,development:403:FB+FR:soft_masking:1.00:0.00:0:random,soft_masking,pi_2,1.0,0.0,0.0,0.0,0.0,0.0,True,0.8,0.8
cheapest_first,development:403:FB+FR:soft_masking:1.00:0.00:0:cheapest_first,soft_masking,pi_2,1.0,0.0,0.0,0.0,1.0,1.1,False,-0.3,0.8
highest_stage_posterior,development:403:FB+FR:soft_masking:1.00:0.00:0:highest_stage_posterior,soft_masking,pi_2,1.0,0.0,0.0,0.0,0.0,0.0,True,0.8,0.8
greedy_gain,development:403:FB+FR:soft_masking:1.00:0.00:0:greedy_gain,soft_masking,pi_2,1.0,0.0,0.0,0.0,0.0,0.0,True,0.8,0.8
end_to_end,development:403:FB+FR:soft_masking:1.00:0.00:0:end_to_end,soft_masking,pi_2,1.0,0.0,0.0,0.0,0.0,0.0,True,0.8,0.8
oracle,development:403:FB+FR:soft_masking:1.00:0.00:0:oracle,soft_masking,pi_2,1.0,0.0,0.0,0.0,0.0,0.0,True,0.8,0.8
qrtc,development:403:FB+FR:soft_masking:1.00:0.05:0:qrtc,soft_masking,pi_2,1.0,0.05,0.0,0.0,0.0,0.20000000000000007,True,0.6,0.8
random,development:403:FB+FR:soft_masking:1.00:0.05:0:random,soft_masking,pi_2,1.0,0.05,0.0,0.0,1.0,1.15,False,-0.35,0.8
cheapest_first,development:403:FB+FR:soft_masking:1.00:0.05:0:cheapest_first,soft_masking,pi_2,1.0,0.05,0.0,0.0,1.0,1.1,False,-0.3,0.8
highest_stage_posterior,development:403:FB+FR:soft_masking:1.00:0.05:0:highest_stage_posterior,soft_masking,pi_2,1.0,0.05,0.0,0.0,0.0,0.0,True,0.8,0.8
greedy_gain,development:403:FB+FR:soft_masking:1.00:0.05:0:greedy_gain,soft_masking,pi_2,1.0,0.05,0.0,0.0,0.0,0.0,True,0.8,0.8
end_to_end,development:403:FB+FR:soft_masking:1.00:0.05:0:end_to_end,soft_masking,pi_2,1.0,0.05,0.0,0.0,0.0,0.0,True,0.8,0.8
oracle,development:403:FB+FR:soft_masking:1.00:0.05:0:oracle,soft_masking,pi_2,1.0,0.05,0.0,0.0,0.0,0.0,True,0.8,0.8
qrtc,development:403:FB+FR:soft_masking:1.00:0.10:0:qrtc,soft_masking,pi_2,1.0,0.1,0.0,0.0,0.0,0.20000000000000007,True,0.6,0.8
random,development:403:FB+FR:soft_masking:1.00:0.10:0:random,soft_masking,pi_2,1.0,0.1,0.0,0.0,0.0,0.0,True,0.8,0.8
cheapest_first,development:403:FB+FR:soft_masking:1.00:0.10:0:cheapest_first,soft_masking,pi_2,1.0,0.1,0.0,0.0,1.0,1.1,False,-0.3,0.8
highest_stage_posterior,development:403:FB+FR:soft_masking:1.00:0.10:0:highest_stage_posterior,soft_masking,pi_2,1.0,0.1,0.0,0.0,0.0,0.0,True,0.8,0.8
greedy_gain,development:403:FB+FR:soft_masking:1.00:0.10:0:greedy_gain,soft_masking,pi_2,1.0,0.1,0.0,0.0,0.0,0.0,True,0.8,0.8
end_to_end,development:403:FB+FR:soft_masking:1.00:0.10:0:end_to_end,soft_masking,pi_2,1.0,0.1,0.0,0.0,0.0,0.0,True,0.8,0.8
oracle,development:403:FB+FR:soft_masking:1.00:0.10:0:oracle,soft_masking,pi_2,1.0,0.1,0.0,0.0,0.0,0.0,True,0.8,0.8
qrtc,development:403:FB+FR:soft_masking:1.00:0.20:0:qrtc,soft_masking,pi_2,1.0,0.2,0.0,0.0,0.0,0.20000000000000007,True,0.6,0.8
random,development:403:FB+FR:soft_masking:1.00:0.20:0:random,soft_masking,pi_2,1.0,0.2,0.0,0.0,1.0,1.3,False,-0.5,0.8
cheapest_first,development:403:FB+FR:soft_masking:1.00:0.20:0:cheapest_first,soft_masking,pi_2,1.0,0.2,0.0,0.0,1.0,1.1,False,-0.3,0.8
highest_stage_posterior,development:403:FB+FR:soft_masking:1.00:0.20:0:highest_stage_posterior,soft_masking,pi_2,1.0,0.2,0.0,0.0,0.0,0.0,True,0.8,0.8
greedy_gain,development:403:FB+FR:soft_masking:1.00:0.20:0:greedy_gain,soft_masking,pi_2,1.0,0.2,0.0,0.0,0.0,0.0,True,0.8,0.8
end_to_end,development:403:FB+FR:soft_masking:1.00:0.20:0:end_to_end,soft_masking,pi_2,1.0,0.2,0.0,0.0,0.0,0.0,True,0.8,0.8
oracle,development:403:FB+FR:soft_masking:1.00:0.20:0:oracle,soft_masking,pi_2,1.0,0.2,0.0,0.0,0.0,0.0,True,0.8,0.8
qrtc,development:403:FB+FR:independent:0.25:0.00:0:qrtc,independent,pi_2,0.25,0.0,0.0,0.0,0.0,0.0,True,0.8,0.8
random,development:403:FB+FR:independent:0.25:0.00:0:random,independent,pi_2,0.25,0.0,0.0,0.0,0.0,0.0,True,0.8,0.8
cheapest_first,development:403:FB+FR:independent:0.25:0.00:0:cheapest_first,independent,pi_2,0.25,0.0,0.0,0.0,1.0,1.1,False,-0.3,0.8
highest_stage_posterior,development:403:FB+FR:independent:0.25:0.00:0:highest_stage_posterior,independent,pi_2,0.25,0.0,0.0,0.0,0.0,0.0,True,0.8,0.8
greedy_gain,development:403:FB+FR:independent:0.25:0.00:0:greedy_gain,independent,pi_2,0.25,0.0,0.0,0.0,0.0,0.0,True,0.8,0.8
end_to_end,development:403:FB+FR:independent:0.25:0.00:0:end_to_end,independent,pi_2,0.25,0.0,0.0,0.0,0.0,0.0,True,0.8,0.8
oracle,development:403:FB+FR:independent:0.25:0.00:0:oracle,independent,pi_2,0.25,0.0,0.0,0.0,0.0,0.0,True,0.8,0.8
qrtc,development:403:FB+FR:independent:0.25:0.05:0:qrtc,independent,pi_2,0.25,0.05,0.0,0.0,0.0,0.0,True,0.8,0.8
random,development:403:FB+FR:independent:0.25:0.05:0:random,independent,pi_2,0.25,0.05,0.0,0.0,0.0,0.0,True,0.8,0.8
cheapest_first,development:403:FB+FR:independent:0.25:0.05:0:cheapest_first,independent,pi_2,0.25,0.05,0.0,0.0,1.0,1.1,False,-0.3,0.8
highest_stage_posterior,development:403:FB+FR:independent:0.25:0.05:0:highest_stage_posterior,independent,pi_2,0.25,0.05,0.0,0.0,0.0,0.0,True,0.8,0.8
greedy_gain,development:403:FB+FR:independent:0.25:0.05:0:greedy_gain,independent,pi_2,0.25,0.05,0.0,0.0,0.0,0.0,True,0.8,0.8
end_to_end,development:403:FB+FR:independent:0.25:0.05:0:end_to_end,independent,pi_2,0.25,0.05,0.0,0.0,0.0,0.0,True,0.8,0.8
oracle,development:403:FB+FR:independent:0.25:0.05:0:oracle,independent,pi_2,0.25,0.05,0.0,0.0,0.0,0.0,True,0.8,0.8
qrtc,development:403:FB+FR:independent:0.25:0.10:0:qrtc,independent,pi_2,0.25,0.1,0.0,0.0,0.0,0.0,True,0.8,0.8
random,development:403:FB+FR:independent:0.25:0.10:0:random,independent,pi_2,0.25,0.1,0.0,0.0,1.0,1.1,False,-0.3,0.8
cheapest_first,development:403:FB+FR:independent:0.25:0.10:0:cheapest_first,independent,pi_2,0.25,0.1,0.0,0.0,1.0,1.1,False,-0.3,0.8
highest_stage_posterior,development:403:FB+FR:independent:0.25:0.10:0:highest_stage_posterior,independent,pi_2,0.25,0.1,0.0,0.0,0.0,0.0,True,0.8,0.8
greedy_gain,development:403:FB+FR:independent:0.25:0.10:0:greedy_gain,independent,pi_2,0.25,0.1,0.0,0.0,0.0,0.0,True,0.8,0.8
end_to_end,development:403:FB+FR:independent:0.25:0.10:0:end_to_end,independent,pi_2,0.25,0.1,0.0,0.0,0.0,0.0,True,0.8,0.8
oracle,development:403:FB+FR:independent:0.25:0.10:0:oracle,independent,pi_2,0.25,0.1,0.0,0.0,0.0,0.0,True,0.8,0.8
qrtc,development:403:FB+FR:independent:0.25:0.20:0:qrtc,independent,pi_2,0.25,0.2,0.0,0.0,0.0,0.0,True,0.8,0.8
random,development:403:FB+FR:independent:0.25:0.20:0:random,independent,pi_2,0.25,0.2,0.0,0.0,1.0,1.15,False,-0.35,0.8
cheapest_first,development:403:FB+FR:independent:0.25:0.20:0:cheapest_first,independent,pi_2,0.25,0.2,0.0,0.0,1.0,1.1,False,-0.3,0.8
highest_stage_posterior,development:403:FB+FR:independent:0.25:0.20:0:highest_stage_posterior,independent,pi_2,0.25,0.2,0.0,0.0,0.0,0.0,True,0.8,0.8
greedy_gain,development:403:FB+FR:independent:0.25:0.20:0:greedy_gain,independent,pi_2,0.25,0.2,0.0,0.0,0.0,0.0,True,0.8,0.8
end_to_end,development:403:FB+FR:independent:0.25:0.20:0:end_to_end,independent,pi_2,0.25,0.2,0.0,0.0,0.0,0.0,True,0.8,0.8
oracle,development:403:FB+FR:independent:0.25:0.20:0:oracle,independent,pi_2,0.25,0.2,0.0,0.0,0.0,0.0,True,0.8,0.8
qrtc,development:403:FB+FR:independent:0.50:0.00:0:qrtc,independent,pi_2,0.5,0.0,0.0,0.0,0.0,0.0,True,0.8,0.8
random,development:403:FB+FR:independent:0.50:0.00:0:random,independent,pi_2,0.5,0.0,0.0,0.0,0.0,0.0,True,0.8,0.8
cheapest_first,development:403:FB+FR:independent:0.50:0.00:0:cheapest_first,independent,pi_2,0.5,0.0,0.0,0.0,1.0,1.1,False,-0.3,0.8
highest_stage_posterior,development:403:FB+FR:independent:0.50:0.00:0:highest_stage_posterior,independent,pi_2,0.5,0.0,0.0,0.0,0.0,0.0,True,0.8,0.8
greedy_gain,development:403:FB+FR:independent:0.50:0.00:0:greedy_gain,independent,pi_2,0.5,0.0,0.0,0.0,0.0,0.0,True,0.8,0.8
end_to_end,development:403:FB+FR:independent:0.50:0.00:0:end_to_end,independent,pi_2,0.5,0.0,0.0,0.0,0.0,0.0,True,0.8,0.8
oracle,development:403:FB+FR:independent:0.50:0.00:0:oracle,independent,pi_2,0.5,0.0,0.0,0.0,0.0,0.0,True,0.8,0.8
qrtc,development:403:FB+FR:independent:0.50:0.05:0:qrtc,independent,pi_2,0.5,0.05,0.0,0.0,0.0,0.0,True,0.8,0.8
random,development:403:FB+FR:independent:0.50:0.05:0:random,independent,pi_2,0.5,0.05,0.0,0.0,0.0,0.0,True,0.8,0.8
cheapest_first,development:403:FB+FR:independent:0.50:0.05:0:cheapest_first,independent,pi_2,0.5,0.05,0.0,0.0,1.0,1.1,False,-0.3,0.8
highest_stage_posterior,development:403:FB+FR:independent:0.50:0.05:0:highest_stage_posterior,independent,pi_2,0.5,0.05,0.0,0.0,0.0,0.0,True,0.8,0.8
greedy_gain,development:403:FB+FR:independent:0.50:0.05:0:greedy_gain,independent,pi_2,0.5,0.05,0.0,0.0,0.0,0.0,True,0.8,0.8
end_to_end,development:403:FB+FR:independent:0.50:0.05:0:end_to_end,independent,pi_2,0.5,0.05,0.0,0.0,0.0,0.0,True,0.8,0.8
oracle,development:403:FB+FR:independent:0.50:0.05:0:oracle,independent,pi_2,0.5,0.05,0.0,0.0,0.0,0.0,True,0.8,0.8
qrtc,development:403:FB+FR:independent:0.50:0.10:0:qrtc,independent,pi_2,0.5,0.1,0.0,0.0,0.0,0.0,True,0.8,0.8
random,development:403:FB+FR:independent:0.50:0.10:0:random,independent,pi_2,0.5,0.1,0.0,0.0,1.0,1.15,False,-0.35,0.8
cheapest_first,development:403:FB+FR:independent:0.50:0.10:0:cheapest_first,independent,pi_2,0.5,0.1,0.0,0.0,1.0,1.1,False,-0.3,0.8
highest_stage_posterior,development:403:FB+FR:independent:0.50:0.10:0:highest_stage_posterior,independent,pi_2,0.5,0.1,0.0,0.0,0.0,0.0,True,0.8,0.8
greedy_gain,development:403:FB+FR:independent:0.50:0.10:0:greedy_gain,independent,pi_2,0.5,0.1,0.0,0.0,0.0,0.0,True,0.8,0.8
end_to_end,development:403:FB+FR:independent:0.50:0.10:0:end_to_end,independent,pi_2,0.5,0.1,0.0,0.0,0.0,0.0,True,0.8,0.8
oracle,development:403:FB+FR:independent:0.50:0.10:0:oracle,independent,pi_2,0.5,0.1,0.0,0.0,0.0,0.0,True,0.8,0.8
qrtc,development:403:FB+FR:independent:0.50:0.20:0:qrtc,independent,pi_2,0.5,0.2,0.0,0.0,0.0,0.0,True,0.8,0.8
random,development:403:FB+FR:independent:0.50:0.20:0:random,independent,pi_2,0.5,0.2,0.0,0.0,1.0,1.1,False,-0.3,0.8
cheapest_first,development:403:FB+FR:independent:0.50:0.20:0:cheapest_first,independent,pi_2,0.5,0.2,0.0,0.0,1.0,1.1,False,-0.3,0.8
highest_stage_posterior,development:403:FB+FR:independent:0.50:0.20:0:highest_stage_posterior,independent,pi_2,0.5,0.2,0.0,0.0,0.0,0.0,True,0.8,0.8
greedy_gain,development:403:FB+FR:independent:0.50:0.20:0:greedy_gain,independent,pi_2,0.5,0.2,0.0,0.0,0.0,0.0,True,0.8,0.8
end_to_end,development:403:FB+FR:independent:0.50:0.20:0:end_to_end,independent,pi_2,0.5,0.2,0.0,0.0,0.0,0.0,True,0.8,0.8
oracle,development:403:FB+FR:independent:0.50:0.20:0:oracle,independent,pi_2,0.5,0.2,0.0,0.0,0.0,0.0,True,0.8,0.8
qrtc,development:403:FB+FR:independent:0.75:0.00:0:qrtc,independent,pi_2,0.75,0.0,0.0,0.0,0.0,0.0,True,0.8,0.8
random,development:403:FB+FR:independent:0.75:0.00:0:random,independent,pi_2,0.75,0.0,0.0,0.0,0.0,0.0,True,0.8,0.8
cheapest_first,development:403:FB+FR:independent:0.75:0.00:0:cheapest_first,independent,pi_2,0.75,0.0,0.0,0.0,1.0,1.1,False,-0.3,0.8
highest_stage_posterior,development:403:FB+FR:independent:0.75:0.00:0:highest_stage_posterior,independent,pi_2,0.75,0.0,0.0,0.0,0.0,0.0,True,0.8,0.8
greedy_gain,development:403:FB+FR:independent:0.75:0.00:0:greedy_gain,independent,pi_2,0.75,0.0,0.0,0.0,0.0,0.0,True,0.8,0.8
end_to_end,development:403:FB+FR:independent:0.75:0.00:0:end_to_end,independent,pi_2,0.75,0.0,0.0,0.0,0.0,0.0,True,0.8,0.8
oracle,development:403:FB+FR:independent:0.75:0.00:0:oracle,independent,pi_2,0.75,0.0,0.0,0.0,0.0,0.0,True,0.8,0.8
qrtc,development:403:FB+FR:independent:0.75:0.05:0:qrtc,independent,pi_2,0.75,0.05,0.0,0.0,0.0,0.0,True,0.8,0.8
random,development:403:FB+FR:independent:0.75:0.05:0:random,independent,pi_2,0.75,0.05,0.0,0.0,1.0,1.1,False,-0.3,0.8
cheapest_first,development:403:FB+FR:independent:0.75:0.05:0:cheapest_first,independent,pi_2,0.75,0.05,0.0,0.0,1.0,1.1,False,-0.3,0.8
highest_stage_posterior,development:403:FB+FR:independent:0.75:0.05:0:highest_stage_posterior,independent,pi_2,0.75,0.05,0.0,0.0,0.0,0.0,True,0.8,0.8
greedy_gain,development:403:FB+FR:independent:0.75:0.05:0:greedy_gain,independent,pi_2,0.75,0.05,0.0,0.0,0.0,0.0,True,0.8,0.8
end_to_end,development:403:FB+FR:independent:0.75:0.05:0:end_to_end,independent,pi_2,0.75,0.05,0.0,0.0,0.0,0.0,True,0.8,0.8
oracle,development:403:FB+FR:independent:0.75:0.05:0:oracle,independent,pi_2,0.75,0.05,0.0,0.0,0.0,0.0,True,0.8,0.8
qrtc,development:403:FB+FR:independent:0.75:0.10:0:qrtc,independent,pi_2,0.75,0.1,0.0,0.0,0.0,0.0,True,0.8,0.8
random,development:403:FB+FR:independent:0.75:0.10:0:random,independent,pi_2,0.75,0.1,0.0,0.0,1.0,1.1,False,-0.3,0.8
cheapest_first,development:403:FB+FR:independent:0.75:0.10:0:cheapest_first,independent,pi_2,0.75,0.1,0.0,0.0,1.0,1.1,False,-0.3,0.8
highest_stage_posterior,development:403:FB+FR:independent:0.75:0.10:0:highest_stage_posterior,independent,pi_2,0.75,0.1,0.0,0.0,0.0,0.0,True,0.8,0.8
greedy_gain,development:403:FB+FR:independent:0.75:0.10:0:greedy_gain,independent,pi_2,0.75,0.1,0.0,0.0,0.0,0.0,True,0.8,0.8
end_to_end,development:403:FB+FR:independent:0.75:0.10:0:end_to_end,independent,pi_2,0.75,0.1,0.0,0.0,0.0,0.0,True,0.8,0.8
oracle,development:403:FB+FR:independent:0.75:0.10:0:oracle,independent,pi_2,0.75,0.1,0.0,0.0,0.0,0.0,True,0.8,0.8
qrtc,development:403:FB+FR:independent:0.75:0.20:0:qrtc,independent,pi_2,0.75,0.2,0.0,0.0,0.0,0.0,True,0.8,0.8
random,development:403:FB+FR:independent:0.75:0.20:0:random,independent,pi_2,0.75,0.2,0.0,0.0,1.0,1.3,False,-0.5,0.8
cheapest_first,development:403:FB+FR:independent:0.75:0.20:0:cheapest_first,independent,pi_2,0.75,0.2,0.0,0.0,1.0,1.1,False,-0.3,0.8
highest_stage_posterior,development:403:FB+FR:independent:0.75:0.20:0:highest_stage_posterior,independent,pi_2,0.75,0.2,0.0,0.0,0.0,0.0,True,0.8,0.8
greedy_gain,development:403:FB+FR:independent:0.75:0.20:0:greedy_gain,independent,pi_2,0.75,0.2,0.0,0.0,0.0,0.0,True,0.8,0.8
end_to_end,development:403:FB+FR:independent:0.75:0.20:0:end_to_end,independent,pi_2,0.75,0.2,0.0,0.0,0.0,0.0,True,0.8,0.8
oracle,development:403:FB+FR:independent:0.75:0.20:0:oracle,independent,pi_2,0.75,0.2,0.0,0.0,0.0,0.0,True,0.8,0.8
qrtc,development:403:FB+FR:independent:1.00:0.00:0:qrtc,independent,pi_2,1.0,0.0,0.0,0.0,0.0,0.0,True,0.8,0.8
random,development:403:FB+FR:independent:1.00:0.00:0:random,independent,pi_2,1.0,0.0,0.0,0.0,0.0,0.0,True,0.8,0.8
cheapest_first,development:403:FB+FR:independent:1.00:0.00:0:cheapest_first,independent,pi_2,1.0,0.0,0.0,0.0,1.0,1.1,False,-0.3,0.8
highest_stage_posterior,development:403:FB+FR:independent:1.00:0.00:0:highest_stage_posterior,independent,pi_2,1.0,0.0,0.0,0.0,0.0,0.0,True,0.8,0.8
greedy_gain,development:403:FB+FR:independent:1.00:0.00:0:greedy_gain,independent,pi_2,1.0,0.0,0.0,0.0,0.0,0.0,True,0.8,0.8
end_to_end,development:403:FB+FR:independent:1.00:0.00:0:end_to_end,independent,pi_2,1.0,0.0,0.0,0.0,0.0,0.0,True,0.8,0.8
oracle,development:403:FB+FR:independent:1.00:0.00:0:oracle,independent,pi_2,1.0,0.0,0.0,0.0,0.0,0.0,True,0.8,0.8
qrtc,development:403:FB+FR:independent:1.00:0.05:0:qrtc,independent,pi_2,1.0,0.05,0.0,0.0,0.0,0.0,True,0.8,0.8
random,development:403:FB+FR:independent:1.00:0.05:0:random,independent,pi_2,1.0,0.05,0.0,0.0,1.0,1.15,False,-0.35,0.8
cheapest_first,development:403:FB+FR:independent:1.00:0.05:0:cheapest_first,independent,pi_2,1.0,0.05,0.0,0.0,1.0,1.1,False,-0.3,0.8
highest_stage_posterior,development:403:FB+FR:independent:1.00:0.05:0:highest_stage_posterior,independent,pi_2,1.0,0.05,0.0,0.0,0.0,0.0,True,0.8,0.8
greedy_gain,development:403:FB+FR:independent:1.00:0.05:0:greedy_gain,independent,pi_2,1.0,0.05,0.0,0.0,0.0,0.0,True,0.8,0.8
end_to_end,development:403:FB+FR:independent:1.00:0.05:0:end_to_end,independent,pi_2,1.0,0.05,0.0,0.0,0.0,0.0,True,0.8,0.8
oracle,development:403:FB+FR:independent:1.00:0.05:0:oracle,independent,pi_2,1.0,0.05,0.0,0.0,0.0,0.0,True,0.8,0.8
qrtc,development:403:FB+FR:independent:1.00:0.10:0:qrtc,independent,pi_2,1.0,0.1,0.0,0.0,0.0,0.0,True,0.8,0.8
random,development:403:FB+FR:independent:1.00:0.10:0:random,independent,pi_2,1.0,0.1,0.0,0.0,0.0,0.0,True,0.8,0.8
cheapest_first,development:403:FB+FR:independent:1.00:0.10:0:cheapest_first,independent,pi_2,1.0,0.1,0.0,0.0,1.0,1.1,False,-0.3,0.8
highest_stage_posterior,development:403:FB+FR:independent:1.00:0.10:0:highest_stage_posterior,independent,pi_2,1.0,0.1,0.0,0.0,0.0,0.0,True,0.8,0.8
greedy_gain,development:403:FB+FR:independent:1.00:0.10:0:greedy_gain,independent,pi_2,1.0,0.1,0.0,0.0,0.0,0.0,True,0.8,0.8
end_to_end,development:403:FB+FR:independent:1.00:0.10:0:end_to_end,independent,pi_2,1.0,0.1,0.0,0.0,0.0,0.0,True,0.8,0.8
oracle,development:403:FB+FR:independent:1.00:0.10:0:oracle,independent,pi_2,1.0,0.1,0.0,0.0,0.0,0.0,True,0.8,0.8
qrtc,development:403:FB+FR:independent:1.00:0.20:0:qrtc,independent,pi_2,1.0,0.2,0.0,0.0,0.0,0.0,True,0.8,0.8
random,development:403:FB+FR:independent:1.00:0.20:0:random,independent,pi_2,1.0,0.2,0.0,0.0,1.0,1.3,False,-0.5,0.8
cheapest_first,development:403:FB+FR:independent:1.00:0.20:0:cheapest_first,independent,pi_2,1.0,0.2,0.0,0.0,1.0,1.1,False,-0.3,0.8
highest_stage_posterior,development:403:FB+FR:independent:1.00:0.20:0:highest_stage_posterior,independent,pi_2,1.0,0.2,0.0,0.0,0.0,0.0,True,0.8,0.8
greedy_gain,development:403:FB+FR:independent:1.00:0.20:0:greedy_gain,independent,pi_2,1.0,0.2,0.0,0.0,0.0,0.0,True,0.8,0.8
end_to_end,development:403:FB+FR:independent:1.00:0.20:0:end_to_end,independent,pi_2,1.0,0.2,0.0,0.0,0.0,0.0,True,0.8,0.8
oracle,development:403:FB+FR:independent:1.00:0.20:0:oracle,independent,pi_2,1.0,0.2,0.0,0.0,0.0,0.0,True,0.8,0.8
qrtc,development:403:FB+FR:synergistic:0.25:0.00:0:qrtc,synergistic,pi_2,0.25,0.0,0.0,0.0,0.0,0.0,True,0.8,0.8
random,development:403:FB+FR:synergistic:0.25:0.00:0:random,synergistic,pi_2,0.25,0.0,0.0,0.0,0.0,0.0,True,0.8,0.8
cheapest_first,development:403:FB+FR:synergistic:0.25:0.00:0:cheapest_first,synergistic,pi_2,0.25,0.0,0.0,0.0,1.0,1.1,False,-0.3,0.8
highest_stage_posterior,development:403:FB+FR:synergistic:0.25:0.00:0:highest_stage_posterior,synergistic,pi_2,0.25,0.0,0.0,0.0,0.0,0.0,True,0.8,0.8
greedy_gain,development:403:FB+FR:synergistic:0.25:0.00:0:greedy_gain,synergistic,pi_2,0.25,0.0,0.0,0.0,0.0,0.0,True,0.8,0.8
end_to_end,development:403:FB+FR:synergistic:0.25:0.00:0:end_to_end,synergistic,pi_2,0.25,0.0,0.0,0.0,0.0,0.0,True,0.8,0.8
oracle,development:403:FB+FR:synergistic:0.25:0.00:0:oracle,synergistic,pi_2,0.25,0.0,0.0,0.0,0.0,0.0,True,0.8,0.8
qrtc,development:403:FB+FR:synergistic:0.25:0.05:0:qrtc,synergistic,pi_2,0.25,0.05,0.0,0.0,0.0,0.0,True,0.8,0.8
random,development:403:FB+FR:synergistic:0.25:0.05:0:random,synergistic,pi_2,0.25,0.05,0.0,0.0,0.0,0.0,True,0.8,0.8
cheapest_first,development:403:FB+FR:synergistic:0.25:0.05:0:cheapest_first,synergistic,pi_2,0.25,0.05,0.0,0.0,1.0,1.1,False,-0.3,0.8
highest_stage_posterior,development:403:FB+FR:synergistic:0.25:0.05:0:highest_stage_posterior,synergistic,pi_2,0.25,0.05,0.0,0.0,0.0,0.0,True,0.8,0.8
greedy_gain,development:403:FB+FR:synergistic:0.25:0.05:0:greedy_gain,synergistic,pi_2,0.25,0.05,0.0,0.0,0.0,0.0,True,0.8,0.8
end_to_end,development:403:FB+FR:synergistic:0.25:0.05:0:end_to_end,synergistic,pi_2,0.25,0.05,0.0,0.0,0.0,0.0,True,0.8,0.8
oracle,development:403:FB+FR:synergistic:0.25:0.05:0:oracle,synergistic,pi_2,0.25,0.05,0.0,0.0,0.0,0.0,True,0.8,0.8
qrtc,development:403:FB+FR:synergistic:0.25:0.10:0:qrtc,synergistic,pi_2,0.25,0.1,0.0,0.0,0.0,0.0,True,0.8,0.8
random,development:403:FB+FR:synergistic:0.25:0.10:0:random,synergistic,pi_2,0.25,0.1,0.0,0.0,1.0,1.1,False,-0.3,0.8
cheapest_first,development:403:FB+FR:synergistic:0.25:0.10:0:cheapest_first,synergistic,pi_2,0.25,0.1,0.0,0.0,1.0,1.1,False,-0.3,0.8
highest_stage_posterior,development:403:FB+FR:synergistic:0.25:0.10:0:highest_stage_posterior,synergistic,pi_2,0.25,0.1,0.0,0.0,0.0,0.0,True,0.8,0.8
greedy_gain,development:403:FB+FR:synergistic:0.25:0.10:0:greedy_gain,synergistic,pi_2,0.25,0.1,0.0,0.0,0.0,0.0,True,0.8,0.8
end_to_end,development:403:FB+FR:synergistic:0.25:0.10:0:end_to_end,synergistic,pi_2,0.25,0.1,0.0,0.0,0.0,0.0,True,0.8,0.8
oracle,development:403:FB+FR:synergistic:0.25:0.10:0:oracle,synergistic,pi_2,0.25,0.1,0.0,0.0,0.0,0.0,True,0.8,0.8
qrtc,development:403:FB+FR:synergistic:0.25:0.20:0:qrtc,synergistic,pi_2,0.25,0.2,0.0,0.0,0.0,0.0,True,0.8,0.8
random,development:403:FB+FR:synergistic:0.25:0.20:0:random,synergistic,pi_2,0.25,0.2,0.0,0.0,1.0,1.15,False,-0.35,0.8
cheapest_first,development:403:FB+FR:synergistic:0.25:0.20:0:cheapest_first,synergistic,pi_2,0.25,0.2,0.0,0.0,1.0,1.1,False,-0.3,0.8
highest_stage_posterior,development:403:FB+FR:synergistic:0.25:0.20:0:highest_stage_posterior,synergistic,pi_2,0.25,0.2,0.0,0.0,0.0,0.0,True,0.8,0.8
greedy_gain,development:403:FB+FR:synergistic:0.25:0.20:0:greedy_gain,synergistic,pi_2,0.25,0.2,0.0,0.0,0.0,0.0,True,0.8,0.8
end_to_end,development:403:FB+FR:synergistic:0.25:0.20:0:end_to_end,synergistic,pi_2,0.25,0.2,0.0,0.0,0.0,0.0,True,0.8,0.8
oracle,development:403:FB+FR:synergistic:0.25:0.20:0:oracle,synergistic,pi_2,0.25,0.2,0.0,0.0,0.0,0.0,True,0.8,0.8
qrtc,development:403:FB+FR:synergistic:0.50:0.00:0:qrtc,synergistic,pi_2,0.5,0.0,0.0,0.0,0.0,0.0,True,0.8,0.8
random,development:403:FB+FR:synergistic:0.50:0.00:0:random,synergistic,pi_2,0.5,0.0,0.0,0.0,0.0,0.0,True,0.8,0.8
cheapest_first,development:403:FB+FR:synergistic:0.50:0.00:0:cheapest_first,synergistic,pi_2,0.5,0.0,0.0,0.0,1.0,1.1,False,-0.3,0.8
highest_stage_posterior,development:403:FB+FR:synergistic:0.50:0.00:0:highest_stage_posterior,synergistic,pi_2,0.5,0.0,0.0,0.0,0.0,0.0,True,0.8,0.8
greedy_gain,development:403:FB+FR:synergistic:0.50:0.00:0:greedy_gain,synergistic,pi_2,0.5,0.0,0.0,0.0,0.0,0.0,True,0.8,0.8
end_to_end,development:403:FB+FR:synergistic:0.50:0.00:0:end_to_end,synergistic,pi_2,0.5,0.0,0.0,0.0,0.0,0.0,True,0.8,0.8
oracle,development:403:FB+FR:synergistic:0.50:0.00:0:oracle,synergistic,pi_2,0.5,0.0,0.0,0.0,0.0,0.0,True,0.8,0.8
qrtc,development:403:FB+FR:synergistic:0.50:0.05:0:qrtc,synergistic,pi_2,0.5,0.05,0.0,0.0,0.0,0.0,True,0.8,0.8
random,development:403:FB+FR:synergistic:0.50:0.05:0:random,synergistic,pi_2,0.5,0.05,0.0,0.0,0.0,0.0,True,0.8,0.8
cheapest_first,development:403:FB+FR:synergistic:0.50:0.05:0:cheapest_first,synergistic,pi_2,0.5,0.05,0.0,0.0,1.0,1.1,False,-0.3,0.8
highest_stage_posterior,development:403:FB+FR:synergistic:0.50:0.05:0:highest_stage_posterior,synergistic,pi_2,0.5,0.05,0.0,0.0,0.0,0.0,True,0.8,0.8
greedy_gain,development:403:FB+FR:synergistic:0.50:0.05:0:greedy_gain,synergistic,pi_2,0.5,0.05,0.0,0.0,0.0,0.0,True,0.8,0.8
end_to_end,development:403:FB+FR:synergistic:0.50:0.05:0:end_to_end,synergistic,pi_2,0.5,0.05,0.0,0.0,0.0,0.0,True,0.8,0.8
oracle,development:403:FB+FR:synergistic:0.50:0.05:0:oracle,synergistic,pi_2,0.5,0.05,0.0,0.0,0.0,0.0,True,0.8,0.8
qrtc,development:403:FB+FR:synergistic:0.50:0.10:0:qrtc,synergistic,pi_2,0.5,0.1,0.0,0.0,0.0,0.0,True,0.8,0.8
random,development:403:FB+FR:synergistic:0.50:0.10:0:random,synergistic,pi_2,0.5,0.1,0.0,0.0,1.0,1.15,False,-0.35,0.8
cheapest_first,development:403:FB+FR:synergistic:0.50:0.10:0:cheapest_first,synergistic,pi_2,0.5,0.1,0.0,0.0,1.0,1.1,False,-0.3,0.8
highest_stage_posterior,development:403:FB+FR:synergistic:0.50:0.10:0:highest_stage_posterior,synergistic,pi_2,0.5,0.1,0.0,0.0,0.0,0.0,True,0.8,0.8
greedy_gain,development:403:FB+FR:synergistic:0.50:0.10:0:greedy_gain,synergistic,pi_2,0.5,0.1,0.0,0.0,0.0,0.0,True,0.8,0.8
end_to_end,development:403:FB+FR:synergistic:0.50:0.10:0:end_to_end,synergistic,pi_2,0.5,0.1,0.0,0.0,0.0,0.0,True,0.8,0.8
oracle,development:403:FB+FR:synergistic:0.50:0.10:0:oracle,synergistic,pi_2,0.5,0.1,0.0,0.0,0.0,0.0,True,0.8,0.8
qrtc,development:403:FB+FR:synergistic:0.50:0.20:0:qrtc,synergistic,pi_2,0.5,0.2,0.0,0.0,0.0,0.0,True,0.8,0.8
random,development:403:FB+FR:synergistic:0.50:0.20:0:random,synergistic,pi_2,0.5,0.2,0.0,0.0,1.0,1.1,False,-0.3,0.8
cheapest_first,development:403:FB+FR:synergistic:0.50:0.20:0:cheapest_first,synergistic,pi_2,0.5,0.2,0.0,0.0,1.0,1.1,False,-0.3,0.8
highest_stage_posterior,development:403:FB+FR:synergistic:0.50:0.20:0:highest_stage_posterior,synergistic,pi_2,0.5,0.2,0.0,0.0,0.0,0.0,True,0.8,0.8
greedy_gain,development:403:FB+FR:synergistic:0.50:0.20:0:greedy_gain,synergistic,pi_2,0.5,0.2,0.0,0.0,0.0,0.0,True,0.8,0.8
end_to_end,development:403:FB+FR:synergistic:0.50:0.20:0:end_to_end,synergistic,pi_2,0.5,0.2,0.0,0.0,0.0,0.0,True,0.8,0.8
oracle,development:403:FB+FR:synergistic:0.50:0.20:0:oracle,synergistic,pi_2,0.5,0.2,0.0,0.0,0.0,0.0,True,0.8,0.8
qrtc,development:403:FB+FR:synergistic:0.75:0.00:0:qrtc,synergistic,pi_2,0.75,0.0,0.0,0.0,0.0,0.0,True,0.8,0.8
random,development:403:FB+FR:synergistic:0.75:0.00:0:random,synergistic,pi_2,0.75,0.0,0.0,0.0,0.0,0.0,True,0.8,0.8
cheapest_first,development:403:FB+FR:synergistic:0.75:0.00:0:cheapest_first,synergistic,pi_2,0.75,0.0,0.0,0.0,1.0,1.1,False,-0.3,0.8
highest_stage_posterior,development:403:FB+FR:synergistic:0.75:0.00:0:highest_stage_posterior,synergistic,pi_2,0.75,0.0,0.0,0.0,0.0,0.0,True,0.8,0.8
greedy_gain,development:403:FB+FR:synergistic:0.75:0.00:0:greedy_gain,synergistic,pi_2,0.75,0.0,0.0,0.0,0.0,0.0,True,0.8,0.8
end_to_end,development:403:FB+FR:synergistic:0.75:0.00:0:end_to_end,synergistic,pi_2,0.75,0.0,0.0,0.0,0.0,0.0,True,0.8,0.8
oracle,development:403:FB+FR:synergistic:0.75:0.00:0:oracle,synergistic,pi_2,0.75,0.0,0.0,0.0,0.0,0.0,True,0.8,0.8
qrtc,development:403:FB+FR:synergistic:0.75:0.05:0:qrtc,synergistic,pi_2,0.75,0.05,0.0,0.0,0.0,0.0,True,0.8,0.8
random,development:403:FB+FR:synergistic:0.75:0.05:0:random,synergistic,pi_2,0.75,0.05,0.0,0.0,1.0,1.1,False,-0.3,0.8
cheapest_first,development:403:FB+FR:synergistic:0.75:0.05:0:cheapest_first,synergistic,pi_2,0.75,0.05,0.0,0.0,1.0,1.1,False,-0.3,0.8
highest_stage_posterior,development:403:FB+FR:synergistic:0.75:0.05:0:highest_stage_posterior,synergistic,pi_2,0.75,0.05,0.0,0.0,0.0,0.0,True,0.8,0.8
greedy_gain,development:403:FB+FR:synergistic:0.75:0.05:0:greedy_gain,synergistic,pi_2,0.75,0.05,0.0,0.0,0.0,0.0,True,0.8,0.8
end_to_end,development:403:FB+FR:synergistic:0.75:0.05:0:end_to_end,synergistic,pi_2,0.75,0.05,0.0,0.0,0.0,0.0,True,0.8,0.8
oracle,development:403:FB+FR:synergistic:0.75:0.05:0:oracle,synergistic,pi_2,0.75,0.05,0.0,0.0,0.0,0.0,True,0.8,0.8
qrtc,development:403:FB+FR:synergistic:0.75:0.10:0:qrtc,synergistic,pi_2,0.75,0.1,0.0,0.0,0.0,0.0,True,0.8,0.8
random,development:403:FB+FR:synergistic:0.75:0.10:0:random,synergistic,pi_2,0.75,0.1,0.0,0.0,1.0,1.1,False,-0.3,0.8
cheapest_first,development:403:FB+FR:synergistic:0.75:0.10:0:cheapest_first,synergistic,pi_2,0.75,0.1,0.0,0.0,1.0,1.1,False,-0.3,0.8
highest_stage_posterior,development:403:FB+FR:synergistic:0.75:0.10:0:highest_stage_posterior,synergistic,pi_2,0.75,0.1,0.0,0.0,0.0,0.0,True,0.8,0.8
greedy_gain,development:403:FB+FR:synergistic:0.75:0.10:0:greedy_gain,synergistic,pi_2,0.75,0.1,0.0,0.0,0.0,0.0,True,0.8,0.8
end_to_end,development:403:FB+FR:synergistic:0.75:0.10:0:end_to_end,synergistic,pi_2,0.75,0.1,0.0,0.0,0.0,0.0,True,0.8,0.8
oracle,development:403:FB+FR:synergistic:0.75:0.10:0:oracle,synergistic,pi_2,0.75,0.1,0.0,0.0,0.0,0.0,True,0.8,0.8
qrtc,development:403:FB+FR:synergistic:0.75:0.20:0:qrtc,synergistic,pi_2,0.75,0.2,0.0,0.0,0.0,0.0,True,0.8,0.8
random,development:403:FB+FR:synergistic:0.75:0.20:0:random,synergistic,pi_2,0.75,0.2,0.0,0.0,1.0,1.3,False,-0.5,0.8
cheapest_first,development:403:FB+FR:synergistic:0.75:0.20:0:cheapest_first,synergistic,pi_2,0.75,0.2,0.0,0.0,1.0,1.1,False,-0.3,0.8
highest_stage_posterior,development:403:FB+FR:synergistic:0.75:0.20:0:highest_stage_posterior,synergistic,pi_2,0.75,0.2,0.0,0.0,0.0,0.0,True,0.8,0.8
greedy_gain,development:403:FB+FR:synergistic:0.75:0.20:0:greedy_gain,synergistic,pi_2,0.75,0.2,0.0,0.0,0.0,0.0,True,0.8,0.8
end_to_end,development:403:FB+FR:synergistic:0.75:0.20:0:end_to_end,synergistic,pi_2,0.75,0.2,0.0,0.0,0.0,0.0,True,0.8,0.8
oracle,development:403:FB+FR:synergistic:0.75:0.20:0:oracle,synergistic,pi_2,0.75,0.2,0.0,0.0,0.0,0.0,True,0.8,0.8
qrtc,development:403:FB+FR:synergistic:1.00:0.00:0:qrtc,synergistic,pi_2,1.0,0.0,0.0,0.0,0.0,0.0,True,0.8,0.8
random,development:403:FB+FR:synergistic:1.00:0.00:0:random,synergistic,pi_2,1.0,0.0,0.0,0.0,0.0,0.0,True,0.8,0.8
cheapest_first,development:403:FB+FR:synergistic:1.00:0.00:0:cheapest_first,synergistic,pi_2,1.0,0.0,0.0,0.0,1.0,1.1,False,-0.3,0.8
highest_stage_posterior,development:403:FB+FR:synergistic:1.00:0.00:0:highest_stage_posterior,synergistic,pi_2,1.0,0.0,0.0,0.0,0.0,0.0,True,0.8,0.8
greedy_gain,development:403:FB+FR:synergistic:1.00:0.00:0:greedy_gain,synergistic,pi_2,1.0,0.0,0.0,0.0,0.0,0.0,True,0.8,0.8
end_to_end,development:403:FB+FR:synergistic:1.00:0.00:0:end_to_end,synergistic,pi_2,1.0,0.0,0.0,0.0,0.0,0.0,True,0.8,0.8
oracle,development:403:FB+FR:synergistic:1.00:0.00:0:oracle,synergistic,pi_2,1.0,0.0,0.0,0.0,0.0,0.0,True,0.8,0.8
qrtc,development:403:FB+FR:synergistic:1.00:0.05:0:qrtc,synergistic,pi_2,1.0,0.05,0.0,0.0,0.0,0.0,True,0.8,0.8
random,development:403:FB+FR:synergistic:1.00:0.05:0:random,synergistic,pi_2,1.0,0.05,0.0,0.0,1.0,1.15,False,-0.35,0.8
cheapest_first,development:403:FB+FR:synergistic:1.00:0.05:0:cheapest_first,synergistic,pi_2,1.0,0.05,0.0,0.0,1.0,1.1,False,-0.3,0.8
highest_stage_posterior,development:403:FB+FR:synergistic:1.00:0.05:0:highest_stage_posterior,synergistic,pi_2,1.0,0.05,0.0,0.0,0.0,0.0,True,0.8,0.8
greedy_gain,development:403:FB+FR:synergistic:1.00:0.05:0:greedy_gain,synergistic,pi_2,1.0,0.05,0.0,0.0,0.0,0.0,True,0.8,0.8
end_to_end,development:403:FB+FR:synergistic:1.00:0.05:0:end_to_end,synergistic,pi_2,1.0,0.05,0.0,0.0,0.0,0.0,True,0.8,0.8
oracle,development:403:FB+FR:synergistic:1.00:0.05:0:oracle,synergistic,pi_2,1.0,0.05,0.0,0.0,0.0,0.0,True,0.8,0.8
qrtc,development:403:FB+FR:synergistic:1.00:0.10:0:qrtc,synergistic,pi_2,1.0,0.1,0.0,0.0,0.0,0.0,True,0.8,0.8
random,development:403:FB+FR:synergistic:1.00:0.10:0:random,synergistic,pi_2,1.0,0.1,0.0,0.0,0.0,0.0,True,0.8,0.8
cheapest_first,development:403:FB+FR:synergistic:1.00:0.10:0:cheapest_first,synergistic,pi_2,1.0,0.1,0.0,0.0,1.0,1.1,False,-0.3,0.8
highest_stage_posterior,development:403:FB+FR:synergistic:1.00:0.10:0:highest_stage_posterior,synergistic,pi_2,1.0,0.1,0.0,0.0,0.0,0.0,True,0.8,0.8
greedy_gain,development:403:FB+FR:synergistic:1.00:0.10:0:greedy_gain,synergistic,pi_2,1.0,0.1,0.0,0.0,0.0,0.0,True,0.8,0.8
end_to_end,development:403:FB+FR:synergistic:1.00:0.10:0:end_to_end,synergistic,pi_2,1.0,0.1,0.0,0.0,0.0,0.0,True,0.8,0.8
oracle,development:403:FB+FR:synergistic:1.00:0.10:0:oracle,synergistic,pi_2,1.0,0.1,0.0,0.0,0.0,0.0,True,0.8,0.8
qrtc,development:403:FB+FR:synergistic:1.00:0.20:0:qrtc,synergistic,pi_2,1.0,0.2,0.0,0.0,0.0,0.0,True,0.8,0.8
random,development:403:FB+FR:synergistic:1.00:0.20:0:random,synergistic,pi_2,1.0,0.2,0.0,0.0,1.0,1.3,False,-0.5,0.8
cheapest_first,development:403:FB+FR:synergistic:1.00:0.20:0:cheapest_first,synergistic,pi_2,1.0,0.2,0.0,0.0,1.0,1.1,False,-0.3,0.8
highest_stage_posterior,development:403:FB+FR:synergistic:1.00:0.20:0:highest_stage_posterior,synergistic,pi_2,1.0,0.2,0.0,0.0,0.0,0.0,True,0.8,0.8
greedy_gain,development:403:FB+FR:synergistic:1.00:0.20:0:greedy_gain,synergistic,pi_2,1.0,0.2,0.0,0.0,0.0,0.0,True,0.8,0.8
end_to_end,development:403:FB+FR:synergistic:1.00:0.20:0:end_to_end,synergistic,pi_2,1.0,0.2,0.0,0.0,0.0,0.0,True,0.8,0.8
oracle,development:403:FB+FR:synergistic:1.00:0.20:0:oracle,synergistic,pi_2,1.0,0.2,0.0,0.0,0.0,0.0,True,0.8,0.8
